USE [master]
GO
/****** Object:  Database [demo_OnlineLearning]******/
CREATE DATABASE [demo_OnlineLearning]
 
USE [demo_OnlineLearning]
GO
/****** Object:  Table [dbo].[Account]******/
SET ANSI_NULLS ON
GO
SET QUOTED_IDENTIFIER ON
GO
CREATE TABLE [dbo].[Account](
	[username] [varchar](150) NOT NULL,
	[password] [varchar](150) NOT NULL,
	[classify_account] [varchar](50) NOT NULL,
 CONSTRAINT [PK_Account] PRIMARY KEY CLUSTERED 
(
	[username] ASC
)WITH (PAD_INDEX = OFF, STATISTICS_NORECOMPUTE = OFF, IGNORE_DUP_KEY = OFF, ALLOW_ROW_LOCKS = ON, ALLOW_PAGE_LOCKS = ON, OPTIMIZE_FOR_SEQUENTIAL_KEY = OFF) ON [PRIMARY]
) ON [PRIMARY]
GO
/****** Object:  Table [dbo].[AnsImg]******/
SET ANSI_NULLS ON
GO
SET QUOTED_IDENTIFIER ON
GO
CREATE TABLE [dbo].[AnsImg](
	[ans_img_id] [int] IDENTITY(1,1) NOT NULL,
	[ans_img_name] [varchar](150) NULL,
	[ans_img_url] [varchar](max) NULL,
 CONSTRAINT [PK_AnsImg] PRIMARY KEY CLUSTERED 
(
	[ans_img_id] ASC
)WITH (PAD_INDEX = OFF, STATISTICS_NORECOMPUTE = OFF, IGNORE_DUP_KEY = OFF, ALLOW_ROW_LOCKS = ON, ALLOW_PAGE_LOCKS = ON, OPTIMIZE_FOR_SEQUENTIAL_KEY = OFF) ON [PRIMARY]
) ON [PRIMARY] TEXTIMAGE_ON [PRIMARY]
GO
/****** Object:  Table [dbo].[Audio]******/
SET ANSI_NULLS ON
GO
SET QUOTED_IDENTIFIER ON
GO
CREATE TABLE [dbo].[Audio](
	[audio_id] [int] IDENTITY(1,1) NOT NULL,
	[audio_name] [varchar](150) NOT NULL,
	[audio_url] [nvarchar](max) NOT NULL,
 CONSTRAINT [PK_Audio] PRIMARY KEY CLUSTERED 
(
	[audio_id] ASC
)WITH (PAD_INDEX = OFF, STATISTICS_NORECOMPUTE = OFF, IGNORE_DUP_KEY = OFF, ALLOW_ROW_LOCKS = ON, ALLOW_PAGE_LOCKS = ON, OPTIMIZE_FOR_SEQUENTIAL_KEY = OFF) ON [PRIMARY]
) ON [PRIMARY] TEXTIMAGE_ON [PRIMARY]
GO
/****** Object:  Table [dbo].[Class]******/
SET ANSI_NULLS ON
GO
SET QUOTED_IDENTIFIER ON
GO
CREATE TABLE [dbo].[Class](
	[class_id] [int] IDENTITY(1,1) NOT NULL,
	[class_name] [nvarchar](150) NOT NULL,
 CONSTRAINT [PK_Class] PRIMARY KEY CLUSTERED 
(
	[class_id] ASC
)WITH (PAD_INDEX = OFF, STATISTICS_NORECOMPUTE = OFF, IGNORE_DUP_KEY = OFF, ALLOW_ROW_LOCKS = ON, ALLOW_PAGE_LOCKS = ON, OPTIMIZE_FOR_SEQUENTIAL_KEY = OFF) ON [PRIMARY]
) ON [PRIMARY]
GO
/****** Object:  Table [dbo].[Comment]******/
SET ANSI_NULLS ON
GO
SET QUOTED_IDENTIFIER ON
GO
CREATE TABLE [dbo].[Comment](
	[comment_id] [int] IDENTITY(1,1) NOT NULL,
	[comment_title] [varchar](150) NOT NULL,
	[username] [varchar](150) NOT NULL,
 CONSTRAINT [PK_Comment] PRIMARY KEY CLUSTERED 
(
	[comment_id] ASC
)WITH (PAD_INDEX = OFF, STATISTICS_NORECOMPUTE = OFF, IGNORE_DUP_KEY = OFF, ALLOW_ROW_LOCKS = ON, ALLOW_PAGE_LOCKS = ON, OPTIMIZE_FOR_SEQUENTIAL_KEY = OFF) ON [PRIMARY]
) ON [PRIMARY]
GO
/****** Object:  Table [dbo].[Content]******/
SET ANSI_NULLS ON
GO
SET QUOTED_IDENTIFIER ON
GO
CREATE TABLE [dbo].[Content](
	[content_id] [int] IDENTITY(1,1) NOT NULL,
	[reading_content] [nvarchar](max) NOT NULL,
 CONSTRAINT [PK_Reading] PRIMARY KEY CLUSTERED 
(
	[content_id] ASC
)WITH (PAD_INDEX = OFF, STATISTICS_NORECOMPUTE = OFF, IGNORE_DUP_KEY = OFF, ALLOW_ROW_LOCKS = ON, ALLOW_PAGE_LOCKS = ON, OPTIMIZE_FOR_SEQUENTIAL_KEY = OFF) ON [PRIMARY]
) ON [PRIMARY] TEXTIMAGE_ON [PRIMARY]
GO
/****** Object:  Table [dbo].[Course]******/
SET ANSI_NULLS ON
GO
SET QUOTED_IDENTIFIER ON
GO
CREATE TABLE [dbo].[Course](
	[course_id] [int] IDENTITY(1,1) NOT NULL,
	[course_name] [nvarchar](150) NOT NULL,
	[class_id] [int] NULL,
 CONSTRAINT [PK_Course] PRIMARY KEY CLUSTERED 
(
	[course_id] ASC
)WITH (PAD_INDEX = OFF, STATISTICS_NORECOMPUTE = OFF, IGNORE_DUP_KEY = OFF, ALLOW_ROW_LOCKS = ON, ALLOW_PAGE_LOCKS = ON, OPTIMIZE_FOR_SEQUENTIAL_KEY = OFF) ON [PRIMARY]
) ON [PRIMARY]
GO
/****** Object:  Table [dbo].[Feature]******/
SET ANSI_NULLS ON
GO
SET QUOTED_IDENTIFIER ON
GO
CREATE TABLE [dbo].[Feature](
	[fe_id] [int] IDENTITY(1,1) NOT NULL,
	[fe_name] [varchar](150) NOT NULL,
	[url] [varchar](max) NOT NULL,
 CONSTRAINT [PK_Feature] PRIMARY KEY CLUSTERED 
(
	[fe_id] ASC
)WITH (PAD_INDEX = OFF, STATISTICS_NORECOMPUTE = OFF, IGNORE_DUP_KEY = OFF, ALLOW_ROW_LOCKS = ON, ALLOW_PAGE_LOCKS = ON, OPTIMIZE_FOR_SEQUENTIAL_KEY = OFF) ON [PRIMARY]
) ON [PRIMARY] TEXTIMAGE_ON [PRIMARY]
GO
/****** Object:  Table [dbo].[Img]******/
SET ANSI_NULLS ON
GO
SET QUOTED_IDENTIFIER ON
GO
CREATE TABLE [dbo].[Img](
	[img_id] [int] IDENTITY(1,1) NOT NULL,
	[img_name] [varchar](150) NULL,
	[img_url] [varchar](max) NULL,
 CONSTRAINT [PK_Img] PRIMARY KEY CLUSTERED 
(
	[img_id] ASC
)WITH (PAD_INDEX = OFF, STATISTICS_NORECOMPUTE = OFF, IGNORE_DUP_KEY = OFF, ALLOW_ROW_LOCKS = ON, ALLOW_PAGE_LOCKS = ON, OPTIMIZE_FOR_SEQUENTIAL_KEY = OFF) ON [PRIMARY]
) ON [PRIMARY] TEXTIMAGE_ON [PRIMARY]
GO
/****** Object:  Table [dbo].[Lession]******/
SET ANSI_NULLS ON
GO
SET QUOTED_IDENTIFIER ON
GO
CREATE TABLE [dbo].[Lession](
	[lession_id] [int] IDENTITY(1,1) NOT NULL,
	[lession_name] [nvarchar](150) NOT NULL,
	[module_id] [int] NOT NULL,
	[status] [bit] NULL,
 CONSTRAINT [PK_Lession] PRIMARY KEY CLUSTERED 
(
	[lession_id] ASC
)WITH (PAD_INDEX = OFF, STATISTICS_NORECOMPUTE = OFF, IGNORE_DUP_KEY = OFF, ALLOW_ROW_LOCKS = ON, ALLOW_PAGE_LOCKS = ON, OPTIMIZE_FOR_SEQUENTIAL_KEY = OFF) ON [PRIMARY]
) ON [PRIMARY]
GO
/****** Object:  Table [dbo].[Lession_Audio]******/
SET ANSI_NULLS ON
GO
SET QUOTED_IDENTIFIER ON
GO
CREATE TABLE [dbo].[Lession_Audio](
	[lession_id] [int] NOT NULL,
	[audio_id] [int] NOT NULL,
 CONSTRAINT [PK_Lession_Audio] PRIMARY KEY CLUSTERED 
(
	[lession_id] ASC,
	[audio_id] ASC
)WITH (PAD_INDEX = OFF, STATISTICS_NORECOMPUTE = OFF, IGNORE_DUP_KEY = OFF, ALLOW_ROW_LOCKS = ON, ALLOW_PAGE_LOCKS = ON, OPTIMIZE_FOR_SEQUENTIAL_KEY = OFF) ON [PRIMARY]
) ON [PRIMARY]
GO
/****** Object:  Table [dbo].[Lession_Content]******/
SET ANSI_NULLS ON
GO
SET QUOTED_IDENTIFIER ON
GO
CREATE TABLE [dbo].[Lession_Content](
	[lession_id] [int] NOT NULL,
	[content_id] [int] NOT NULL,
 CONSTRAINT [PK_Lession_Reading] PRIMARY KEY CLUSTERED 
(
	[lession_id] ASC,
	[content_id] ASC
)WITH (PAD_INDEX = OFF, STATISTICS_NORECOMPUTE = OFF, IGNORE_DUP_KEY = OFF, ALLOW_ROW_LOCKS = ON, ALLOW_PAGE_LOCKS = ON, OPTIMIZE_FOR_SEQUENTIAL_KEY = OFF) ON [PRIMARY]
) ON [PRIMARY]
GO
/****** Object:  Table [dbo].[Lession_Learn]******/
SET ANSI_NULLS ON
GO
SET QUOTED_IDENTIFIER ON
GO
CREATE TABLE [dbo].[Lession_Learn](
	[user_id] [int] NOT NULL,
	[lession_id] [int] NOT NULL,
	[llearn] [bit] NULL,
 CONSTRAINT [PK_Lession_Learn] PRIMARY KEY CLUSTERED 
(
	[user_id] ASC,
	[lession_id] ASC
)WITH (PAD_INDEX = OFF, STATISTICS_NORECOMPUTE = OFF, IGNORE_DUP_KEY = OFF, ALLOW_ROW_LOCKS = ON, ALLOW_PAGE_LOCKS = ON, OPTIMIZE_FOR_SEQUENTIAL_KEY = OFF) ON [PRIMARY]
) ON [PRIMARY]
GO
/****** Object:  Table [dbo].[Lession_MatchGame]******/
SET ANSI_NULLS ON
GO
SET QUOTED_IDENTIFIER ON
GO
CREATE TABLE [dbo].[Lession_MatchGame](
	[lession_id] [int] NOT NULL,
	[match_game_id] [int] NOT NULL,
 CONSTRAINT [PK_Lession_MatchGame] PRIMARY KEY CLUSTERED 
(
	[lession_id] ASC,
	[match_game_id] ASC
)WITH (PAD_INDEX = OFF, STATISTICS_NORECOMPUTE = OFF, IGNORE_DUP_KEY = OFF, ALLOW_ROW_LOCKS = ON, ALLOW_PAGE_LOCKS = ON, OPTIMIZE_FOR_SEQUENTIAL_KEY = OFF) ON [PRIMARY]
) ON [PRIMARY]
GO
/****** Object:  Table [dbo].[Lession_Question]******/
SET ANSI_NULLS ON
GO
SET QUOTED_IDENTIFIER ON
GO
CREATE TABLE [dbo].[Lession_Question](
	[lession_id] [int] NOT NULL,
	[question_id] [int] NOT NULL,
 CONSTRAINT [PK_Lession_Quiz] PRIMARY KEY CLUSTERED 
(
	[lession_id] ASC,
	[question_id] ASC
)WITH (PAD_INDEX = OFF, STATISTICS_NORECOMPUTE = OFF, IGNORE_DUP_KEY = OFF, ALLOW_ROW_LOCKS = ON, ALLOW_PAGE_LOCKS = ON, OPTIMIZE_FOR_SEQUENTIAL_KEY = OFF) ON [PRIMARY]
) ON [PRIMARY]
GO
/****** Object:  Table [dbo].[Lession_Video]******/
SET ANSI_NULLS ON
GO
SET QUOTED_IDENTIFIER ON
GO
CREATE TABLE [dbo].[Lession_Video](
	[lession_id] [int] NOT NULL,
	[video_id] [int] NOT NULL,
 CONSTRAINT [PK_Lession_Video] PRIMARY KEY CLUSTERED 
(
	[lession_id] ASC,
	[video_id] ASC
)WITH (PAD_INDEX = OFF, STATISTICS_NORECOMPUTE = OFF, IGNORE_DUP_KEY = OFF, ALLOW_ROW_LOCKS = ON, ALLOW_PAGE_LOCKS = ON, OPTIMIZE_FOR_SEQUENTIAL_KEY = OFF) ON [PRIMARY]
) ON [PRIMARY]
GO
/****** Object:  Table [dbo].[MatchGame]******/
SET ANSI_NULLS ON
GO
SET QUOTED_IDENTIFIER ON
GO
CREATE TABLE [dbo].[MatchGame](
	[match_game_id] [int] IDENTITY(1,1) NOT NULL,
	[img_id] [int] NOT NULL,
	[ans_img_id] [int] NOT NULL,
	[points] [int] NOT NULL,
	[index] [int] NULL,
 CONSTRAINT [PK_MatchGame] PRIMARY KEY CLUSTERED 
(
	[match_game_id] ASC
)WITH (PAD_INDEX = OFF, STATISTICS_NORECOMPUTE = OFF, IGNORE_DUP_KEY = OFF, ALLOW_ROW_LOCKS = ON, ALLOW_PAGE_LOCKS = ON, OPTIMIZE_FOR_SEQUENTIAL_KEY = OFF) ON [PRIMARY]
) ON [PRIMARY]
GO
/****** Object:  Table [dbo].[Module]******/
SET ANSI_NULLS ON
GO
SET QUOTED_IDENTIFIER ON
GO
CREATE TABLE [dbo].[Module](
	[module_id] [int] IDENTITY(1,1) NOT NULL,
	[module_name] [nchar](150) NOT NULL,
	[course_id] [int] NULL,
	[status] [bit] NULL,
 CONSTRAINT [PK_Module] PRIMARY KEY CLUSTERED 
(
	[module_id] ASC
)WITH (PAD_INDEX = OFF, STATISTICS_NORECOMPUTE = OFF, IGNORE_DUP_KEY = OFF, ALLOW_ROW_LOCKS = ON, ALLOW_PAGE_LOCKS = ON, OPTIMIZE_FOR_SEQUENTIAL_KEY = OFF) ON [PRIMARY]
) ON [PRIMARY]
GO
/****** Object:  Table [dbo].[Module_Learn]******/
SET ANSI_NULLS ON
GO
SET QUOTED_IDENTIFIER ON
GO
CREATE TABLE [dbo].[Module_Learn](
	[user_id] [int] NOT NULL,
	[module_id] [int] NOT NULL,
	[mlearn] [bit] NULL,
 CONSTRAINT [PK_Module_Learn] PRIMARY KEY CLUSTERED 
(
	[user_id] ASC,
	[module_id] ASC
)WITH (PAD_INDEX = OFF, STATISTICS_NORECOMPUTE = OFF, IGNORE_DUP_KEY = OFF, ALLOW_ROW_LOCKS = ON, ALLOW_PAGE_LOCKS = ON, OPTIMIZE_FOR_SEQUENTIAL_KEY = OFF) ON [PRIMARY]
) ON [PRIMARY]
GO
/****** Object:  Table [dbo].[Question]******/
SET ANSI_NULLS ON
GO
SET QUOTED_IDENTIFIER ON
GO
CREATE TABLE [dbo].[Question](
	[question_id] [int] IDENTITY(1,1) NOT NULL,
	[question] [nvarchar](1500) NULL,
	[option1] [nvarchar](150) NULL,
	[option2] [nvarchar](150) NULL,
	[option3] [nvarchar](150) NULL,
	[option4] [nvarchar](150) NULL,
	[true_answer] [nvarchar](150) NULL,
	[points] [int] NOT NULL,
	[index] [int] NULL,
 CONSTRAINT [PK_Quiz] PRIMARY KEY CLUSTERED 
(
	[question_id] ASC
)WITH (PAD_INDEX = OFF, STATISTICS_NORECOMPUTE = OFF, IGNORE_DUP_KEY = OFF, ALLOW_ROW_LOCKS = ON, ALLOW_PAGE_LOCKS = ON, OPTIMIZE_FOR_SEQUENTIAL_KEY = OFF) ON [PRIMARY]
) ON [PRIMARY]
GO
/****** Object:  Table [dbo].[Ranking]******/
SET ANSI_NULLS ON
GO
SET QUOTED_IDENTIFIER ON
GO
CREATE TABLE [dbo].[Ranking](
	[ranking_id] [int] IDENTITY(1,1) NOT NULL,
	[user_id] [int] NOT NULL,
	[full_name] [nvarchar](150) NOT NULL,
	[points] [int] NOT NULL,
 CONSTRAINT [PK_Ranking] PRIMARY KEY CLUSTERED 
(
	[ranking_id] ASC
)WITH (PAD_INDEX = OFF, STATISTICS_NORECOMPUTE = OFF, IGNORE_DUP_KEY = OFF, ALLOW_ROW_LOCKS = ON, ALLOW_PAGE_LOCKS = ON, OPTIMIZE_FOR_SEQUENTIAL_KEY = OFF) ON [PRIMARY]
) ON [PRIMARY]
GO
/****** Object:  Table [dbo].[Role]******/
SET ANSI_NULLS ON
GO
SET QUOTED_IDENTIFIER ON
GO
CREATE TABLE [dbo].[Role](
	[role_id] [int] IDENTITY(1,1) NOT NULL,
	[role_name] [varchar](150) NOT NULL,
 CONSTRAINT [PK_Role] PRIMARY KEY CLUSTERED 
(
	[role_id] ASC
)WITH (PAD_INDEX = OFF, STATISTICS_NORECOMPUTE = OFF, IGNORE_DUP_KEY = OFF, ALLOW_ROW_LOCKS = ON, ALLOW_PAGE_LOCKS = ON, OPTIMIZE_FOR_SEQUENTIAL_KEY = OFF) ON [PRIMARY]
) ON [PRIMARY]
GO
/****** Object:  Table [dbo].[Role_Account]******/
SET ANSI_NULLS ON
GO
SET QUOTED_IDENTIFIER ON
GO
CREATE TABLE [dbo].[Role_Account](
	[role_id] [int] NOT NULL,
	[username] [varchar](150) NOT NULL
) ON [PRIMARY]
GO
/****** Object:  Table [dbo].[Role_Feature]******/
SET ANSI_NULLS ON
GO
SET QUOTED_IDENTIFIER ON
GO
CREATE TABLE [dbo].[Role_Feature](
	[role_id] [int] NOT NULL,
	[fe_id] [int] NOT NULL
) ON [PRIMARY]
GO
/****** Object:  Table [dbo].[User]******/
SET ANSI_NULLS ON
GO
SET QUOTED_IDENTIFIER ON
GO
CREATE TABLE [dbo].[User](
	[user_id] [int] IDENTITY(1,1) NOT NULL,
	[full_name] [nvarchar](150) NOT NULL,
	[dob] [date] NOT NULL,
	[gender] [bit] NOT NULL,
	[parent_name] [nvarchar](150) NOT NULL,
	[parent_email] [varchar](150) NOT NULL,
	[parent_phone_number] [varchar](150) NOT NULL,
	[username] [varchar](150) NOT NULL,
	[points] [float] NULL,
 CONSTRAINT [PK_User] PRIMARY KEY CLUSTERED 
(
	[user_id] ASC
)WITH (PAD_INDEX = OFF, STATISTICS_NORECOMPUTE = OFF, IGNORE_DUP_KEY = OFF, ALLOW_ROW_LOCKS = ON, ALLOW_PAGE_LOCKS = ON, OPTIMIZE_FOR_SEQUENTIAL_KEY = OFF) ON [PRIMARY]
) ON [PRIMARY]
GO
/****** Object:  Table [dbo].[User_Class]******/
SET ANSI_NULLS ON
GO
SET QUOTED_IDENTIFIER ON
GO
CREATE TABLE [dbo].[User_Class](
	[user_id] [int] NOT NULL,
	[class_id] [int] NOT NULL,
 CONSTRAINT [PK_User_Class] PRIMARY KEY CLUSTERED 
(
	[user_id] ASC,
	[class_id] ASC
)WITH (PAD_INDEX = OFF, STATISTICS_NORECOMPUTE = OFF, IGNORE_DUP_KEY = OFF, ALLOW_ROW_LOCKS = ON, ALLOW_PAGE_LOCKS = ON, OPTIMIZE_FOR_SEQUENTIAL_KEY = OFF) ON [PRIMARY]
) ON [PRIMARY]
GO
/****** Object:  Table [dbo].[Video]******/
SET ANSI_NULLS ON
GO
SET QUOTED_IDENTIFIER ON
GO
CREATE TABLE [dbo].[Video](
	[video_id] [int] IDENTITY(1,1) NOT NULL,
	[url] [nvarchar](150) NOT NULL,
	[video_title] [nvarchar](150) NOT NULL,
 CONSTRAINT [PK_Video] PRIMARY KEY CLUSTERED 
(
	[video_id] ASC
)WITH (PAD_INDEX = OFF, STATISTICS_NORECOMPUTE = OFF, IGNORE_DUP_KEY = OFF, ALLOW_ROW_LOCKS = ON, ALLOW_PAGE_LOCKS = ON, OPTIMIZE_FOR_SEQUENTIAL_KEY = OFF) ON [PRIMARY]
) ON [PRIMARY]
GO
INSERT [dbo].[Account] ([username], [password], [classify_account]) VALUES (N'admin', N'be8171d6d1387829f83253cd8b387a30', N'admin')
INSERT [dbo].[Account] ([username], [password], [classify_account]) VALUES (N'LuongND', N'Ngoducluong123!', N'premium')
INSERT [dbo].[Account] ([username], [password], [classify_account]) VALUES (N'NguyenPT', N'Phamtrungnguyen123!', N'premium')
INSERT [dbo].[Account] ([username], [password], [classify_account]) VALUES (N'ManhDV', N'Doanvanmanh123!', N'premium')
INSERT [dbo].[Account] ([username], [password], [classify_account]) VALUES (N'HuyNQ', N'Nguyenquanghuy123!', N'premium')
INSERT [dbo].[Account] ([username], [password], [classify_account]) VALUES (N'TruongNV', N'Nguyenvantruong123!', N'premium')
GO
SET IDENTITY_INSERT [dbo].[AnsImg] ON 

INSERT [dbo].[AnsImg] ([ans_img_id], [ans_img_name], [ans_img_url]) VALUES (1, N'icecream', N'data:image/jpeg;base64,/9j/4AAQSkZJRgABAQAAAQABAAD/2wCEAAkGBxASERUQEBAVFRUWFRUXFhUWFRUVFRUVGBUWGBgWFRcYHSggGBolHRcVITEiJikrLi4uFx8zODMsNygtLisBCgoKDg0OGxAQGy0lICUtLS0tLS0tLS0vLy0tLS0tLS0tLS0tLS0tLy0tLS0tLS0tLS0tLS0tLS0tLS0tLS0tLf/AABEIALcBEwMBIgACEQEDEQH/xAAbAAABBQEBAAAAAAAAAAAAAAAAAQIEBQYDB//EAD4QAAEDAgMFBgQEBQEJAAAAAAEAAhEDIQQSMQUiQVFhBhNxgZGhIzKxwULR4fAUUmJykhUHFjNDgrLi8fL/xAAbAQABBQEBAAAAAAAAAAAAAAABAAIDBQYEB//EADYRAAEDAgMFBwMDAwUAAAAAAAEAAhEDIQQSMQVBUWFxIoGRobHB8BPR4QYUMiNC8RVSgqKy/9oADAMBAAIRAxEAPwCvSgIASgLULAykASp0JUk1CEIARQQlSwhJBCVXWyOztWsZeDTZxJG8ejWn6n3WuwmxMGwbtBp6vJcT1INh5BcNfaFGkcsyeX3Vnhtk4iuM38RxP2+8LzgQnQvWcPs+gBP8NQI6MbPuFwxWxMDUEuoAQZlu75HLwUH+rUh/IEDu+ea6Xfp+rHZeCeh/PovL4SwrztFsF+HcXsaTRJGR05ongbCDP2uqWFZUqjarQ9hkFUdei+jUNOoIITISwnQlhSKFJCUBKAgJIJISwnJUkJSJUJQEkEoCAgJUk1OCUJAEBFAroE4JoShJRlPC6sXILqxJNXdik0yobVIplRuXRTKmUypLCobHLuwqBwVjScpUpEzMhRQurOvOYTkBC7VwIRCUJUUEQhCVJNTqdMuIa0SSYAHElbPZPZ6nSh9WHv5QMjfAHU9Vy7LbOaxgrugueN3+kaW6n8lcuh0FoJ9gCOJVDtDHuzGnT038T881qtlbMaGirVEk3E6D8nXl1XR2JFw0F3hdLTe6JcYPLl+qY6uGjegco4rnh8QHaMOs/vkqIuuAT3fL+f40IbbRTadZwuCVKwmKh1yAqattKm2czssdDfwKa6kwtNRtcS4WBm3TdOqd9XL/ABMxzCWSdbLVNe1zS1zRBMEEAi/MLEdpuyhpnvcM0uYTemASW21F5IPsrnZ+KbTcGN33H5tZWho15gGx5fqu3BYxzDLe8bvtPRcWPwFPEMyv7jvHSffVeMwiFttu9kx8WvTqREvDCLREkZpsZzR5LGQtPQrsrNlh6rCYvB1cK/LUGuh4jimQnAJUqmXIkSoSpIIQiEqSCAlhASpIEoTgkTgEk1KEoSgJwCKCAujUgCc0IJALo1dmFcQuzSmlStXem5SGFRGFSKRUTguukbqShMlCjXVKwKWEoQulciWEiUBKAiggBBTgEJJp0W+2WR3VMf0N9YCmvbLS02PGNVRbKrPdQY9o4QY4cvaFMbizob+OnmsZiTFRzTxP2Xo2GIdSa5uhAI7wpTWsbd0zwGoHRK/FNNiYHIKI6rJkkJgLNSPf6rmzQF0Bq7124Zzd5jXDgHEa+fFPpVKejaDIMSPDoLLg2i15+QdLK6wuCYYnMXcYiPWLJjZeezHgPcJ57IvKMNXE5m0gDzv6eCs6L+OWPeJn2UHD4lrJyH16Kd/FNADiNQp6L5/uG/go6jY3LtiaZfTc0OylzSAeRIibrCs7D1/xVaY/yP2W4ZjG8OUjr4J7yxxAJvqIN1Y08XUpNP0yLwq3E7Po4kg1QTHM7+hXkWJw5Y91N2rCQY0kGLdFxhbHtpsQhzsSwkhxGccrAA+Flj1oaFUVWBw7+u9YfG4Z2GrFhFt3MbkIQnKZciEBKhGUEJQkWp2J2cGUVcRN7hmluBcdfT9FDXxDKDcz104PBVcXUyUh1O4Dn7DUqjwOAq1jFKmXcyOHjNgr2h2OrG76jGeUn8vdaNrg1uRgDWjQNEAeQUd1c8yqOrthxPYEef4Wrw/6boNH9Ulx8B5X81X/AO5buGIE/wBn/ko2J7KV2iWkVPOPYq+w+LMgElTKONvB9eHmgzadXWfIeynfsLBkQGkcw4+5I8l53Vw7mnK5uUjgRBTcq9LxGHpVW5ajQ4ddfIi6ym3dhdyO8pkubNxxE6flKs6GObUIa6xVDjdiPoAvYczRfmO7f1HgqAJ4TYShdqpYhdWuXdj1FC6NKBCexyl94hR5QmZQp/qlZAJQgBKApk1KhEJ4STUAK77O7DFffqEhgMQNXHx4BVFCi57gxurjAW2oUv4ZjAwEgDePEzcuVdtHFfQpwDBPkN6uNjYH9xVzOEtHmdw+6lYTZDKLSymd0km5m/poubtkn8J9bypVDHted038CPqurRJlpP2WaqxUOYmTxWxpD6YDAIA3Kubs14EBwnmRPsujMBlvUcPIKyBIuVDfjOGWb8Vzv+kz+XupwXnRdsO9pszQW81I03s0Aaqtr0RGWQ08XAkRziEg3QGjeEcU76hBhw8D5R69yblnQqzbiWOzNcBEEyBBBi1+ai0sS54bQdBd/NMR5HVRK4c5uQboMTAT2UgIuZGhFlE5xLswtu6jgfCx1E2UjQAIVhhMLVD4c2GiLiPb98U8vd3ppOPEQdI5H30UXDuqZgc0ieKkVMS11bNTcHFsC19Bon/Ua1up13xcbwI1Qgk93NT6VZr/AIb96RlPIgjiOq8oqNhxHKR6Fer1XtaO/dYNaS7yBM/VeUPfmJdETJjlJlaHYueH5jItCyP6myf0o17Xt7pqVCVXqyaEITXOEIgSmuIC0PZrZDqlQVKjD3YEixh5ki3MSCfILX4h0CeARhxlpNbAEMaIFhpeAFBx+LIDmsEmLQJvwB8brF7Qx31XEnoPnP5ZembM2e3C0sjdTck8fwny43BlNqNdChUMa5rZdbQRxzH6QuVZ1USXnK0nQn92Va2q0jf84q0LDvXeo9w/CbcZHsov+pwbA+YIPukxVVgDWtkEiel1CA5KUOO4pkDervA7dIIzC3X6rQ06jKzbHM0ghw6HmFgKteIgKx2Nii14ANnWIUra7mETcenDzQdRa8WXDb+z20KgawkgtGtzxF/RVgKve2H/ABh/aI6qjWzwzi6k0nWF5rtGm1mJe1ggA2HcEqcCmAp4KmXEE6UqbKVBOlZYJUBOT1IgJUJUkFb9mG/Gk/hbPqY+5WtNObzIjQwZ/RYzYdcMrCSAHAgk8JuPC4V/iaTwRkmT7LN7XDhXk6Rb38/ZbPYDmuwsDUEz6jy9+CmQdYLYM3g+IHGF3w7zNlS1q/diX1CSPRMwna2m6oaZoP0BLwBlJk6AxItqOqpKdQCxKv3MJ0C0ZrOuAJWe2jiCyvBdYt0n5XcR9CrQbRbUEMcWmNNHD99Fl9rlpLaQcc4c6XBxBHQnjwt0UWJdmaOvwJ1FuUq6btFjdSB4pf8AVWRIk+AJWYFLu7ljSebrlOFZ5EljB1Ag+n6JrSY0UjgrXFdoqgOVlOCdM13HqGj7kKNV2jXc3efHQlod5Buih061SYp7s6ui58+Sk0dnMF3vLneO77IlhOqQdCfhqbnOAaIzCxJMHzOq2uwtjuADnEcDCpMLTqua3u3sbkggEHS835wtbsjEEgAg6D3H79U+lgqBOV7ZBvy+So6tZ8WWf7Z7Xe0/w7JaD85gbwOgF9OfhCxa3H+0DCCKdUaglh8DcfR3qsQQttgA0URlHXqvOttGp+7cHm1o6cvl96E4JqcF2KpWi7H7LNSp35jJTdprmN48IkFarF4am9rqZaAHTMNAgkRmBi3isx2S2xToioyq4BpgtsTLtDp0WuD2va17SCHAQeYIkLM7UNb65NwBEbhx1471udhih+1DW3JnMN8m2nC0D7kri8mVX1dnEkE1TAMlsAzcanyUzE1IMLm17eJjxVC6kx1j7haMPcEyvTMjKwW/Fuk+91V1DUG7LySfnLbjpGkKxqvk7psdL6oa1w1KDmZnWnqNL9I3d/NIOtdUzsA5xz1M08gx0BvlxTq+7cUnddw+s6qc9jHm5c3oCQVxfsVtSIJdF7OifEcU9rXaN16oFzd9lU1aM/LNxoZEHzurPYmCcXDmPZd8Lsthd8jh1b9wtHh6IDYAh0axr+Sl+g6ogawaIWa7YPZ3jWhu81u8+ImdPGPus9C9GbUDmw4NffQ39QVTdodl0zS76nlbkAloiDccuK0mDxrIbSI75n5dZDamyajnPxAcDviI0/F76mVlEkpspZVussSE+UibKEUJWeT01OCKnShAQnIppRC0uxdotLO7quAc0WMwHDx6LNhBUGJw7cQzI7xXTg8a/CVPqMvxG4/N32kGzxez34h7mAkMGp4k8goNfAOwtRrsxc1wykuJc7MJIkk6H7LZ0qTWDK0RHAJm0cJSe3LUbIMGxvPC6wr6GVpyHx8p3L0tlYkjMPm+FkTWkXF5+qWhQ4iNZjQ9Vd1sDSI3RHhrP5rizs+D+NzZvJ3j6WhRFjhulSZ2qFWqsDoiY0scpPimF5dcsgc+Cv6WxGgD4hniYj0A0ThsccwY0BFkYdvCEt4qiw4DtLq0wuHJEhlhx5qfT2ZcZoIESAIt5K6p1KbBlFNt9WnegcInRIBxNzAHz55IEjcqLC4eq9xPesayCGtAnheXcz0Wg2bhHDfkwYuOI+yR9Oj3Zq5MuXhJiNNFzwO1w4OInKB6TZJhDagbUcL3ETfnfSL9UHEub2Qpm39nHEUO7aROYEEmwixmNbErE7U7O16De8cJbxIMx42sFrNmbQgwZvoLR49FO2pQFei+kDdw3bnUXHiJAV7s/aJgDS9wqPaeyadaXEHNFiO+LaLyuEBKlhaZYBIt92XxdN+HaxsZmjebxBJJ8wZWBXXD1XMc2o0wWkEa+hjguTG4UYmnlJiLj8/Laqx2Zjzg62eJBEHjE7vtvW8x1eDx6m30UepiRlLjcDXhA6qXs3E99SFV1PLmmxvMcR0XHEYWkTLh91h64dTcWuInS+4+YK9JovZUYHt0IkdDyMFRsPtIOa1pZI0BjXoOvVSKmLpmxLm9SLeZXOtjKTGFrBJEwNB6lc8Lthj2htQBro0tlPgT9FCyoWkN+oJjhOlomR6zwUj2yJyldQ1hs17CY8yOl1Gq0QSQJ6mQY8/sueK2nhmuykG38omOlvsubKzazZpTl4E8fAKQ1Gns2nl52M+N+46NDHC5lS6Jyjcqhx4mYcI8VMZtg07OLjeIiZ4z4Kgdg3TquuYhsT4c/JOa94Mi3z58mUWNOt1YV64e8locGm51lp4j76qXswVHte2ZaWuAEjesYWewnfTBJIKvcDXdSvGVgufzupKTgagMQZlNqDsEboWPgixEEWPihdtoYgPrVHt0c8x4EkhcZW/BtJXkz2gOIBkbjx59+qWUJiE6FGqUJ6QJUpXUgJ4SJQkmoCdCQJwRTStjs8uNNlR5GYiwnXr4xwXTdzZnmm3pmv8AlKzuA2vUpgMLWvYDZp1HPKRce6uP9bwevdukjkLdLlZXFbNxH1CWNBBMiPcH/C3WC2zhHUhnfBAAObpuO/147lLa8OzZRAA4aE+K418SGOYyJLiJ6TxP5KEe0mHAILDTE8wZvxHBW1OvQgVc9MB4AkuFyOGuvMBU7w8iAYjXxvbrbz3Qr2IgkWOnhb7/AOU4FL3nT8lHxG1cLSPxKoHW0DxJ+0p9DEd83NSrNqM/oMx4jVOBQIIEkJRiDFvO66USTMQD14/quZZwjRK6oGtL6hysaLnS3SNSfUooLviGE0y3guTxLg1nISAIv1PG0LPVdtOfWYWF7abL5AbPGUg5gOIkankrzC7Ra9xyAZY1iHOOp8BcKIYd+U147Ok8507828eKc6sxtUUCRnjNHK4nuymV2xuHyNDuM6SPteFN2RtEOgToJPQD9lDKTHDQDzVZtGiKVOq9tgW5Qf7rR7pUqbziGZI7UA+MJVagZRc539oJ8ASsrXLS5xb8pJyzrF4nyXJACUL0AWXlBMmUQpmzMCa1VtIGJkk8gNT4qZsXYL64LswYwGJIJk+HLqtLs7YNOg7vGvc50EXADb6kAX4LgxePp0WuAd2hpvv6K32fsitXex7m/wBMm5NpHLf83qdla1gYBAAAA5AKDjHW1vwUjEEMZcmB5+qqKuLBMTzKwNeqMwD7E816NSZa2ij4l8WOqg1mg/hP78FYOfKjVqfGQOkKVtMOCTnQqmpTPD7Bddm4x1KQILSZInQnkV1q4ccbeVgubKQvf01/RTtpNbcJhqTqrvD41jx80dCL+yn7PwzXGzJMG7ucWtyWeoNE9eX5rZ7Co5dReFIxgNQApjj2SshW27Vd8rWs8Gh31UKtjKjpDqhIOoJt+S0O1tgV6j6leGgkyKckkgWnlJAnz8lmqtMglrhBBgg6gjVbPDNw8TTa0cYj11XnOPONa6K73EXgmYI6aCRu1TJQkSLtlVKVCRCSaqsIQE4JLqKE4JAlCSalCeEiUJJsoCVCUJaJqrNsU6bXtqOBcXAyJgagEnmLNMLkHVvmZSbTE5XTDQRzDzeLK0xrCWbsZmuETHymx8OCrH4fRz68xJcGgOzNJsYHOdVjdp0RTxLo338dfOV6fsDFfXwDCTdvZP8Ax0/6wmZqNKzi6o15kCJYPT5iJUvD1ajT8WoKQH/Dcxxa4dW5YgfqoeGABFOg0nMZD47yDppaOt13aWiWYp7S6ZYCCMp/qceBsq7KriVqNmdpKzX5cU1jqYsKkw8nh0f7Kg2ptKvVrNbXc2XFxYwENAYGkywGxMwRN7HkmCsHDJisjSDuDgORJGrT7qHSc7EVstXKXUpDCOpAdfkBbx4WRkkJrWNBkBX+BbuucRDi29omS23KAC33UnC4upSJ7t0TrYEehCnY2j3dCiDdz85J5gQRrpYhVxC1OyqY/ZgOEgkm99/4WA/UFd3+oucwkFoAkWOk+6sf94K8RlYepbf0FvZQsdtCrWjvHSBo0AADyHHquJCSF3U8LQpOzsYAeIABVRWx2KqtyVKjiOBJj51TYQlRC6FyLYdk8eDR7mYdTJ9HEn6kj05q8qvPBef7Nxxovc9rQ6QQRpYkH6wtFsHbRq/DqECpw4B45DwWb2hs+pnfVb/Ewdbg3m3CfXhptNj7VpOp06Dz2xYWtA/jfjFuccSp2NLoIy24mW+y4MwlEiRlJi83g9VOrOAEkWmdCRPkoGIptMOAE/hI08ul1nalLtSYMDQ6gTusPnBaVr92igV8H3YztdmE3BsPI+ih4itDYiXHlcDwIBn2VnUDn1MlRxLC0wALA8ydU+nTZSkho4RAIPuo6ZE9mw0vx6X9fdPOl9Vl30cVUnJTsNHO3Z8BdLT2XiQMz6rY4gS6PE2WkqYqx38o4kjTwEKqxu02O+FSc9zw+CAMgIj+YcJU5c1ty75018kwSbALns/LTIdBdBsXm/kFs9mbTL7Nomw6j6rM4PZ9d/Jn9LRB8y5dn4itQineSeJ+XTX1RFQUmmpcDfAE+c+iBb9Q5d/VbHD4kOsd12mU6hZntphBu1wIM5X9Tl3T6T7Lts1181QkmZzTp5Sunaqs2phXFhnI5pJjW8H6q12ZinGszPYkxzI5gWnpI6GwqNsYdrsLUETAnoRfr47pWIckQ5IVsAvOCiUJkoSTVXhOCanhJdJShAQlSQTglCRKEkxKnBNC6NbJjzQJQ1QBYg8Q5vqqum+mIikXObO6TwJggQOBmyssVXoU3lhrMzDmHNbPjELnU7xtQlj2gGHtuA1wOuU8vm9FnNrPpV6bK1JwcBYwZsbg9Putx+m6eIwtSph67C3MA5sixIsYO8wR4JmWodxwbTpubukkMLT9z9U2kymCKLgXVAN2oW5gCdCAJ3eqSvTpNBFasXNddupA6h/snOrwxzCO5Y0btXMIjXUneBVEtaq7aLzIw1Qg13S5pAg028SHH5jGimdnaO+yj3Q+ISwGCIY2czy7nAJ/9qnEVCe8NUvBIa54G7THICYmD7LS9l+870OFUEh7GNExuuMPc0HWBY/9SDgnBaTtZVl9MDg2fUmPbKqSVP7ROnE1OmQDoAwfqoBC22EZloMHIed15ZtKqX4uq4f7iPC3skQGpYTmhdErhAukyppauiQoJxATISEJ0J0Iymlsrrido4kNzsxBa7MLzmEcnNMg+iMR2ycxrCKbJ+V5c8hucRcANsNT91HxRPdGGg72h00VJj2br5oAjMD4zz6iVi9qksxjw2wt/wCQvTdggVdnU3Pue1cyT/N2p1KuKna3G53Q+gIFmd253mTmk+RCVnb6qAXvZRc0EAloewzbm49VQPnvGE0TvNANrjgeq5MZUh7RhmgXLbbryNON1xCo/irR1KnwWvZ2wwFTKys2pTz3BIzsN+bb+y0NChRLQ+kQW8HMgjyIXljn4gMaSxrCDcEtaI6ax4Jr6rmOqBtZ7Zbmysc5p05iycI4BRuog6GF6zUqPaBq4EjUQTPCeCiOp02PNTEVIc49TA4NAEnzWR7O4is9tXEPqPhwa0y477yePg0T6KSrbAbKZimZ6hOWSI485M9OsrNbZ2y7AVfo02gugGdwnQRv46i0LVN2lQBIdUmdAAbAczoOqgbdxH/Ka6QYkZpFtBbxVKkCuKGyaNGo2o0m3GNfx69FncVt/EYii+k5oGbeJsN413pyISoBVoqKEZUJUIyllVYlCQJwSUyEqROCSalCUJAlCSalC7UNR/afouKc0oEA2KGbKcw3X8FXdpMPmcHEatifDQ+/sqHY2KLKwo1czmQTTg3a4GSB0PLxWnxxzuNvl3R/0krN7Rw5bFRph1MhwI5D5vaV59h8O6hSFJ+ot4FeyscH0g4aajv/AAVpMNVZZrKTi03B+bK7TQ6R91V7UmoRRxBa543gwCSBoA7hBN46XU2lUL2b2IbBGocQQY5AadDzUBplpzNc6HES6A7d0IjQTMXTtEQFzzEWcJJN3m/nY6ALR9hazDiBDXEQabDumHmJdfUQRb+orK7RJa3dcA7j/MOgOh6wtF/s2xVf4j3BvcMdLCR/zSCHFvk4i3E9EACTZO3FXm06LzUqVsjgwkkPLSBx46clEAW92PtNlSGzcg7rgWyBrZwEqh7SbJZTPe0vlNnM/lJ0I6dOC1WDxwqANIjcL/L+qwG1NivoF1VpnUm0a3JHLz67qKEJyQBWKoYQmkJ6EkITYQAlXXuSLEGYmOnVNqVGU25nmApaGGq135KTS48vkDvgKNjY7kkgmHDT+135qpe1pLgC8ZqdrchrY62VxtCm40yGh0y29ja8/VU9Cq8uAc5rjEOs0E3No5wsjtV7KmIzsMiB7r0TYVCrQwf06wghxtyMH7rhVALGOFYiCQXQ6ToYKO6+NJrWcBDYPELvlJaQaLbEQI18YXKoPld/DSdNCcscrrhAhWpUTuKQpVGF73ZbnRpEHhC5dzmqUQxvzty5j803AF7q0AfLh3bWggnNABkiZI1WT2pinuq0stTeYHbzSREngTedU8CdEaQBcJXpdLC0Wtp4ZuIp5xd8uB3zAIsDFgPUpuOwNWi4NqtiRIIILXDmCF57hqMePNbnDYh78NQL3EkF4BP8to+/otDsrEvBbQgRB+/msl+p9lUG0n41rnZyRM6GYGm4AQlQhCv1gkqRKhJJIhCEUlACEBKkpUBOCQJySBSoQhJNSpQkS5ok8g53+ISJAuUC0usNVHJ3nnhnd/3FV+NYIPhClYYHKuG0CGtJKw73ZyXcbr2Wkz6bQzhA8LeyqtjVGmiGikZBNOQTqywJ8lZYSiGiWNyzNnOtYwT10sCqnZlR4bJcQx73QOrcpPufdWrnM1q5ehAPDi4aRooHC6LfndbyNuqj7SoB7HA7riNGC9zqZ5rZbGrMw+HpBjW5GiBFyHcZ5FZatWcBM55GnTiTxTtk7eZSPdVGktMCwLhPC2tua5MXRdWpFgP55H51spAJsNVstsbcmiMphxc0sjUOHEeUyhld7sNUdUPzQ1vU5g4nyA+ig7P2Z3sVXDKxoPxHAixMw1pPh+qfi8UHkZbNaN0cup8dSrXYGz3tDZJIaZ5cQ0evBUP6hx9PC4Z1C2d4IjkbE/bnyBjnKfK5ylBWvXnocnITZTkkTey6URqR4efNOzFskm59yn4J7Wk5yA03J5Hgs/tDtFSY91N5AA+V5locOmYC/RZ/ahcasE2gR7+a3n6aYz9pLRckyeMG3dHDfO+VbPrZuPBQ8XsplaBIzcDxB+6rhj2uux4IPGZCm4bHtYe9qQ0MBM5hBPjwVblBsVoXSBZQmw2sWVHObUktLQJExqDPmiozddFdxAMkwZA04lVWH2lUrOdVbSDs1RxkjeiddZCtQ97i5vcAAizoEHoRx81znVNTHV6Tns+I6SIGgD45jzWUw9L4lQ5Y3y0C+jTHHzWupuLAKj8lPKZdOVojymFnNmgOBdzfUPkXuIUlIJzNVKAgeS21Wi1lDDBhJBpg+ZkkeSzDaNhOllqsNVFTAtH4qFQjxa4D7gK22c8NxDZ3yPFUv6kpmrs9+X+2HdwN/KVFTgkhOhaReYpEFKkRRSIRCEkFAQhCKkTk5CEkClQhCSalTaroaTzlv+Q/+kIXPi3FtB5HA+i79l021MZSa7TMPIyubbWVXtqruQhCx5XqrbrlkDdn0HauD3O/zc5v1a30XDEYxwGeZHEfvghCZVeXOvwA8BHsmtpNpi28ud3ucSe7kqXaW02t3pOY6TcBTOyBqB5quph5I3Mzt2Z+Zw1gcB9EIRyAs6p9N5D5C1WL7YYqiWsFSTx3QGjo0cAFoNj7dbivg4pgzkbtQC7T1jUJEJzHupuzNMFKrSZWp5KgBB5KNVaWOLHaiZ8kByELZNMtB4gei8jqDLUc0biR4EpSU+mJMdCfRCEHGGk8j6J1IZqjWneQFzxFQzdRK2HpvEPYHDqJSIWOBJudT7r1zI1gDWiALAcAFT47sVhqgJol1F3NhgeYWW2j2MxLJcKoqhoJguINuU2n0SIT2uKjLA6JXDs9iWd2WucYzctJH6LXUCzMx2d1wABGsWvyQhQVB2im0zLQuFSox4dSDXODKgLi7LEwYAGpuQfJTdr7NdhcQaLgAWsp5oiC7ICXW5m6EJzAIPUe6kae0OjvVqmNymnPgrrs4c1Gvhcure8DrWLdQfQ+qELqpktqMI4j1XNjGNqUKjHaFpHkuISoQtcV5ENEkoQhJFNQhCKC/9k=')
INSERT [dbo].[AnsImg] ([ans_img_id], [ans_img_name], [ans_img_url]) VALUES (2, N'spaghetti', N'data:image/jpeg;base64,/9j/4AAQSkZJRgABAQAAAQABAAD/2wCEAAoHCBUUFBgVFRUYGBgZGx0aGxgZGBsbGBkYIhkbGhoZGRgcIi0kHB0qIhwYJTcmKi4xNDQ0GiM6PzozPi0zNDEBCwsLEA8QHxISHz4hISo+MzQ8PjM+MT4+Pjw/Pj40PjU1NTY7PjE8Pjo+MTE0PjM/MT0zMT8zPjM1NTExMT47NP/AABEIAMYA/wMBIgACEQEDEQH/xAAcAAEAAQUBAQAAAAAAAAAAAAAABwECBAUGAwj/xABFEAACAQIEAwQIBAIIAwkAAAABAgADEQQFEiEGMVEHE0FhFCJScYGRktIyQmKhI4IVJDNysbLh8FOiwRc0Q3ODhJOUs//EABgBAQEBAQEAAAAAAAAAAAAAAAADAgUB/8QAGhEBAQEBAQEBAAAAAAAAAAAAAAECEQMhMf/aAAwDAQACEQMRAD8AmaIiAiIgIiICIiAiIgIiICIiAiIgIiICIiAiIgIiICIiAiIgIiICIiAiIgIiUMATAMtVZfAREQEREBEtJgGBdERAREQEREBKEy15UCBdERAREQERLbwLolAZWAiIgIiICIiBQmWgXlbS6AiIgIiICIiBZFpfEBERAREQPDEYhKa6ndUA/MzBR8ztLqdVWAZWDA7ggggjqCOcgLifMGzLO0ouSaNOuKKofw2Rv4m3K7FW36WHhJBy1VwGbrhKRtQxGHNQ0h+GnVV2GtF5KGAsQALnfwgd+BLoiAiJwWG7R6b5mcvFE2DtT74OCNag3BTTsLqRfV8IHexNRxNm4weFq4krq7tdWnVp1G4ULextckDlOP7OOPq2ZVqtOpSpoqKGVk1XuTbSdRN9rm+34eW+wSMZbPPE4lKal6jqijmzMFUe8nacbmnadgaTaKRqYqp7OHXWPqNgR/dvA7dZdNFwtn/plNnNCrQZW0lKq6WIsCGXqu9veDN7AREQERLWgXREQEREBETAzTM6WFpNWr1BTprzZv2AA3JPgBcmBnxIypdp74moaeAwT1QOdSpUFNV3sCQAdjztcHynvmnGePwdPvsVh8KEvYKtaorseiaqZDGBI0SJ8T22YcD+HhKzddTIgB941T1wXbVhGsKtCunmuhwP3U/tAlOJx2C7Ssrq7DFBD0qK6f8AMy6f3nQYPOsNV3p4ii/9yojf4GBh8X5tUwmEqV6aB3XQqKxspZ6i01LctgWBtcXta45znKfEWNwdSgMaaNSjiKi0tdNCjUqrC6hl1EFD1NjbedDxJnOBp0XTF1qQpspVkZgWZSNwEW7E+4SH8PilzPHUsNhUZMNTq9+7OWZ6rgKveVGYs1zYKLsTZifIBP8AEtUWAEugfNdNzS4gN/DHMPg1YgH5MJKWU/1nPcVW5rhqaYdT5/jf4hzaRRx3X7nO61S19FdKlutgj/vJd7KMA64RsRU3qYl2rMfNjf8AcaT7yYG84r4i9AprWei9Sle1RqZGunf8J0mwKncXuLG3XbNyXO8PjKYq4eorqeh9ZT0ZeanyMza1JXUq6gqwIIIuCDzBEivOuznC+kEYPFjDYgjUKS1BrAO/qpqDAe4gDpAlqfNXBWLpnORXqOqIKlWoXdgqgHXuWO35p0OZ8L55SR/69VZEBYnv6wOkAkknfw85wXCmQNj8QKCuFJUtci+wtsBcb79YEm9qHH+ExGFfB4Z2qu7Jd1UimArq9rtYsSVFrAjzkc8MZtjKBengtXeVLaiiBmsLgAEg6R6xudvfNxx3wSuWUaLGozVKjMN9IGlVGohRe27L+Y85J3ZDlKLl1N2QanZmO3P1jpJ6+rp5wIprYVBiVXNcTVd9i6qxqFAbMO8qEkjYi6oG23uJPeS8LYbDIFpooH6RYHzJ5sfNiZE1bNMNj88CvhUI7xqQqB2OoJqCVGT8LbKNugHSSTxxxI2CpJSoLrxNb1KKHe1hY1G8l2958gYHUU1RTpUKDa5AsDbwNh4T3kDZ7ldTL09JqHEPjKoV6eLQsR32tVaky8gpQiwYHWLiwsJN2W12ekjuulmVSw8A1vWA8gbwMuIiAiIgIiICIiAnzd2icQ1MxzA0Ub+ElTuaS39W+oIznqWa+/Sw63+j2vY25+E+P7NTe5utRG5fmDKeZ8wR+0D6h4T4dpYOglNFFwAb23Jtux/UfE/DkJx3FGHpvnSem1ETDph9dHvGC0y2r193OkuOdvJD4SzhbtgoVAtPGIaL2ANRbtSY2AuQBqS5vtYgdZ3+JwmFx9IahTr0zurDS6+8HcQI84Yeljc5xFWil8MtIUS29qrghtf/ACke7T1nS5x2bYDEXPdBGP5k9U36+ra/xvOjyvKaWGXTSQKOQAAAA6AKABNjAhLMexdwT3Fe46OoJt/eBH+WaOp2S48XF6TdN6l/8lv3n0TKAwPn/LOyHFO38WoqL+hWYnru4UD95LHCPB9DL1tTHrHmxN2Y9Wawv7gABc9ZsOIOI8NgafeYioFB/CvN2PREG5/wHiROS4Q7TBj8YcMMP3alWZGL6mNiLalC2FwfAm3nA7/E10pozuyoqi7MxAVQOZJOwE5rL+P8vr4hcNSranYkKQrBCQCbBiLcgbeBkR9o/GNXMcScLRuKCVO7VQf7apq0h2PQn8I6b8+WpxOCTA5lhqSMddJqBqPc71CwckdF0sot0G+94Hv2qIFzjEah6pakT5juqd/+slTi7jqnldOnRpU+9qlA+gGyU0NgGcjfcmwH7ja8P9oebLi8wr1l/Bq0J+pUATXfoSpI94nWcOYJsZgc0x1UXd6ThfJaaAqF8beqB/IIHbZP2jJXy3EYw0wlTDghqeq6lyB3Zvz0sxA67HnI3yLC+lYTMcwrsWrrZkqE2dKgKsCjDddyoFvBQBaaPh929AzFBexSgxA6LiF3+Gq8yOEVxGKpnLqQ00qlVatdxz0KFCr9QuB4m3gDAlniziNv6BWs21XE0qdMDq9RQHsP7veH4SN+xkWzNR4929/22nY5vRGKzTCZen9lgkDuBfT3h0sq9Dp9T4Fx1nGcHYhMBnFU1TpSj6QGvzsurYDxJ0gAeNxA2nbtmi1MXSoLuaCEt5NU0tp9+lUP80kPh7GejZElYc0whqDzYISP3tIQ4jwletTGZVQf6zWqX6KLA0wPgHA8kE7LMs/erleDyzCetWqUVarb8tNQSEJ8GbTf3AD8wgaHshoB8zRm/wDDR6hJ8LWBJPuYyQODaf8ASWYV8ycE01PdYcHwpLcXAPItc/VUEibIMwekK9Kkp77EIMOluYDtapfoSAF8r+U+jeD8oXCYSlSXwUXNuZ5k/Ekt/MYG4rUFcaWAI/3y6S9FAAAFgNgPKXxAREQEREBERASl4MtgXyJO0bsxNd3xWDsKjXapSOwdvF1Pgx3JHiTfbeSysugfHmNwdSi5SojIw5qwIP8AqPObHhziXE4Gprw9Qrf8SHdHHR05H38x4ET6W4g4Yw2NXTXpKx8GtZgeoYbiQNx/wFVy5taE1MOxsH8UPgr2/Y/7IThwVxXTzKh3ijTUU6alO9yjdQfFT4HyPiDOO7RO1D0ZzhsEVaqptUqkBlQjmijkz9TyHLnfTD/D+a1aFW1Ou1EVQKdR15imxGo78iBuCLEeBE7HtO4fp4NMFhqI3YVGIFiWYmmoZj4sbHfl4DYQOmXMcfngCUnbDYZVAdkFnr1bDWeYtTBvte2+9zsvJUTisixZRWOoAlgSe6rIVOhtAPMG3mCrcwDJu4ay5MHhEQWARAWPkBck/ufeTIH43NbEPSxDFi+MZnSlf8NK6Lh1A8CVPWxPneB4cU0K+IzBaFSoatZiis5G2pwGsnSmobYDzm54DanSzsU02p/xKCnqVS2r3krc/wB6UzzA1MszEYqojMjU2ek9iV7w0Siqx8LN+1j7ut4Z4AWvllMVC1OuWNZaqnS6sw3BPPddIPmkCJ+GMRToY6k9VgadOpdmG4IF7EfG1pmcSYV6lMZjVFmxVeqQt+S+qUA8hZx7tMlKl2P4QKmtn1L+I67B9/zWG3O1ltyG84TtRbVV7ukAMPgyuHFtlNVlLPpHkEVT00CBZ2j8PLg6WAK/mospPUqwe/xNQn4+UkjgDAH+gmRRqapTrWAG7Fg2kAePO019bP1q4PCUzltXFOtGk6sVRaIbRpOmo4be4IIt4TOwGPzeojLSoYfDAadIJaq439YkglSbchYQIu4ayfGk1KFEIO/Tu6pNmKJcFrjwO1uvTfedLw5l+Y5NiKoXCekK4AU6wouL6H8bbMwKnrz2vO2XhvMHdi+M0A3t3dKmjKfa1X3+UpiOBsTUbU2ZYwXtdVxBVb2F7KFIG8CvZrw/VpGtisVviMQ5Z97gXJIAPLa7ctvWA8J78U9nGFxtcYhrq5trCtpD22GrY72sLix25zD/AOzmr45jjv8A7TfZLh2eVhyzPHj/AN032QOnxnDWHq4X0SogNKw2G1iLaStt1tYAW8NpreF+BcNgXL01ux/MSS3UC55DxsPLpNanA2LQ3XNMb/NiC4+TLLzwzmi/gzSt/MlJ/wDMogb+pwthDX9I7lBUuSXCrqJPM3te53Hxm9nALlWeJyx6P5PhqX+KteenfZ4gP/dKnkadVdv5W5n9vPlA7gEy8CR+3Emb0v7TL6NT/wAusU//AEEuTtDqL/bZZi1690FrD5grA7+JpuH8/pYxGamtVNJAZatNkYEi457H4EzcwEREBERASlpWIFAJWIgeGIxCU0ao7BUUFmZjYAAXJJPISMMRjq2e1DTphqeXq253V8UynnfmtMEX+HXZcnjnFHGY5Msd+6w6oteqWbR3xuNCBvYBsSR4g8ioM88945w2Epei5YBiK5XSppLrpoALA+rs1vBVuOvmEM5zlRo4yrhUOspVakp8WIbSPjy+MkzjugauZZfSJJ7ulQJ8SS1R73PhsgPx90u4A7PnWoMZjD6wOsBmvpbmXdjzfc9QDuTfYePEdQVeJaSj1u77tQBbe1I1Njy/NAmerh1ZGpsLqylCOqkaSPlOEwvAeFwlVcTWrkrSAVHr1BppoAQqrcKq2FwOdufPeZOKr5riiVTu8Gl7XUCtXtfe7G1NbjpqI6yzCdnFFmFTFPUxL+1Xdqh33I0mygeVjA9Mz49wLXp0UqYxxYaKCMyg+F6hsoHmCZr0xmcYpQtJKWBp+X9YrDfxJ9QX+Bnb4LJqNJQqUwAOQsLD3KNv2mwAtygRhnfB/d4ariMbisRiBTQ1NFSsxQuouoWmtlFyAOf5pzGf5OUyBKz71Klda7sRYlnD3J87Mo/lkhdr2r+icRpvzp3t071L38uU0/ajiKSZKlMML1O67sDm1irkgdNN9/MdYG57KrPleHLKCVDqCQCbCo1p2lpzXZ9lzYfL6FJ/xBbkdGO7D4EkfCdNApaViICIiAiIgWEy4CViAnk1FTzUH3gGesQPGnQRTdVAJ6C09oiAiIgIiICIiAiJyfEXGlLDP3FJWxOJPKhTI9XzqvypruOe+42tvA2ueZFhsUo9Ipo+m5DOqnSPHdhsJwz5/gcOWoZbhvSqo5ikFTDoer1QAp8eVwbEXE9hw3jMxOvMKtqRNxhqRKURvca2HrVDy9xGxna5VkdDDqEp01AXkAoCjzCja/nzgcQnCuLzAh8wrXpg3XDUrph16XA9aofM8t97TlcBgwvEwRAAlJgoAAACrh1QAAcgNvlJ2kM8PJq4nxR9nWfkEECZoiICIiB4YrDJURqbqGRgVZSLhlIsQROPwnZzhqdVHu7LT2ppUqM60x0RWJC/vO3iB5ogUBRsALCekRAREQEREBERAREQEREBERAREQEREBMfGYunSptUqOERRdmY2AHUmZE5riHhdMZURqru1NNxRLDutXtlAoLt4esxA6bm4cziM+xmaMUwWvDYUmxxBFq9YX37kfkX9R33HLdZ0/DnCVDBppRASd2J3Zm9p2O7n37DwE3WFw6U1CoLD95kiBWIiAmmTh6guKOLVAtVl0uwFtQ8/PYb89hNzEBERAREQEREBERARLWNoLQLoiICIiAiIgIiICIiAiIgIiICWsYLQogAJdEQEREBERAtJlAZUiNMC6IiAiIgIiWkwKE3lwEASsBERAREQKGWy6UtAKZdLQJdAREQERKQKxEQKASsRAREQEREBERAREQEREBERAoRAErEBERAREQEREBERAREQEREBLSLy6IGpzDM2o6bopvfk58Lfo8xMZs+YWJpWB5XY7+71Yz9wtSgW/CC1/HxTe3jaa7EYhdDAsCTa1iDc23YkE+Njc2P4htynJ9/f0zvUmuSM210FPGsQtwgLKGsXPIgn2egJ+B6T0OIcDcUx/6h6XP5JqXrKO6BpM/8OmboWvez2suy7EcywtrE80xFDcDC1vWViRp8Adxu+x2/a3hadTF7mWtN0cSw/wCH/wDIfE2H5ff8pauJY/8AD2vf+IfAkH8ngZphiKQZbYat1vvcH1CF/FY/i8T+U+G89kxFFyScPVU27z1ltc35bNYt49BvuJobcVHIuFQ/zm3+T3y/XU9hPrP2zWJmqqNK0K1vWOyrYbljzbnuTb3eBF91Ax9VT2E+tvsjXU9hPrP2TIiBj66nsJ9Z+yNVT2E+tvsmREDH1VPZT6z9saqnsJ9bfZMiIGPrqewn1n7I11PYT6z9kyIgY+qp7CfW32Rqqewn1n7JkRAx9VT2E+tvsjXU9hPrP2TIiBrMVjalPc0wR1DMRbx5Ltbbna8uo44v+EIb9Ha17XtfRa/P5TYWnhSw4Uk9SSNuRJJO/wAZKzXfl+Bqqeyn1n7Y1VPYT62+yZESoxtdT2E+s/ZLDiGB0kU79O8N/lpmXNPXpr39y9jqU6dBO4AsNXhewkvTVzJwbHVU9hPrb7I1VPZT6z9s8Dh6Z/NzNxZug07WlaWFpo2oMbjfdtuRHLpzlR7aqnsJ9bfZGup7CfWfsl5qr7Q32G43MqaijxHzEDz11PYT6z9ka6nsJ9Z+yeusdR85UG/KB4YjCpUFnUH3+HuPhMChkNFTcgt0DG4Hw8fjESevDz1e2drxszRG25FrbA2G3lLPR/1v9X+kRKPVfR/1v9X+kGh+pvnEQKCh+pvn7/8AfylfR/1v8/8ASIgPR/1v8/8ASO4/W3z/ANIiB6Itha5PmecviICIiAiIgIiICIiAiIgIiIFJh1MvUvrJa9wbX2uLW2+A+URM3E1+j1bBoRYotvdDYOmTcopPW0RNAMKlraRbpbblbl7hLfQaXLQvy+ERAr6HT39Rd7X252vb/E/OeqUwosAAOgiIH//Z')
INSERT [dbo].[AnsImg] ([ans_img_id], [ans_img_name], [ans_img_url]) VALUES (3, N'cookie', N'data:image/jpeg;base64,/9j/4AAQSkZJRgABAQAAAQABAAD/2wCEAAoHCBESERISERIRDxEPEREPDxEPDxEPDxEPGBQZGRgUGBgcIS4lHB4sIRgYJjgmKy8xNTZDHSU7QDs0Py81NTYBDAwMEA8QGhISHDQrISQxNDQ0MTc0NDQ0PTUxNDE9MTQ0NDQ0MTQ0NDQ0NDQ0NDQxNDQ0MTQxMTQ0NDQ0MTQ0Mf/AABEIAMIBBAMBIgACEQEDEQH/xAAcAAACAwEBAQEAAAAAAAAAAAACAwABBAYFBwj/xAA8EAACAQIEBAQEAggFBQAAAAABAgADEQQSITEFBkFREyJhcTKBkaGCsRQjQlLB0eHwBzNykvEVFiViov/EABkBAQEBAQEBAAAAAAAAAAAAAAIBAAMFBP/EACURAQEAAgICAgICAwEAAAAAAAABAhEDEiExE0EiUWFxI0KhBP/aAAwDAQACEQMRAD8A6BRDUSKI0CeNt6alENVlqsYBMlUFhqstVhhZUUohiQCGBFEqCEJQEuUBSwYEl4oxoMMGJBhqYoNOBhqYpTGAyiaJcEGXeXbLvJKvKJm2mlmCZZMEmRYowDLJgEyVVNBaQmCTIQDBMIwTDtQmCYUhkUFpLS5JLVBJLkhVgQRgEFYawGNRGLAEYIkolEICUIQMwiAliUDLBiiLkklmIQyS5LRRKgjFgAQ1EsamLGCLWGJRMWFeCJcrLvKJklMZm0omAxlkxbNMyFoBaUzRZaGrBFoJMEtKJkpLvITBvJeFlyGDeSSrpJJRMEmElySs0qZWRYUXCDQEcphgxCtDDTJTg0INFK0JWignAw1iVaMUxRBiFBWFEKSWhWlgRRlAQwJLSwJUWsMCUBCAmgrhQYUrKMFpcEmVgMYtzDaKaZQMYDGW8BpFiEyrypIaq5coS4aUVKJlwTJVUTBZpbGLcwLEzSRV5JmKvJeLvJmhI1WhBogNLzRSM0K8YrTMrRitFoWpWjFMzK0chlgtCmMEUkasoiWXIJYiSiliUJYlaiEIQRCE0RYlmDJKiGCYRgmVi2imjWi2mUpothGsIJEiwu0gEPLJaGqECXaFaS0KgMBo0iAZKRbRDx7TO8Kwm8koyS6YBlGGwgETnCCZd5LSWjjCUximLWSpVWmpd2CKupZth/X0jFqSaEnH4vmkgkUaYsNnqAtf8KnQe5+URT5pxStdhTZRumQrf0DA6HUa/aTZ/FlXfpGLMfDsUlamlRPhcZgDuD1U+oNx8oPF+JphaRqP5jfKiAgF37XOw6k/8SuOrbqPSEsT56Oc8XcnLRtvlKPYC/Qhrn7T2uF85UqjKldRQZ9A4bNSzdiTqvz07kTSwsuLLGb06kGWJQMXiMQlNGqOcqICzHsB+Z9I9OZ8IGfPMXztiC5NJKaJ+yrozvbuxBt9NB67nbgOeNVXEUrX3qUAxC+pRrm2o2JOu00yjpeHPW9O3kicNiEqItRGV0cXVlNwROa5v5hrYZ6dOhkDMhd2dSxAuQoA26Nv6S26m3PHC5ZdY6uCZ8/4ZzniPFRK+R0d6aGyZHUuwW9xppft06TvK9VURqjsFRFLux2CgXJmllm2ywyxuqsiAROTHPK+IR4D+HfRvEHiZe+Url+Wb5z1eJ8fp0sMuIp2rCoQlIXKBnIJs2l1tlNxa99Ju0pXjylks9vUIg5ZxC87Vw3mpUmXsodDb3JP5d52OAxiVqKVk0R1z2Yi6dwTtpqPlJLKuWGWPs20sLOQx/OlmIw9NWUXAeoWu2trhBaw7XN/QTz/APvLF32w+/Wk4GXXrn9vrD2hzhyrvrSiJx2F52e9qtAMB8RpPlI/CxIJ+YnXYXEpVRaiHMjgMp2+RHQ9LSb2OWGWPsREAxhgNMhLzO4mlxM7wlGZt5JZEkxDKwCseVglZzjEFZAsfklhI4NpJsASbAAEknQADqZxHF+ItiahC38NL+Govbb4z6n7bd503NNQphXtcZ2RCRr5SfN9gZxqCyljudRcDUX+/fWW124cf9icRiUp2te7aAAXc+w9z30+cvDYTGYhrU6JUHQPUN7eoAG/vpPc5N4SlarUrVBnFPIiA6i+UMT9T9hPoVKmFFlAA7AWnSTHH63R5ObLdkYuX+HnDYanRJzFF8x3JY6k/UmcdzhjDVxZpg+ShZABf4yMzn8l/DPobMFUsdlBY+wGs+QmuXd6jXJdmdtTYMxzEbfKHKpwTdtac6hQLg6bC25GpO2ugMVUVWBZTcj1tfrD4NwR8fWqLnZEpKMzKWW7trsOwt9YfF+D1MHUCVHzq9zTcjUqLXU/bX1m+OzHe3acmNy6uu5G4qalNqFQ5nogFCdzT2A+R09iIrn7GkJTw6/t/rX6eVSAgPpe5/DOc5YxPhYyl0zlqTDbyMt/n5gsZzRiPExtQ7hClJbfuqLkempaW38ducwny/8AWGjlUea2uutyQLb37feU4Rwdgd7jr6X+Uz08K+JrpQS6+IxL2NiEQC+vuVnrcW5WqYNRUFQ1KdwpuSWRidLHe3S39ZJxW49tumXLjMutehyRxU063gM16da+QHZKlri3oQCPksXz298YBvalTHt5mN5ztOs1NlqC5ZCHW19WUg5du89fmiuKmLzdDTpEXOnX6y73iHXXLv8AcebUsHRidA9Nib9FdSf7/lOz524yngJQpuHNazVMhBy0x8IJ6Etb/aZydSjnta5JHoSfT7mZayLT8w38xIA1Hyt112hxy8dTywmVmV+gVbKlybZbljewAsSf73morUGDomoCFqValZFYfCLeUdLaEfUxvLnAamPqKzqUwqMGOa96ltr/APr2HX2nR/4gUlpphUUAKBVUaEgABN5169cLv3XO8ky5JjPpyVRAKa3AAHbS+vedNgcWafBXN9WerSF9NHrlTftoTObrW8MWGttTcnU3npeJbharf4sW467Znbb5Tlh6p8vmz+3m0B5Sx1tex7Da2nyiqVDE4l8mHQMQAWZrlBe5sAPkfnH0D5D32Gt+mwm/lzjYwb1A1PxA9icrAOCBa+uh6aafwGwsmXks+3X8fbK/LHEU2p03v1uykG/oTO75U4fUw+Ep06pBfM7sBspdixA9LmZKfOuFJ1p117nLTIH/ANX+06GhXSoi1EYOjqHRhsVIuDOm5Z4j5Mrn6yE0WYbGCYBhLRDx7RDwnGdt5IREkxHWkyw5doIIQssJCAhgRI57nGnfCE/uujae9v4zi0N6bAZdL+lu4M+lcZwhq4erTHxMhyf6xqv3AnzGg/Q9dNbXBDWtbprpb3Etnjbvw5eLHZcgOClZdmDq9r3OUoAD9jOxVZ8mwWLq4ap4lFspsRp5kYXHlYHfY+t56eJ5uxtRSoyUujNSQh+27Mcvy1l7BlxW5bn277jFxhcQRuKFUj/YZ8lp7NbQjY21H1GvX2m/hHFK/jLT8R3XEl6dRXdnBBRjmsetwNfXtMNENTco1wUbIwFwwIOX+fvLlPGz4p1txdPyLxPD0FqpVcUmdlYM+iMAoW2a1r3HWZ+ceLUsVUprRbOlIMGcA5WdiNADqQLb7azyDh1Ygjvex00vsLawRSC39jc9D1v0/v7y57mlnHjMu32XhmPjU7WuKtIXXb4gent+cbijfEVCdL1Kl9Mw1Yi/2k4JRNXHYdBr5zWbuECka/Nh9Jq5iwpo4yoNRcq6WJ1R9yPxX+hjuN6RO0+Wz+B8sYunQxa1KxCKUdA9iQpJFum3l3nu838ew9Sh4NGoKzO6FigLKqK2bfYm4AtOWFIOL/7fX6n0Mr9GW4/a7659eloZyXrpbx43LsxVdE7eRiTbp21F+2s9DiYIencamhTJOx0DdfkZgxrFvIpJNT9Qtv3301+tyJ7fNmGNPEUltY/oyW7/ABP+Ucl6Wtcv8kn8VlWuFUdvXUdPWIrOH2sTroDuR2tFLhTiKqUrlRUdEPTS+176X2+f09XmDlpsB4ZDZ6T3UEktke18pvrbqPY99Bjx/j2i3kkymN+3u8k8wgZcLWAXMSKL7XY65H9T0PXbfdn+JWgw241rbeydek4iqNAwuDbXUgj2INxqD/Ce7zBxc4nCYR2N6iM9OqdNXyjzelwoOneOZdsbK53jmOcyjxqv+WPa/UAC289Bh/4tD2xdQnS3Wp3nm1dUXfuNLm41O3We9hsPm4KzDXJiHbTXTx2Ukd97w4TxT5Lq4/28eg36vUbX30JG38oijgsRiKgp0MoNiSzDMd+gv+cbhWuCBv8AU9O2/b5wsDiquGqrVp2BFx5hdSptdTre38ocbJl5PLdlmPtvTknHdayD8C6fQzveEYH9Hw9KjmL+EipmO5t1nO0Oe6ZA8Sg6tt+qdHBPbzZbe09jg/H6OLLhA6MgBKVAoYof2hlJBH9O863KX0+XLHL3k9QmA0smLYwWBAuYloxjEuZCLkkvJMrQIcWDDUzlGGsYBFqYwGKINROO5m5Sd3NbCFVZtalJhdHNviHY+onYrGCPG6Hdl3HxquMTRJWrQqodiyqKi7EX0Gm/aJGJeoQqU6rtewGQqN9sx2+gn2t6aN8Sq3uAZVLC01N1pop7hQDHOv6P5stOJ5K5YqrVGKxQClVK0qYvZAbd9zt/WHzvy6+f9Kw6eJmt49NbK9wLZ1v1sACOth8+8WEIt7c+2Uy7b8vhhxrp5SlZTsVak3/BOglo1eqbU6FVy2nmUot++u4n2x8FSY3amhPcoDDp4emvwoq+ygTTHH9HefJyfI/LLYZWrV9a9UC+9kXoovsBNPOXAGxVMVKQBrUgcoNgHTQlSbabDXpYe06i0u06+3Dvd9vt8LerUpNlqUq1MruChYX9GW94CYqq/lSlWckFbeGVU+5O8+51MKj/ABoj/wCpQYVLB00+Gmi+ygSTixdb/wCnJ865J5TqvVXFYtMgT/KpnUg/vHuf76zV/iVgKgeliEpu9MJ4dTIuZkIYlWK9R5m220+X0VVhNTDCzAEHcEXE6XGWacZy5TLt9vgfD6rtXpCgju/jU2FkdEUBwSWJ6WvPsnMXCv0rCVKYsHyh6ZP7NRdV+V9J6dLh9JDmWmit3CgGPtJMZJpc+W5ZTL9PgNbD4pWNM4WuHXTL5Sub/WNLa/ltPbxHAMTR4f41VGLGt4rogZmRWQoLDfTy3+Zn2A0l3sL97C8joCLEAg7gjSHpjJ4O8+Vst+n56GPQjLdmI2VEZiT7d59T5U4Xn4WtGshXx0qF0OhUOxNvQi86L/o+GBzeFTvv8ImrKALDQekMxmPps+a5afFuK8IxeEcq9N6tMaLVprmzJ6oNQfb7TzW4jbQhx1sabj2Fuk+61EBFiAR2IvMFXh1A6mnTP4BDcMb7h48+Unl8VOMzXypUcnbLTb001E6/kbAV/FfEVENJPD8NEJuzaglie5sJ2owNFdRTQfgEI6baSaxnqLly5ZTVRmi2aUxi2aSwYjNFsZTNFs0OikVeSVeSTSnhoxWmbPCV5yjNatDDTKrxqvLEalaGpmZXjFeMa0gww0zK8MNLBp4aGDM4eGGiiU+8IRKmMEcGmSwIIhiOCsCMEEQhHKlWohiCIQiRd5dpUl5kQwWlyjDVgWi2jGi2hpFPM9SaGmepDSjM8Q5j6kyuYDkA5iXaE5iXMhxGaLLSEwCZKUFeVBvJIugCpDWpMAqwhUg6q9FakatSeatWMWrNoa9JakYtSeclWNWpLpHoK8MPMK1Ia1I5Ab1eGrzErxqPLpLG1WjUMyI8ejSpWpTDUxCNHIY4FNEKLBhgyyoMGS8EQotppd5LypJdtpd5UkhMKqYxTQyYtjJWA8z1I9ohzDSkZqkzPNLzM4hOMzxDR7iJYSU4U0EwyIBkOBkkkmV4Qqxi1Z5/iQleXqz0lqxqVZ5qvGo8vUXpLUjlqTzUqRyPN1R6C1I1ak89HjkeXSN6PHo8wI8ejy6R6CPNKPPPpvNSNINjcrR6tMSNHo0w2NSmGDEK0MNFB0beEDFgy7y7Qy8l4F5LzbYRMomBmlEystjAJkJgEw2rIpzEOYbtEuYCLeZnj3MQ8mzhDxLCPaKYSUyWEAiNIgESKXaSFJMziQ0NXihCE7Lo9XjUeZ1jkmSxpR41HmZY6nMjUjR6NMyxyTNpqRo9GmWnHpMmm1Gmmm0woZoRpE03I8ejTEjx6PNoa2K8arTGjxqvKNjUGlhogNCDTDo7NJmiw0rNM2jM0EmAWgs0zaGWi2aUzRTPIUEzRLNIzRbNDSkUzRbS2MEyEW0WwjTAIkpFMIthHsIBEjE5ZIy0ki7cEsJZJJ3hUaxySSTMaseskkzHpHrJJIJyR6S5JUOpx6ypJolaFjlkkmCmpGrJJMhiQhLkmFcgkkiZIBkkhYBi2kkmUtosySQUoFoMkkxBMEySQ1QtBaSSRQySSQs//9k=')
INSERT [dbo].[AnsImg] ([ans_img_id], [ans_img_name], [ans_img_url]) VALUES (4, N'tomato', N'data:image/png;base64,iVBORw0KGgoAAAANSUhEUgAAAP0AAADHCAMAAADlCqUFAAABklBMVEX////iHSThPEL8///od3P//v/iEBfgAADiHSX5///hDRn89fPmaGjjAAD87u3iABT39/fmS0720dHsgYDbAAD09PTmHCT5z87gHyfhHyLmHSenIx/lGCDoAACqIh+7IiDjNz3aICbdPkP/+f7uenvYHiPMICC4IiOqJCH11NG/AACiJSHwGynMISS6IiDbLTLJAACbJR/kKDJDe1t7o4y+1cohdknn9vEAVRPqnJ735uvgwb3On5jKiITIdnRJa0h5c1TWrabo19XoiIvqrqrtubvBe3WAc11FYzf6v8PZ59Gz0Kecu413aC58PACXHgCrAACiFg4AZDKMKgB3SgCIjF6iwZLA1rp7eEZBUy16QCeAq2tweDE8ZhcMdh0zgylAkilTfCiQRSB2XB4fbh9NZxB5i0tHhSeBWCDvppyKiXtTSCdnRSozXikIYTVheCFeV0GZppdabC1TWipzWERlSSpcUymVMyGOPTLWurKMPh98JBidWiSxSSTpWV+xWluzQ0HHP0S4OjzNZGTUS0HskYsuNWixAAAQPklEQVR4nO2ae3vcxnXGFxgBGGBvWHI5nAFGAGZJAKRALMRtXXVJSal4cRNZtUk5lWKrFZlUjuPYTpo0Tpum2Uiy+L17Brsk98rIjJ4kf8xPj0jiOuedc+bMDZWKQqFQKBQKhUKhUCgUCoVCoVAoFAqFQqFQKBQKhUKhUCgUCoVCoVAoFAqFQqFQKBQKhUKhUCgUCoVCoVAoFAqFQqFQKGYwKmvor23DBUalYht/yfLQ3935S5Z3Jajy9++t2dd//Ao3ovmH7/2D/NNY9CSqzKkbAw2fn3rGsNHwqjG3xKmbJ148uvXOP9656pmrsav9G+s35tOv2pfmDDXt7N69d/97/3Tvwd5aac2ETtteXa7t79lrxqwI117dr8ELpy65yD64sX5oG0P3IXvzbIEx8q7zOpLlwp8NMOb9f/7+vQe7jfH6+A6sNuuOY86nXf+BfdnCH37w6NG/fPjR0fHx4+z46OMf/uujJ08fTrwLrVuO06z37bXZcuCaaTatg6k2ivacumNaenV4GvXb5gJrHPNmUb0I8YdPHz360YcfHx13P/n0+OijD3/06NEHk8b8aZBR1RxtEcxj7Z2heHflybN/+/fnz09OTn/8k+Bx8B+fn56cPH/x2bNnTysjb8KvvgVPYd5eMqYaIkKoX2dEo7y9OekgxAnhGm0Ohk8c1omG51sDTzdbcJfhVtAHz3762QtpzOc/Sx9v/+THp6cnz59/9tNnT2zDePuMZNhf1BeKlzT3h+3y4ZOHP//yq08//ebrF6env/7FL09PXnwCh1/953sPH51nQAMVjicfclrTSRituXVWXjPXJ9UfWqVYqJXycMAXaC/B9SW4Z+3Ok4e/+vIbMOaTFyenv/zFr09PX3wtbfvyV2DmvJyzCHvdvFK9M5DpzXaf7n7qB0GQpun2f52ePP785KuNNJB89PPq02F7Q0bDIUMjrc3KpBHI/qJJy4ukNRYWRgW1+PC0s16eGN21SH37QD70dO83x2XhafbNyedgzG+3wTBpzG9WnlbR28u3l69Wb9Zkql67c/fjNBQUEyri/Lcnj0//O48pxlgk4fH/7A09bdiN5vAhwmtTyc2wNTa8xlvjlYJ2LEaHF5oNWS2UXOV7Wj+UqfV3v/fDhHqeR5P8f08fn/wsx5R6mIru8e9377z9UAQZq1dHvnVQdlT3jkLCGaWUaYx7//f9ZEvjTINDQpLjoIEm1TNqbU7F/oGlzVFv22dNPHJ2sy+dtt6kV1jDLJnbd49CShjDWGOMeH/4+g9bYAsYhxmh4fHu2/seVdDgJiaQaQDvvGDPwyMsaMHgxbtHlEg0+M/h9i0Syz8p9gjGJMnKhH2pXvPMddsd8zyyCzZPPbIpO7/AIplhdrjDSFn0ebDIS+UJD5ObkIWMveNcBoi0mmhQ/VtYK23zPMI0LznaQ2+t36i4y1bbGjLKONg5P2Gtu7LH2zuSluA83djYSEMwDApNumkABwL081t/lF3cmHqImcZ480aHN+lc9asWwaNQp5bMaPaOPiq83ryosHNraN92jWoQE6iJJAw2giCMQbGGRRgEfpAm8CoSb1SvGr9N67cbm0urks1RdTNtdUQDqhEhd4NhgpMggwKC1A9ACA/9cCP0syzrUqj6Ww/QlHpzeWzAh1DnIpVPRv56UYhzkU5NDmJse2dY9mZ/9DY+2ByeWYLe3qj8EeLbiwMoO90IAz+BhhNnYFcAxqQxVEV8/3rD/uaoCTrVidP3bkOVhtlGEIdb4VaahYRgP93qboU4hRoREJJH1Sn1pFm9dIB9aF1cGFe/shLpeqs4by7txnhfjZasy1q5ZPeWh73EzwKab+UkzwKNekHGQ5rT7kbm5x74YvdaU7D56htH0MDyzBd5nOZ5DPUtD7tJGHeTPJd2ePT2vSn1kMTGhLSceepddOBEUdEq+LDB1ftorLmMqx+rlJcORH2W5XkehrnIg0x4cRYkeZLmIU19X8ADL68jfoH6u21IqH7QzfMu1Qod7GVEFFEUCRInOURcl1N+5EIbGVMPfaNrjOYvlc06nqf+TqWjA4U+jH3MepUF6i9P7t6GTBf4YZhAzPXAiCLmsTSmR8A7YepveMy7tfeO1EOzfw2uSbfDLYgqGumlvb1Il4b3CA62oPULQm4/ANPGfa9Z/dEwYM0eMDJP/cqeozNxoR4eWZ0f+WOBfJ/LwAu20i7HQ2OiYvQb05QJiAqOnfvfYcRzlXpkbN7CLM66Igg5G5ZTKi/pMRzkG1nqMfPbqciHvnhtNAxYantsjnrk7t/u6PKVbBQafDDf95fTTDcklAVBnKZEKy7MGBoFDQiaoh9gyrv2NVZf5kb+XVPWdhgHEJn6NMTLO6+yANL+0bTvy3FZqb42Po8aqpeDAbSi63lRQCjJDl5eI9bO1eore5CA4+1UdGNMZ4zxeJ5DPhQahP410v489ei+o5HAB9czL5opkHrFaz2TqQba2qR6jRXDF2xa2rT6FVfKP2y3WpDyhQeTyaH3m/t/Qv0DGJfnGfT1hBQzxvSwF4huBmMhaIfvxPcGesk1z4dYi5k3U55ecPoqyvyE89u7CCKfwdhTvgScyYi1CsMOA90wIVFhUga/R50WMgx3ZQU6t4GJRaERxls1h2ly2MPp2GLKPPX3HExSUJ8TMuuKCIIU1EOjcO69K/WQ9HAW5j5m07EWdQaDqHj1JvVDyF2/Q6gh9E4kZAgLWTOsA8Ndu0H1QjbRWL6c4mKAVkC8u+I2MGVFVGCvebBUROUT1DosA0OGxlz19x3o3YPEF4TNukInDJyUBaD+/XejvoJSrtHtXAQeE53JwjqDTqQXb3QYCEXx7QfIbVAWx7rQICpFHBd6exW5xrJJoVuKi04sXw3dO2gDgSv2vih4J9ExF1UXbu7FcVSYA+TKugH5C9RjHHRxAAPEOeqh+ATUe+9MPTJeSd/D7Fmb8f2g0xpEvVevN/zXIPABWtlhUUtQnfEOjTq6oMXAdnfgKejWOr1CjumEzga21A7/WhAmutA5W7ftfsygHccdWt9zy9pZMRarD0KfzhgjAQelofS9+f531j7f9/ZLqT7XwPdTBYLrB5Em3uj59qsignbvNooignrgBYBBWcfadM8Kp5DxDTrhzXDhFapI99qrbRgFSPXxqrvW6MU6g/tEc9+WkeGuLGj3JiVBSMD3C9Tn2oZUf+/dqEfoW0eD6k5nqxtafSfivdevs+xNUdzeW3MbPT3WC6kRwh9+Rqy2AuEtokjwTgzNUgqEnC/VoxrcxEC9o0Oko3XW4UKX91XLrABFwwjRm1Z/t4lJNwu34fVz1MNkO4ChJ8HtB9cY6c9TDwVqXhpuBfGs+larZxavonS7UxS3DLTSKKKO4J4nncghAnQq9qku1RdSPWRDOAfqDdDXgPFpIdU3YdoKg+F2h8haYuLAdkvxlaX6cBQwPtrZa0OPF/C867E5OR97OUmgx/NuX2eoOzfnQ4EkDLob+XR/3xnotajoZK/8Db0Q30JA7/QKAUDrxpC/ZR1g+DFUD1GBqeiIUj3kvD4MlwUB9ebB7u7h4W4csVJ91CqzHqT+XZPO+L4KE1o5nw3wnB6vwFiuOwrs3XLnybuGetvNZdIX2Ce015korTWAviyJiiwFL94FTQ1Tzjd0yNy1GH6B77Hek74vimbf0akeUVGMRjstKiBHQ23wntNrWwWEhlQP86dNcL4LFbQZCzLt+8q3JmFZsuULPtvwKTR7vhF4nnn/GuLnZj2jcq/JvDTIIdnQyfqOWq2iePkq9ZMoutWwYY4n0x0ENO/tQQqH2UcMggvZ+VMG/UHckRUi1RvuJnT1IA4qi/U6EZNzRw30QE/G9qV611jZHa13jqtHu5ArczAmZTya9AWML7xuGMqhXnv33anfazMvybDI6NRAvxPFvdc5DlIi2P1yfu+A9KKgDCMYwGo9yE2iBxKEaPZ3mOACer3hOB86+57ctRAFJRhu1WhPwB+yU2TNsruvuEvN2ZxfQTC9plnuwVROTLV6wfNwayOg0OG+w9UNdN/0pPNBvjc+r+rolIRxHmwLwuVaq5zflyutGtMqB9b4ujxrVhvDXYvzWc7YrG8KZh0My507w608sJiXZzkNBJlsiAVJ8rzr55pWP3yX6qttGLZneZ52YzLufYrzNAn9nFDr7Hxdr5ytMVxBdFwe9OINSyOX6g/r85ft5S18NDuarx694RpL0zgNk3FjOpQnYShgsq05A/sdqjfQoQXjCBhB5n5+2e0VHlhAgixk2OzI1YTL+T1MVuyDsX0CD0KjMTou1aMBX+R6TS5yyNctUA+FgPxAtsSQ4kjvlAEQeXEYbHVhrs14s3GNYe5C9chAy9DrxX4AvX4YxrQHPVhPJDlUR7AdwgTOacyqr15uSWFz2R5XD02kftWehbleWazesCFuCA18EJuGMeuBNVQkSUBF4KcwlapfK+VJ9dpc30M2r0GJAuZy+VYa+yHnsZ+kJAx9P/ewnMlWJtQTWnHt/uWKjtWQgi99b++3y55co07TNM1muUHdNC8WQZqNxepRxe7fpISFWdjdSgWkXM79PKQihDCkHrG+qFwv8BeoLyugVofknPhZ2tWgQC32aZhu+CnMNHl7dVQcGve9UTXPm75Zsyvj6hGKRoHvdPaXL7lxLr9MWwvUS2P6dcZxDq5OSeBjj/pCLq6mCQbxc78d+LPUGxCsZ9D2uSa3NOQkKtnOoCHAXJaZdBONluEv1WO5Yb9/vj9q7dlraGfM9+h8766+Km8cYdutUaVYcjV8oXq486Aud/CSru9nUn3mb/tp4mmYWz+4zorekFHpPJp9ATQ33OSCE03k0KmIMI/LjbP6+sWg0kBrBS/bs9Mqt+SGfRzj5Yo0qg/XLs0aslGrXOQlrDe553TeE1il73esMnV45pk9/VES2tPbhHgejvMcSgxzAW8jvN7auf6nZGiUp63+7DvQmm2fOXUut6flDwb1wNrt1ual/UZFBsjQpeW23npbHnjWcMqxP3SltQrN4FBWhUdv9idloeHKN+/ZZRqpyc0/zOp7s+vTNjoo2ibGHpe7oJwTrDXbvcPK229gziq0ly1Hc6zanLRhIMh97sGgedMyOeA0Lau3L+0aK86wB22H8/o+kpvDCLXqDjfbo7q0B/KofgbiDXvfMh2zXkOTu/xo02nC483SgzBn1OvyK6DD6Q+dyq+TUGW15lnN0hhmWnVtXa4iou/w3cq0wop9WGsN5pR2WQXV1f4NmNm2amcHe/bMXqlhH9RatdXz0+hg0LqxOlpcRsbBQIej4X2rsqCZ5+3GWWtwdp51kNsftNanvwS4ANnu0hfL0pjB8sGSW7n+N3sj+9agTdqLl8INeYNdpigo27ZnPpGRJ9FlpSD5Nxp9weSWiW30XZq8YqPpeSiqlo/bE4/P1vG5Nci1pR3DjIkWueytmfuV4WLe6ubJvnrqmT/zg8+/me9FFQqFQqFQKBQKhUKhUCgUCoVCoVAoFAqFQqFQKBQKhUKhUCgUCoVCoVAoFAqFQqFQKBQKhUKhUCgUCoVCoVAoFArFX4X/B5UyCm4HsOMCAAAAAElFTkSuQmCC')
INSERT [dbo].[AnsImg] ([ans_img_id], [ans_img_name], [ans_img_url]) VALUES (5, N'candy', N'data:image/jpeg;base64,/9j/4AAQSkZJRgABAQAAAQABAAD/2wCEAAkGBxAQEBUPEBAVFRUVFRUQEBUVEBUPDxUVFRUWFhUVFRUYHSggGBolHRUWITUhJSkrLi4uFx8zODMtNygtLisBCgoKDg0OFxAQFy0lHSUtLS0rLS0tLS0tKystLS0rKy8tLS0tLS0tLS0tLS0tLSstKystLS0tLS0tLS0tLS0tLf/AABEIALcBEwMBIgACEQEDEQH/xAAcAAACAgMBAQAAAAAAAAAAAAABAgAGAwUHBAj/xABCEAABAwIDBQYDBQYDCQEAAAABAAIRAyEEEjEFBkFRYQcTInGBkTKhsRRCYoLBI1JyktHwM6KyJFNzg5PCw+HxFf/EABoBAAMBAQEBAAAAAAAAAAAAAAABAgQDBQb/xAA0EQACAgECAwYDBwUBAQAAAAAAAQIRAwQhEjFBBVFhcYGREyKhMmKxwdHh8BRCUnKigiP/2gAMAwEAAhEDEQA/ALRCIQCcLkfXMiIRRTJJCkIopEgRhRMmFiwpCMIwnQhYUhNCkIoBYUhMokAkKQvbmZPCP4LzOunwxw+STwaGPMCBMXtCdHP4r/xZ5IUIXrp5IbMa+KRJif4eXVFr2CJDSZbmIb4YkzaP0RQ/iNf2nkhCF7KTqdswvmDz4ba3bbhF9EtQMIsRNuBv8U6NH4eARQ/iO6pnlyoQvTispccsReIEcTH3QsEJFRbasWEITwoQgqxCEsJ4QIQVYhQhOlIQOzGoQmISlIoQoFMUpQWApCnKUoKQFFEEhnuARCgRCozMIRRUQSEIoJ0EgRUTQqoQqkIwjCBWCFIRhSEAANJ0HmvXRxWVgZlOriZu2+X7vEiOKwMfHD309k7cQ7z854GUHKceLmtj2jGtnSpctJgSHRmlsFxgHMLXWDD4lzAQQ8AvY6BpAJJHrb2Xn7026X+QH6Jm1yBEC2kT/eqDmsSiqr+I9RxgJdZ5zWFpLfiu2XG941GpSDFEvY92chgDTx8UQSL9QsBxDtbfMJWViLCPbz4+vyCAWGl9n6+j+h7G44WjOQH946SQSBktGYzodZ1SjGgtcCHyTOrnAiIykl0/Vec4g/11/senNT7Q7W3Lj580WL4K/wAfqel2OOYlrqniY8NBgZS74QIOgWvynkswxDvrbhdK6s4zPG30/og6Qi48kv56GCEITwgQijRYhCiYoFTQxCEhWUpCEikYylWRIUFoUpCshWMoLQpQKJSlBQEFFEFGwATBKE4TMrIiFIRQSEIrz18VTpiXva0c3ODR81ip7TpOdlDxJ0BBaT/DIv6J2HC2ro94UShy8+KxzKZDblxu1jRmeRxMDQdTAHNMmm3R6kVr6TcZVE0qIAtBymsL84LWfyucsWMbj6AL30Q9o1IYWkeznn5IYVG+HiV91o2wUWu2btanWHhPmD8Q84+osti0pIUoODqSJCidBMgWFITqIASFIToIAEIQmKCBiwpCKCAQFFClcUFICUrwV9qME5Q5+WzsrfADyLzDQekykw+2KT3ZJLXHQOgT0BEgnoCkdVjlV0bAoFBrpRKQCJCshSFIpClYynKUoLQhQKJSlItCqKKILNkEUEUzGErwvr1KlTuKAl2jnRmDeMAcXXGpAEyToCu28Z3NJzgYNmtJuAXENBjjEz6KzbpbKbRotkeN4Dqk3InxBhPMTJPFxJ5RSVs46jMsGPjatvZef6Iw7O3VYz9pWJc6PE7N4v8AqWMdG5W9FQu0PbGEbDMLZ7CXZ28XDQN/eIN50+avPahtN2HwUMJBqOyEixyhpc75ArhmyNnPxtUF0w4gWudQIaOdwAOJISk23SDs1Tmv6nJJtttRXJLbdvvW9Jer7jo2xdrVcVTYKTfG8DMYzBpImAD8TuN7AXJA1vGxd2mUxmq+Nxu6SXDNzcTGcjmbCLBqfdPd5mFpNaAM2WDFw0a5Gnj1PE9AAM29m32YGgahgvNmNnjz6Ac1e0VuYNRqp6jIsOn6utucv2/Lcy7X21hsI0Gq8N4NF3PPRrRc/QcYXi3f3moY4vbRzHIRIeG6PkAy1xB+E2MLgW3NsYjHV3OLnPLjAF/FewA4NvYfquw9luwPsuGkiC8tE8C2nmJPq57x5NB4qE22dNR2fg0+nk5Sbnsk+l3ukq3VXvfkjXb+7I+xVGY6gIY85arB8Mm5gcJ+sdZ9uyca2qwPaZBAI8ivf2rYpjMDkMS54IHRkuJ+SpHZziC6hB4OcB5TP6/JJ7PY2aSUsmkhKfO2l4pVXtbXp4F5RUCKsgCiiKAAgiogCIKIoGKgmSlAClanFPfXqjDUjc/4pEiBE5ZFxa5IuAQBdwXr2nixSpuqETAsNJcbNb6kgeq9+4+zCyj3z7vq/tCdJa4y0jo4nN5Fg+6ECy5lgxPJ15Lz/bn9Optdl7Ho0WAZAcoiXNAgDkPujoLfMnT72bAoYvDurUMoqNBcxzCAHZZ8JjW49F7N+NoOpUBQo/4tZwpMixhxiR/eqXalUYLAG/wUhSaZ1cGhoA6k/VDlu/A8zGsy+HnjJ8cpVHxrnfg3S8dyk7tbY70Fjj42eF3XkfX+qsUrme6VVxxdRw0gNPm02/7l0unooR9FnUVOVcrZCkKdIUHNCFKVkKxFBaFKVMUrkjohJRQUQUbIJkoRCoxs0W99Muw5I4Oa48omDPQAz6LoWx8eyrTZVafDUaHDmCZzNPIh0iOiqWOoh7S0iZEFVjZO8VXZdU0awzUXOlriSByu77rwIE6OAuOIE6Zx1mmepwxUftRba8b5rz2Vex0HtI2Q7F4KGNzFjs+UalsQ4DrBKrvZXu0KdPvniYJa0/ijxOvplDsvOS7iFadlbx4asB3dUS7RjiGVDPIEw/8AKSrDhcseERfSIvxsqSTdo8p6rNhwS0so14vZpOrXk+/xdDkhjSToASVwbfrHYjaWJLaDCWAlubSm2m06ucbCSNeULue0sO2rSdTc4hrhlcWnK6OIB4LUYbY+EoNBa2zB4C9xeGxyzWaiUb58h6DV4tMpykm5vZeC6+/LwVlG3F3A7uKtU9SQCPSnx/PaB8OuYdIr16OGpF7y1jGNvo1rWiwA5DQAKvbb34weGBy1BUeDpSILLc3/AAj0k9FyPenfbEY50NOVoPhaJDR1DdS7qfQBS5JLb9jStLqNXNTzfJD6191dfN7eJm7Qd53Y7EZWyGjwtHENnQ/idb5Lf7pmnhqTabneICXNaDUfJMnwtBK0m426D8RUD3AxwvHGCS7gJtIuTIGhI7Hs7dnD0mBpYHDUtIinP8At6mTzJRGHVm7VazDgUYVslSiui8X9fErbdsUtHOLOA7xr6X+sBe5lUFbLE7CwNUFrWMBByuNIhrgTwOXTyKrGJ3axuDDnUHd5TaSWtjM7LyyQL+RA6KtzPi1Ony7Xwv73X1W3vXmbgleTEbTo03ZH1WNdwa57Wu9iVpWbwh9A1GxnAyZSdHmwB6SQZ5Kx7v7v06mFaKwcXVB3jjJYfGMwzRq6CCSeJPCAhbnXOo6ePFlvnXj4+35iCsNZXkdtakJDXZyLEU2uqkHrkBhZcNuO5tSox7y6iDmYC6bEXHdxlJB4mR+Gbrf4fYeFENNMPjTP4h+UGwHQJpHDLq9NB/K3Ly2/Hr4Fdw206VQ5Wu8QElpBY8DmWugr1hyxb6bpMFE4jCDu30gXhrbMcBcwNAevHjZaPd/bgrMvAc2zxwBH6cfVTdczviljzY+PH5NPmn+/QsLnLw4jadJji0vBcNWtBqVP5WyfksOFp1ca4tpS2kNXCWl06GRcN4gCHHWWiCbNhN2sPTZBbIHAgd3PPILTrfXmVVHLNqMWDae77l+f6FJxVT7ZiKGHAeGufNQupvpm0z8QH3c7vNoXTcKyOEDgNQBwAWswWAwjaueiymHNJa40y2ASILTBsfNbaq7KwlovHhHXRo94QkebrdUs/BGKaS7+9vn+BVRR+1bRfWd8GHHcU+RrG5I8gffKqb2qbfJIwlK5aYgXmodPbX1Cue3MYzZuENwXnMRwzVHglzz6knoAOS512e4d2NxrsS4ktBcc2hLWkS4HgXPc0eUqK/t9z1tFGO+qltDHFqHot5e7b/2l4Hk3MwfcGKoLHuOj2lhIGkTrxNlf2PELbbX3Rw+IpnK3u3xIc0CJv8Q0I01XNW7YfT7zC1H/ALRoLGunWHFkg9D8oQ1Wx30uWGpj/wDO7VWn47L6lnq7VpAkZiYMOIa57QeRcBAWaliGvAc1wINwQZB9Vt9g7Couw1NlWmHTTaTIuwuGaBygEC3I8VTt7MF/+XXa9jyaVSSQ4y5oFjfj5628oGq3Jw6nDkyyxRviV13Or/Tr7m9JSFYcJiA9oIKzFI00IUrkxSFItCopVEWWbMJglCYKjGwkLWbV2Uys0tc0EHmtmEUUJOii7ubEGH2nRp5nZHPbULSTA7twd6/Cu37OHh1/quWYlwp7RwlQ2bnLHHlnLQD8yfRdQ2e4R10Omo1TieX2x9rF3cL9+J/lRRO17bdbCil3NQsJa91qj2AxAg5SLXXKa218fidS53ImavsXkrpHblhiWUqgFsr2+tnfoVq90cEx1Jht8LfoFEknJnp6Cbhpcbhtztrndvrz+pTsNuziaxmqf5jmd/Rb1u7zMO1oAJe85GnV/XL14Dq5qvraDW8F4dkUe/2gyoBNKkwvDolpcDz5ZiyDxNN3IppFyzJKU5ckm/OlaXq6Rcd2tlNw9JrBEiM8aZoAgfhGg6CdSVXe1Pen7JR7qm6HOEuIs4M5DkTp/wDFe8OyAuD720am0dpmmAS0Vbxrla7I1g6udMeaqfceT2Zi/qNRLLk34fm35N3SvwTd+SLT2RUKrqdSs+Tny5R/MR5wHMP510PbGMbQw1Sq7RrHH5LybtbKGGotpQJF3EaFxuSOgs0dGhVrtf2qKOFbSBu92c3+6y/1geqPsx2Im1r9fz2bSv7sUk37Jv1Obbr0HYvaJpk+Aua2oBZsy4vPSGd58l3/AAbeOnQaLknY7saoC+s9pEtLpI+9Vc0D1ytf6OHNdeLwxhcdACT5ASnBUjr23n+JmUVySuvGW/0jwr0KP2lb4HCN+z0TFVwHiF3NmQAPxH9CvduHSqDCtdUe9zn1HVZcS7wwGAyZ1yT+Zci2jiX47aogzL+8bxGZ5y0vq1d82Xh202im1sNY1tNn8LQGt+QSirdl6/HHS6WGBL5m7k+tpb+ibpL7ph3sxgo4Os8/uFo6k2AXCN06VTEYupRp/C9zWHiDc6/hjMTzDSF0Ptm2v3VFlAH4pqeolrR7mfRaXsb2S9merUYQO7BkjjVc1o9crXejuqXOXkd9DWm0Usr5u5e3yx+rb8kdR2TgWUmNY0WaOJuSblzupKo/axvYcNTOGpOh0ZqhFnQdGAjQnn5rolMZW+QXzfvdWqYzHFgBc573mBcxOVvyCc30MPZmH4mSeWe/Dv5yb2vy3fodN7J6bjhDUMS949m0mEfN7l0CvVaxhe8gNHiN4AAuqn2fYE0cGxjhBzOdPAtdla0joQ0EdI5rJ2mVHN2ecpIl7GnyMyD0Tuo2Tnh/VdoSgpfanV+qVnJ+0beZ2MrFrT4RZo5MH6n6Qr/2W7LDMLmNi52Vv8LASf8AO54/KFybYmCNZxeRJLjbWw+Jx9DHmQOS+hN3MEaOHpU3NhzGMkfjIzP9czneymCN/aWWMNOoQVJtJL7sd/dypt99no23jRh8NUqH7jCRfUxp5rg+72EOM2l4rtByPPVziah9g8+i6T2v7UNHDNpg/FNQ9QzT5wtL2UbBdTa6tUEEgi/778pd7Mgf8w8kPeQ9A1pdFLP1dtenyx/6bf8A5OoYMWBIj2PVce7ZdpZ8QKQNmNDPUmSPYD3XZB4GFx5En9V87bw4k4vaBOs1HO/LMf6WoyMx9k4/nnk/xVer2/Cy47sNIosaeDQPkt4V4NlU4YF7XKUe4hSkKYlKUFoVRBFIs2QKYLGEwVmNodMkCYKkSzSbzYPvKRIFx4m8LjhPCRI9VZdzt4RiqQJJ7wCHjQui3eRrfiODp4EE+GtTzCFTNrYGvhKv2nCk65nsBLTP7zCNHRbr9ZumTnwR1OLgk6a3T7n+afX0fQ63vFsinjqBovsfipui7XDQ+SoWE3ax2E8DGB7RZuUZ2x55gR5QfMrybK7UAAG4hkEWJnI/TiQ0tPsxb8dpeCjV/tRP/kH0T4kzFgx67Tp44wUo8+jXpumr6prcbC7v4muQKxyt4tju2nza1xLx5uaObSrFhxQwuSjma11QxTzEB9RwFvlAAFhYCLBUDa/au2CMOwTwc496R5AANB83O8lQKu3cZiMR3wcXOtMukkDQOIjKBwAiOCOLuLejz599RJRXRLfytdPG3fcrPpajiQVXsBsHDYR9SuXTLn1ZeA0U80lxnyJEnQExElc6wXalVpDLVpAuFjmpuLp6ua4A+cT1Kr+8m/WKxgyTlZPwhpptJmxySS4/xE+SHI4YuzM6bi5pRfOndry5+9Hedn7SZVY2pTcHMdJaQORgg8oII9FqN592242rTqve3KxsFjmF4JJmReJ6GR0XJNgb34vAMAqNLmdRmBP4mSCHQBoQTAmYW4xnaxUc2GUg08+6cT6BzyB6go4hx7Pz4svHgkq3pt00ns7VfhZ1jZ9FlFvdssG3dxcSeLuZOU+0WhYt6MZkwWIe37tJzreS4XsrfbGUq78QZfmjOZNR0DhUkQRyFo4QtztbtKOIoPomiAXtyHLTe10HUCXmJnqk52gXZeRZYtTTVptvbz2e78O/uXStbtYkUtoiuRLadZhPEw14dA9Gn5L6FwGLZAymQRmaQQWlp+Eg8QRBlcA3bwBrNqOIsTE8Z1seYkLc4Te7F7O/Y1m5mT4TlzUzJkkAEFp4kBwE3jilFpGztDTvVbxdSTdXyae/o0/4jpu8u6zcZiKdZzmw1uQscwvGshwEgSL6yOi9dOth8K6nhswa+of2YJ8TnR8TupsJ0nKOQXM8T2rVMsU6TWH/AITsw8s74HqCqc/auMxFc1pL3C7sxzT0ceXQRHBNy7jNDQ5pwUNRkqK5Jb/tS9+ldT6SZiA4RzEHn1mNFU9nbn0KFV9R5a4OP7niiZyPM3b0EAjWVR8B2nVqIyVqWZzREvY9zv52uE+ZBPVajeHf/E4pppiGtMghre7a6eckud5Ex0Q5InDodTj4orIlF82ndrwXO+fcdd2bvHh61V9Kk4ksuCPEKh+8Gc8tj6mNCvftrBMxeHfh3mA4CHWkHgQOYXz9slmLpnv2EkmHXJaTGhEfCRwKtmF7UKrBFWnLhY5mOLp65XAf5QUKXRhk7OcZqenlyrm6drrfLxq9uV0Xjd/dSjggXnIS05iQ0tbI+87MSSdYvA1gG6sOCxtOqxtSkWuYRIc0gh3Cx6EEei4ZvHv7icYCwQ1h1DW90w8puS71MdENg73YrBNHeNzMJzXbmBOgJZIgwBcEEwJmEcQ8ugyZVx5Mic/+a7r7/LbxOs7zbvjGYilXc9uSm1zS1zS4ySCHAaSIOoI6Lc7MoMptFOnADbRMmTc5j94kkmTqSuc098MdjGBtCk2kw27x1Nwkx9zM52Y9GtcVdNz8DUpYdvelxqOLn1Zu5xe4xmJvOUMVJ78jNqcWXHhiss1tsop33u/53nr3vx3c4Oq8G4YWN4XNgFwXd2nnxT38G6fT9Cu671bJdi6TaAcGtzB9SZOYNuB4SPrwVG2/ukzBUu/pPY0ggQA5s3j94g66EFTJb2auzcmJRWLi+eUuW/lH8WbDDCGhOVqNh7UbXphw10cNYI1C2pKg9miFYyiSlKCkBRBRBZsgiEoRCsyGQFNKxgpgVSIaHWOrRDhBTApgUC5Fd2nuxRrXcwTz0PuFoa24rJs549QR8wugqQFPAiuPvKHhdx6YPil3mf6QrFgtgU2CA0DyEBboBMjhE8hocbu3RqfEwHzF/dYcJuvRpmWsA6xf3VkKifCLjZqamxaZEFo9rLVv3Rw5M9232t7K1IIoONmipbvU2iA0AcgAAvJV3SoOMmm32j6K0KI4Q4jW4DZbKTcrWgAaACApjtlMqCHNB6ESFsZUlFBxMqjt0aEz3bfa3sthhdhU2CA0DyEBbuUspUOzQ47d2lU+JgPmAsGF3VosMhgHWJKssoIodngZsxgEQtdj93KVS7mA+Yv7rfyoSlQWVNu7lCiC/K1oaCS48ANTJXu2Pu4MQe8e2KYNmuFvzD7zvw6Nm8nwhd7qrm4eW/vsn+YH6wr1gMtOgDT8TWsBa0XBGUFpJ4kzPXMqijLrs8sOOLjzk2vKl+4lKjhsMWCRmeRTZN6jiZgC2g1gCABwC3VMGZ9lT919mVsRWO0MVmzkEUWOHwBxn4Tp4bTxJdwyre7c2ozCUX1DwHgFpLjoAmntfQ8fLifxFCL4pOr/ANn0XfXf33WxzjtJ3ur0cUadCoW5SKeUVHsBOrpIPkqdtTenGYljaT8xA+Elz336TqfOV5qtR2MxkzIDnEnrMn0mAr3gNktDQSFyq9z6eEfhVjx18qq6XPq06vd3vfKjV7m4J9Kn4rFxzEcrAforWsdKiGiyyEoOkVSFKUqFKUHRAlRBFA6NgCsgWIFMCrMrQ4TgrGCmBVIloeUZWOU0oJoeVJSypKBUPKkpJRlAqHlSVjlSUBRklCUkoygKGlBJKkpDoeUJSSpKAoaVJSSpKQ6GlCUJQQOgypKSVJQOjwbYw4qU3NOhEdehHVaTYG+/2P8A2XEiMlgdPDMjKSILfwmI0BiwszxIWi2zsGnXHiaDy4EeRSsWTFHLDhkrX8680bat2l4NrZGcmOLqLBMzcte4+wK51vZvlWxz4Fho0NnI3hYcT19gFmfuOybF0en9Fttlbr06RnLfmbn/ANJO2csGnjhd4oU+9u36d3pv4nj3S2OWDO4eI69BwCuzGwIWGhQDRAWUlI2RjSohKQlQlKSg6JEKUqEpSgtIiKxyokVRswiCsYTSuhkoeU0rHKMpomhwUZWOUZTFRklGVjlGUCoeVJSSjKAoaVJSyhKQUPKEpMymZAcJklCUmZAlA6HlSVjlSUDofMhKSUcyQUNKEpcyXMlY6HlCUmZAlA6HJQJQJSkoKohCVQlKSpKCSlJQJSkoKoJKUlQlKSgqiEpSVCUpKRaQZQUQQUe8FPKxSjK6GZoyqSseZEFBNGQFSUsqSgVDqJMyMqrFQ2ZSUkqSlYUPKMpacEgExNp4A8CekrMaTJtUtbWLSeIkXH68EESkoumYpQlZXU25ZD76xbp1UdRYLd4Dx4RwtM63+SQfEj/E/wBDHmSrM6my8P0c4DSCBEHXjfRI6m20Pm5BsBYC3HiZ6Iphxx8fZiSpKd1JoE94J5W5Ewb9I9VHUmRPeDQGLSTEnQ87IofHH+JmOUCVlFJn+868OZsL30+YQfRYBPeDjYAE20m6VB8SPj7P9DFKOZZalFouH2zZZ14m9uEX9uaDaLDH7SDF5iNXDg7kB7oGskavf2ZhlCV6GYZpk95YamLC8Xvp/dljq0mtEh+YyBaBbxTxng33SaGskW6X4P8AQxkpZQlISkdkhyUpKEoSgaQSUpKBKUlBSQSUCUCUpKRaQSUCUCUsoKSDKKRRA6NgooouhmCCoiogRJUlRRAiSjKiiADKWUVEgoEoyoogCZksoqIGCUJUUQBJQlRRAwSjKiiQwShKiiGMhchKCiGBJSyiokUgSlJUUQNAlSVFEhikoSoogYpSqKILIooogD//2Q==')
INSERT [dbo].[AnsImg] ([ans_img_id], [ans_img_name], [ans_img_url]) VALUES (6, N'bread', N'data:image/png;base64,iVBORw0KGgoAAAANSUhEUgAAARYAAAC1CAMAAACtbCCJAAABs1BMVEX////MAADYPT2PAACLAADx8fGSAADOAADKAADYOzv09PSNAACWAACGAADr6+v4/PwAAAB/AADl5eXEAAD5+fl4AAB9AADZQkLx9/fv7u7YNzfs6Ojh4eHo4ODy+/vTOzuMi5RBAADU1Ng0AADi0tLdxcW/v8SxsbjZSUm2AACnAAC6AADKys/Srq7Nn5+7u8HJODi2MjJcAADPFha8fHxZRVMgAACjo6uXl6CbFhVOAADXLy+1ZWXXuLitUVHbUlJmWWVwbXl9e4XCiIhpFCBVJzWmKirghobilJTow8O1paVgIS6mMzNpAADTKSmmOzvdb2/mubnWXFxQLj2roKCVIiK8KCi2cXG5W1urSkp3cXF7ExPZeXlcW2lzXV2Pd3cYAADab29vKCjKurpRFRXcXV2WGxtsEBwoAACZgYFKHx/HWVnio6NONERtABNfMDtYQkJyRESEQkKALS2aXl5PMDBWJia+lJTCREQ2HR07EhKAX19TS1ojFhZ2IyOoc3OFZmZLPj7CXFyORUWriIh9Tk5mIyO4RUV5SUnId3dKQ0OLJyeWPz+UZ2dbXFwaHh4xNTWakGTDAAAf30lEQVR4nO19i18a57a2Mgwww025yFwYRnGIIwoZBKMIiIpyUQRERSkYY4gaI17SxEoSa9I0rTvbdH/nT/7W+45pu7t7Lr9zzibdPfPUNIYZYOaZtZ71rDUv2tOjQYMGDRo0aNCgQYMGDRo0aNCgQYMGDRo0aNCgQYMGDRo0aNCgQYMGDRo0aNCgQYMGDRo0aNCgQYMGDRo0aNDwfxYuF83avP7x+yNTU9MLC/MYg1P3HK4vfWRfDv7Bhfm5q8mT9aWVlcXD01X3QD9G43Bpbn7K+6UP758NF02yDhwSgPvk54f9O6cD/VarniAMlnixPjub3IplAMl6nLAOrFxN0V/yoP+5cI1MDw7Oz89NTq6frSwClqbveCHnTolkLBMOBSRJEHiSdjF2FaQUjmUJ69Ig+R+/9r8IICpIrx/hZ2VwTa2fut39KCj0EBTZbNy8NK1uZSeJGIlpoElBarU2pjZ2H56fn3911PLaGT5sIVYW/kV5cdG0zeH33xuZmgad2LkCoVgCnEx95mVqSR+vzyZjYRQUAk/T0oH5xI83sZP6AAlEvH7a96yv78HQ86+3Hm9uZrPZzRcvLzZsdqFs+NfjxasycaeYi4erEBMQEWazBWBdn1L3ci30xwM4Hlibwyu1lpfplGFlBG8DWlL0o81sJKKkb9I6br/YKSuUTkftVyK38RctWigTK9Nf8BT/E0Bu2GwOBNvPIuidXzxF2YEU0wCKWa4nk1ugE6lQSBJCceuVuic9379lbx1BTFw8/2Z4eHhoVeAPThfwNkSL67VCUR5ZPj6+EalIOl8DWnSebISiuNolI/wcWX8UYDvhHcfZgYICJBMwNz99z4vywzZ3aCjWUeXAySHwLH2nEjwtSEzYPMnil2HnrBn6fKaxmdy++RQRRV2iwCT1kza0jZzUh+0XEaBBVjqRjqKjKOUaWJEpnexJU1QixKSIw4UvycLfwza9gGvHybqaHQNIMBGs/afrkwvjUFuXDEmWdqmFg+alQGt5Y/AriIkHu9Kr12SKOMFn3jO+RITp87pMybed9wqccyIP57p0H22jgTL7Q6BFB3SJ1X0UKBRF6UTYTxE7Hkpno2f1J1/AvqD0AD9x7z7CPT97x8r8IvgJnByWeLaMggKyAxCO1S2E/vRk2uVfsgg8YmL3/PWDvr5Hzy+GVhtILz/mnj9K0wHDuno2I4sGnvwuAhkiyrlNlCA6RoifDuI3n+/P2L/KAhfAgM5Tr3EcR8lpxA6iyiMiCj8LUTfAYrONFXNSVUyElfWrhRHEzMKhob4VuwynkKHgaZwbNp538KSdDYSSBv3SIKJF6AMmii9uImKzma6DRlCU3Kw2soqHlQxLqiZMn2ZJqS8iQwBQShH28CQCTNI6h2NpoT8GtFA6SpZ1VLrdzOXbhfyxCNx4IJU8IiXbhAN317LIsYCc1WnDjT2mGXvMYvGAIKyNpfn7LtcOkeTtDM3yAtiJ5Y0jUMw3F69ev754uNty2OnUAbG0cGYQ2D50ms3jY4rb7ORRhlDpzibQw/GSZWkcvZNrwT1LLw9z1SqKAc4DssG1fWFiHW9dGNiyH+EQ6oiJNsP4fAzDsIUqBzlEycqdEF05usMK5AhBILcNpSODQkLgeZZlBSGUtBCn69P0jj5EH4GxevXto6evh2cmrt/GY42IoiiRcvLinZeRssTZCSG5+kAsqWqxDGKpO/4RnR6lQFWhOEGwrNxDb0XPW7dcRxMUtQ2Vl6ukQVe5KilZDgfR1kHgbKOhE3W6fQUSJhzbSiZDPMMfcxBAacXDJXK+EKES/M/HvRViFkoHSWOv7XKRWDFbAm1nhG0DsTQNtNi/a2SzEUX07KXTlOf4Nl2EWKc8FWWztrkMhZM4MwfsT0VKUXRKuoPMhoLEEs4Q2OMk4WARS4Jt0hq2n99SXB4SiNv7FEEMSmzduoOSdfq0TC+vojgSI1zOl7H2D+gNljAzDvVZVhSqUkmzQnxxqju0jK/EBRZlxy+KOfxmeGLoybsWywQgQ67Ml/bzCDrXNFUtHyuUqORvRCSXYhFSgQszkqHfmrK/VnDx2MclBgTiTiwprmArqrT41w0h+0UWGLtWPBRXhhigcBZhOzJ1mGVbP8iY8HTFF7ZeLVwtWQmJeQevpXAVPkRIZNG90J0ZA6Kl1Tc8NIMU81MxolSbShUpX23zbYuRNokTVDizIjrViC7rQQRx1xANMjwkpqGoBHwxPfYclAfEkfsIe3DNSk3kuESilKASa2xZpeX+ikHgX0cQVXKl6Wl2lAjkEiMRuL6MLFrY1tefROC7nXsPtMw5bFPr5qT9XhzExZMuv3oB4mKd704DgGkZQhYBfNNepwr2MpvDieCJuEO+gGUAnOm7Ir7wKA72OOwnZAr/C+SD2mMEA0TUQ6ClKgIjL0qUXH35MQelZK0A1YsV7qJl6jAOBQt51nZz7zJb/V5JN0VZ4C3ueRpls4X3D0fAtIhrHz4xIf2kA9SoYSC9j3Ui197L525iTEavlq0u0GKRpCEPksi0KBc7Ecj3/cdwyjKonxhgwoQ1SR9tKWpKcAn5IJHgdBD/2HbA80ROopNm7DmoKoQCl+RBtEmoJAgMuLukQaVloVEnW31ylSsIP6RaBxRoy/EtV2C29JNe5PUMvHcYXQ+q+eQFnSLW/SjAiBT5JlJq87GXh40mGcK7doOWM0NAGELyCFIHF/9nxdTBiXNVG7mpRxXilsJGvJJfKxQK4O/bUCB0kEeiB1nVsH7LPngAMQQJlMgxoNqhcPgyliwfWAyAw3lcVuf7k/TGzFr4fe7VN2HhCXoPXZbLMSnzyn1klQnJMQzvSe2JRZkPGM6AFu+kPmPfzbalJ323EW6f7Vop8p8RKX7o+E4gOeoY7CUcMLYWcI5rzKW5TI6sUh6kudyaj4TuV5BsDNvkkDH3yCK3D/KwZZ8+AEFSZC4tMVtWs94KGHCfLq6sLK3P4ytMXoFKvWvkd6+zRXHNfiGiEIUY5dX64l03B2xDoK0erkh5hABxNo6by1n7Rrk580Tk8uk8zxtWukOLFzX0T95n1bJRabYzzQpXaULkIB8CwhEwl9nWBNRb0FylzWTq5eKBpRwmHVnc9isiV+IFA8RBA5mRXKcgkJf6s8m5nfmFhcHpkfvjfr8qB+wkAfW5vj9zq5PlArOblUXgPy0WhHL/FdvjgAMhL2pt6QAJlCTFsdkZbJRdGxMRZInTj2sSQ6gW6J8Ox6Q1ZH+mRLAtLfEk2EtS2tvMoqoiKhRSxE2+NaPD4VTLQy1ArYGVCDHLMuWRoTJV22DY6uA5QGbWQvX3T1wh86QfWsffvBPU5xT/6iYChFN5gWytys30vqfSKZAZZHSRq6HPI7nnoC+UR+IPFlELOXVYpO+t4nzTHZckn2WxO10RNPtqcUXRUBP4WCYs+fiPMrLbSE4KTDEuSEOVPUrteJPunamRwRN9XBJ+VEB5Rc9aoMWWN8nWBNr+lyHlmAkQJ7/j0e+DuPOPwPLJOm6fJ/nh/WayGVFujqGSLU73kHAgzG5N/gQmL50I8NlFtWwfsOMTaseYrgV8lsPu+Dnc0J+Dx0IOrQYXyUoYMiSZVBRo0cCchH1JgyQNy7OQZlxFIretaD4ydWYOkRcRnQI6qMwALRZ2fIjimtQ1EExKhnW/464BRVDlAC48K/XpUL0C8WTpt20huV0UlZLA1vt3aNe8NUa3UkKqBmJeQx4QEXAP/IM0Q6EI0+lKBV/xtDsTOmjoY8ybg33sSksFtvjjuptAkw851xFluZb3xYiA8BpsPNCSC7FhXCJBCELsRcRDJfL59p7EFwnBOwwpBa2emGAly9mVOrw8dQNOJzEvU+Du7z+Ct5GLyMSRGz8sPyoWQUhAsMxQjaFXJHd/uGxt5cDnSraye7AHlW3wD09kaKOrHk9izVfHj3aBloWBJLN7UNlG3T4cTXFx4cqKW3zlFlq9Wg6OOUV+q4DWUJ79WUdAv64WzhANtHBN/vL7iQC/qRds3xQ6cI4VTwIUWK+H/tOSLaO7PUmLG5uNqdM6vbGKppIK1yRTZGug+BjVNw/IugVCY3AgaV9elvgPbxuUXCCTeIgAghQQnoHDUTpFGTqFZJdoQZ2r6+hWV0ROrC0JxcYgEGXfABcCASJC25rRp+zfimBauHQ1wksE8hPjUE3p4W05J3396LAGJVYv2T6EHoA+7ZcTEp/JhFLq3R7abmcyFjxvmQZalhs6rOR535bgeJxWkIBRomAr98+jomM/GrpNna9Cgc4zWwPz8CTvCRHiL5Q0dGCyLHaRFty5NrCJSOQCcDQLqMVfdmP/z8kCGG5o8KCpq1Y4RREkw9nI+ODVIRHgH0Rujh8PK1wVmkVzih2euIUEkTsJCZpxxu7ipVZreXnjK0GyILPhnXNnA0KmzVHVQjXvS4bIDzfHSOfTYI5ihivv1GnRvrzK1Z5Af5776Iv1z7tQtpqhPr0XEX8KB2wOdKlXnDo8oJcnoM2jIAHQ0eyAhaI3JqA5rnjS0NLEoQ88j3B77Cw4FUmw/Li+cmg1J0lpSKEiKMaavrAePMdym+N0HkXhckcPHy4/HX726NHwzOqEWxKwBYGeJ8a6dl8+obj6gxCznbUvD3WKyE0re76AYWVk5NBiB4OEi3HirS9jnaPRzUbUqR4XdbIHClgXaUElcHkCTZZlKovmHCcr+pj96GWlKadv2lvL9gPw32+y8v7LPgiZAG/QGyzxelhwvXkAcgRsJgpMzGqtS8tSsspRnso+V29ki8/zBfBgOg8wyW+iWju1aCCF3b81slQFCg1dt9j9q1wOwiUNRpc/aAxCC22/NwO2DfXoaLIwx6oVwf7w7Q0IEtiiHAMx1J170fcXDdiupQN7IhxNSK+3xFP0uw+zH2+VTsQt0XH9luvd22onGUHDExbf9OBp4agvi9tLbo8U4g33dkCQltfiXLUwG1lrl9rt8uwTCm2nCnwRmY1Bd5Eeh84GnHOWC9Bls2S7EPdfgI5HuIJv2zo3tWKgx2fgObgZgz4L3ylBs8w3yU8KNOcQl0ymv0uTBQhucAaiJxd6AH7ClypnUjwtPbe/3S7DBYKOhdAnaSkUSvFZNDyx4VvEy0fPNspYLkVZgBJ+1h+jN4SjJ9cUlX2tcI8b7aMGtY3kqeMpsGUwG9DdgJBPoBShijpBiJtD9oe19E1arkQ4aDaJs8EzgvcPyTo0t+Qq0BXiux8LAzH6XT0pylmdp7rHXFrnujRwOTNIwpDiSfRfg/4xLGl3Sa2jmUzfZlakdG0mpEdS0/f1ZaqVT3OVwMbFux+eDj1PfnwGdnQ/sS8xKaJxhcb2t+fQZ+dEPIbhrje5XBF02lMLkbPuaeSmY/bdaxkr+TErEdB0Q7lTjo+b2+DuBMvhzhkhCS9FPMIAGxwwICfQswBs7m4Vi2lUwpK0mlpdgP/MHHD8RWq3CyWQO1ZqbTx8fZ76hnqJBvNp3lbXo8L6fT5lax1dK9zxRaNzudkuHOBhdjpEgukgVq7Q2P4AdVbyLcgNWNLcni79iZL3s1yb3AZavFBSyPNNfNZg4FLJrQwvHULKbB9/iqQDzLb1ah16+Ve3as8qQ/3CZX3BnbQPNm5FEVI4vUeGukULaqHJ3Rdv3npf7nuozvnrme+LivJjrlAWUSiEiJVFaKFXI+4YmApdWs4qlHKdfjnDVaogj+EWzwSKxFkD+v+GB5+QmK7qZK76suaJHKf3One0jC9BSb/IqvPeio+laZqXLoBA8eN2hMtAFq2f6FO2C3W8RenuynoPMlGQkJgs+bh7tKAWmn32fVuSWmtFaPy2au01Kt/ufPpRzrOMUCdWVoqgyRTFNa4pbq+j4KFlp67b/6RQ+x331y1GKprd4DkaMp5jNtvvI9VqJRzLt9cCIMS8VAdaRhYJVngQUcc6x6Gjdw93z1+9UigPVb2OiBVSIB6fQJ/1V5xDIkWhso5aaHRX7eEmh2/Sy+/prtGCWmjyolP+Rlp+8kTHKU+y3Kcn+csJ6kY+fjfO8HWigVpopAnopEFoUeOfztQ8x4quEhE9kUufFCfiyHPgBiL31uvgWXT/ywf/o2lhi4BKNH0KFblPVGnRxd/++Da0GTne2wcKImCmBbI4MKkP039T8N1W6vNtFLVAbzbxyIrb6562IMPE7EILrTwDzW1iTVS42wmuWadq5WWSLROgyU9RY4+pkfdyXJXjPt5SYicnZkSPWAowMcJA+2fUDFE+2WxSKoSGlvWsxWIwmE/n/NB6zYJ/wxmCQ+ovzZ+uRS5/2cE0JaBd1J/oL11/i8jptCdX5aCsn0JZt12BidotVzbFn2npTiXClXO3gbIcDbZvZXxrvJLTyZ9EqhoMM4KBkNhh1B2gFPBU1pKfKtvVffSMSv34Oi2DnQgQZtI7o6plROYDaD2DtR8NLdHUcs6PyAdRnsAZAn8qclm5jUBneftCrTwVUO4V3KJ6OvmPyrWyxtZXp1HzZQjR57fqmAzsXMbaJTvnQlq/2x9VYXKaorLRFI1eWqK1Wjp9bIRQgF7xWY0rISQkwWZjWZIUAlQpkbj5WONqCY4Fc8N7ZzgVWC4n5/DQcur+vfFxPImwhumHmwmO4mRdIiFmZVFOIKQ7pSZ6YWgXG+j66Eulzu1BKdpmZqErJAcXLZLwrQUfG2fM+ba65XLBftbtR25jb6/T2dtbzbcDUr6tmI4HjCbncW02uA+hELIPH4ujpl4Az4fCgJDABMaMvVTRjZ5V4Mt6MD/wHdrHhORyhPy7w/cvESnymaU3yily1tlbKkWDzlFjb9RYugmW4M1Nbegg3LP4QKK1oKk350sOLIzML+nLTKDPaURvLQbb3euJeqYbZWa531gy9sJpoaUCJMOw7V69sdcYzd4EjRI9G7YPjVpH8bFBr4iW/FgsAebtWK8xOIqfRc7qA8JrOHpEi1hgs78duaI7isLTUdNYMxu0jPXKdedob9SUkMfGgkETOuuqL2RulO0bq6VeUzBoRLT0n6y4CSJl33jqcaK3No1KTLZbg4WeqdM4vzwjR0fRW+d8sXi5HuZ9GRNioVo3G/d84Uv7N0EjnLHJ1FuACnE1N3mmL7OOTXgIc4VyPsVfjEECyrBXii3+lhYoRKzUNwYR2AiajEYu2cnnhWY+HESvgF5DJoUDYtO+vGoKmhC3e74ts8FwEBPswqOvo0H8NiVBMHTr3nzPyArQMszF8RWp+DL6Q6u5zNtu0aU3WoMmhQxk7OcWIxyt0WlaQ0NW0ruwSISZd+rRoksd1ofovwar70ubY0Y0+vwNLerSlqdGkzFqGjXKgsBCSMIX8xNQiV/ElGKSxAHTmoDLgXipMKkUuB6abr16aoqrWVRFS8q6tJIDTeTBrhlHcQrs+8Lmq53HRIb5MJuD6Hb2GkEqYq53FjgwU9TUu0bWUeH0X1lBCA6M6RI64DQ03mH734J7t5ZRZ280IMQPp21ev//ez1Punf4tZmPGmDA54W2aPikUzmSSs5f2DUuUG7uLuDBBsK0ZCApgr5Qj7bQgSB/O+yacxqaawG1oSrt0sxXTIrSGTOgamZyyL0Rc+XfcFvv49cvv1WAosFu8RAApUTG6F6ZnVwfhWYOrZfpoNqizopPyMCn9JdBiLAbhrKOCUByARFs/W/k85W7gdQ8DvU6ci3nfFqG39vdby6y0Wqqp58xBr24A32gyVTv5tb3wy79+9/+e/fjD5ainWlpzG53RaInnN7tWiHALDUeDkqTXKfpSxKRtapEQhInRmgXn/RqThAQYMzn3msHRS0adPaM5/saquxcrEscGzBn7bjAaDSIFWvNtIVlGC87wOqtk0tAAWp6ZjViwTBBx7sm5uZ3HBon9xtlx3rFvOyDQgThN1viTmesJy2iwN/jxxYzpwGJ5MGaqjUI3b1jplrT0+NeJgPAYlAVcS6lCBgwnXv+SOcUPjRn3nHslE1QnoAVy3lSy9jtzd7PnqcMDcnnCaESnlCgJEgEd3YDTiU+x4gujtcpowRlek8qg/AjZf6oBLVS0JIP2HE6TrvET8yWzG8xZUAQZ9wSyDAfyCphzmkwJyOmoMU0ZV1FuG+W26OwwYAOuurYC1TtJpLxfx3ujzs77aAQ39Pg20PNRk+J2uk29eSbJAwNwmcfGnBVfrH/OpS4mbc2ochkNSgIB5mcVRxySRoZGaxAltH79w9G7H2y8nhD4b66hFis3zTAr4Xum0I2V7feu2xO9JiXRe7zMBPQp/t8wsSUn5CY3VrIEMe+9woehCE9nDCuD3WIF3wrjn1mdvc5q1jqGG3r/ujnFPtQ7wXHBYeWZWQGkEFtg0z6aPbvwUA8iXlTl0imxBuQ5cBGJ9orhd2/Ov3v1aujp05+GJiZW3TxrBtnoA+ExOYNBKyvpz/B990MDLxwGJ0A3gmPOoEAaUiSmJRodBYZNQefYXYKJT7cEJmxodGuhJaIFWmj+AumeEeqIxMdXpgZXCIl/HVQdBSRRHeW8aXQMYsGDVrWRd+tiXssW9bADTHzT3lrdl/fzlXbN9H7GXI9koqVOdO0AcsEosIY62BZ85Z29aTplxgPJe2B97Q+dRqNpDCqecc1XD9HfYaKRdXZC1VKjz2RMp1AiDlx1qzr3qCvxyfOgEboOOJwAe7BysmiO26VHcKVEdIxrZFkShp3YwfYmoBaj2bP/hAjwr2qqczEVfAdxdnwo2qi//MunmaDTYhzNZFaj25bj106TEg2Qli3m6NGdy2l+Hl97r8wx+xEu/erjoYzr/LMXwg8aTVypml+TSEZIGrrKCmqhY/aHFmNpFLc3zKaeMJTBcj8A7yWjgwyQBwHbjBM1kMZoiVFnzw5QJPK7PC64vVzBt2nmx2eiTmewZgGbCvsZVy1GJxAkc9Fgit7M2J+77054j9m664Pn+4u8NPGZhygvbdnfBKMJUd6v4JV3INrQjDCMLZCxEKddZQV9ymfL/o4wOseQwSz4yuVYgLUL36IGbgxoiYKhCLBfQzgp7zuFDh/Aq9rYK7SIp/0S6jYHMe5LEuA5wP2ZnKNAXpSqjUZBxCEDpbhlDNIwRF/cJRzYluRdwze1YgnYvkEkUnK6uidIswxag6hOsEgk2oFUKBybzVrMA0vzXf7UDBqX7lpVIYFOVmDtrHT07QMnlJk9SKQqVIiAbdiC5DIeHxICeK06vQMG7mFwxmKKJoLOj7CPJA1D0JdAEsBkjKEe0lirGJvPZ3Atk4RHd+lhavtm75bXQiZmmBau5Gi9EZMxZFQmLmNbSbTsymAB32cdOF1Z3+n6RzjxPecsFBF5n4IGTmp9uHj09UE+Ad1L+3uw+74YlOtno3j04IzeLd9yzVu37LsGrp0eGxszRgW6jD2HCflYiKBRkym/Z2xuDxi/r/WawNZKUh9ERcKzv9eU6OzdKhVyp98SIlmVikwsabCiT6sRaOXdgHtVXXgHvm9+emS8O6PKX2P6tMh/eApK4DwoJ3982fdoaDUYnc2sQuGpPgsmGGFTH6bvpDBqDAjq8i08hezPB4aDyLrmfFKKRcVVrR1IRZugV+5glMveVNaYrQDfklBIIIR/7oNHTqyWeNxiMWAq+hv4s43rk1dz8/MLg1Mj9++N+73/uNysOxhZLN7ZNedYsDZKgFcpRU36fvCkzmBJYjJmfcb18I6W0c9r1adP4wL/xHg987kB5l3/BloCOsGJ6Woz115roeTA63MZqQjF7HNMzFrck591YuRkBeHsBK9BHLyHPwnrsH0hJv4OI4sHYNewsgDAwYEC1pD+lpy9OZZJQUMTs391J5hja2z5EK9qWzIE7K+MTry/KKcFgV5eWysgmfD9nWSGQCjKevRhToNZnfA2Jn9ZLjmufqYLqCBdfwAufgXUQkMVUYukE/po49hoENHSO2Zcg/ZMfwKlapf4LJhk+RTR4pg0XNqX78oopAcflmia5H+JCZDMOGQH+vDegHvlDGF9Uh3xdrXS/neB16cNq7mAXTfKBeS6TVSBEQz6yR03LlVYMSsFso5pce1Y4wHoAknbXRm1ZMvFLNQOA0GoknmoSuYVaObC9DiC32sj6T9YUPy78GNaTCovaLpwZ6/SayQjZQ1LU4MNsO4B4U4xQ3F1EejUuj5eRhGBiID0cC8eHgITS+snk1dIJ6an0Fpl7x8uOf6rwMv2hjEZSDCRsQKPKbE+RghbiKVB1/ShAQrs5+yI969jaUA/GQAATJydTSLFnEI/S+KeysSXPqf/BXgniZDtp1z77nMuNP6YIPoUWuaAsK4Punr8c6eGOPGzYq6PqGdNj0wh4PXrf4zi8b8Kx6Q5Cb0HqMSvBbMIueFeucIUjM/dKSaSiYWRPxsBvw9y/tBQTyZny9lfjBXymOsnOyN38w3/Z8Wk/2UU838O7/wiXm2NBXNSNVYgmOO2/zMM/D68+K4FMIEE0/Gl3LYGDRo0aNCgQYMGDRo0aNCgQYMGDRo0aNCgQYMGDRo0aNCgQYMGDRo0aNCgQYMGDRo0aNCgQYMGDRo0aNCgQYOGLsJFkyyLfjqDi/5HkKwNtv0Kv9ntz/sJZdrmsMEXCwz8Ixx4m+OXB0j0a99/wZ/3g7qsrYf2O9BvuCdZL9DD2hz4b6+DZr22nh6H10uSXvQgcII5om1eG2xzQJDZbN3+qVJdgsvG9ri8pM3rZdkev4vuoV2OHm8PDd974UGby+910Q5vTw+w08P6YTfa4XfAPg7Y02VzdOdnvXcdLputx+8nXTZvjwtR0eOFP378HwlUOFx+B9DmJ3toL2wFptBvh2d7bLS/x0HCt39WWiBp4GxJ+OMn/Ta/w+vwwt9ehx9yBmjxer00/hsiBb5Iv4NGD5F+tAl2+5PS0kNiyfU60Ncd7r6D0//8DX7Q9su/Pm9xsH9WyVULLvl7QL9z4Ff4nd1AXv4/X6Galhfz2ZMAAAAASUVORK5CYII=')
INSERT [dbo].[AnsImg] ([ans_img_id], [ans_img_name], [ans_img_url]) VALUES (7, N'tea', N'data:image/jpeg;base64,/9j/4AAQSkZJRgABAQAAAQABAAD/2wCEAAoHCBQTExgUFBIYFRgaFBsZGxkbGBQYGxoYGBgbGxgbHBkiIS0kGyEqIR8aJTclKi4zNDQ0GyQ6TT0yPi0zNDMBCwsLEA8QHRISHTMqIyozMzMzMzMzMzMzMzMzMzMzMzMzMzMzMzMzMzMzMzMzMzMzMzMzMzMzMzMzMzMzMzMzM//AABEIAKwBJgMBIgACEQEDEQH/xAAcAAEAAQUBAQAAAAAAAAAAAAAABwEDBAUGAgj/xAA3EAACAQQBAgQFAwMEAQUBAAABAhEAAxIhMQQiBQZBUQcTMmFxQoGRFCNSocHR8LFicoKS8TP/xAAXAQEBAQEAAAAAAAAAAAAAAAAAAgED/8QAGxEBAQEAAwEBAAAAAAAAAAAAAAERAhIxQSH/2gAMAwEAAhEDEQA/AJmpSlApSlApSlApSlApSlApSlApSlApSlApSlApSlApSlApSlApSlApSlApSlApSlApSlApSlApSlApSlApSlApSlApSlApSlApSlApSlApSlApSlApSlApSlApSlApSlApSlApSlApSlApSlApSlApSlApSlBSrV68qKWZgqjkkgAfvV01G3xL8WtNHTycwe6GZW4kKF0GMlDIM71NZWxIdnqEecWDREwQSJEiR6SKvVAHT+Yr9oBbV9raKzAhFcKBKiF7YgYmR9l5Mmt34Z506mB/fe6MCAkIpLsvaQ7GWj6on7R7tb1TJSoQu+aetNvfUlCo2C2XZESWUlmbuHpJkfevA819QDA6m6GJOJybQPLEFCFkljBJ1iYEU0xOCsCJBkV6qCk8xdSzOV6plHzDk4ci2Mu2QIwEmTA/MRXg+ZuoxITqm0p7Q1xWURIE9oLck/V9X8tMTnevKglmABYKP/cxAA/k0tXlaSpmCQfyK+frnmG4pJN984UK63A4WDMhASS0cT7zA0Kkf4XdY923fdznLocyGDMxDSG9O0YDX5PNNZjv68PcCiWIUe5IA/mvdRT8QOvcdS9pgypijhlZhkMWGQUnFjBcExrEGfQbSTUmP11tUdzcXFJzOQOMCSDHB+1eOj8Ss3lyt3UuD3VlPrH/AJ1+dV8/WuvuLBRiusXDMrAgSo9QSIJBnWuPSvI67AlCCyKp7WVMFJHbgpEKRojHcgH0rNb1fSFYVzxOyszcWVQuVBlsAoYsFG2EEcA81BDeI38irXGthiGIVsILZE3DJABMkcqYET3Qbf8AWkLCs4Bwki6znRJQkg4nk9q6BPvWdoYnjq/E0t2TdBDTbLIJxzIQsFBPBIHr/tXqz4nZdQy3UIL4A5D6gYK/mf8AmoKt+MO6/LZ3wVlNsOiFM5aXlQe0gqAkkamvfgPiNy3dRpLAsAqqhHcSDCyQYbsGt90Ttq3TH0DSsXpHdgS649xxHrj6E7In/uuKyq1JSlKBSlKDwzgAk6AE/tWus+OdM7BVvoSZjuENHOJ4bj0rmfiZ4gEspZDsru+QKsFjEGCfWOTrjEfaosudbJJZ3kDtzZiZBABOIE+8jWqy1sj6C/r7U4i4hb/EMC25jtG/Q/waqvW2y4QXFLme0MCe2MtfaRUE9L1TLGNwIcScw7ZS3adRAOLFe0+3Bmc/wjxV0UKOoQQ0jsKlyWBaWmZIMQRuPvNZ2b1TgKVxPkrzAbjNavXQzlmxUAKMVJ3jJZSZGifaJmu2qk1WlKUClUqtApSlApSlBQ1D/wAUentt1Ba0C14qA4PzZGOIDo30cEAqCD2nXMzAajfzz5a6i91DXrNkMq2S5KsylmUfSEU/3XaIhtQR6k1lbEVXbWBIGJVCMgNhcVlpK6k+nJkcGjXjbOQacYKhlSVMGNGAMTuRM4g63G08Y8H6izdFlrbSFlQAB9UZNOUnIwCx0BoCdVrh4J1Ilrlpwit3jY7gFO52O0r3e3rU7FZfjE/q1xxkE7ZVKzDRHrGQ9IIHJOoBrIZhIHzVQM0HNw3+X1SCYmZbS/zXjqbcgAodLMngFjEDYEGG4MaP3rFudMnPzFIDlQpPcR6QBvk88QOQYBorMZgGKm4txAwEKEwxAI0cByf1AbP5mvCOp0HeDBKcsQWJJkKJEwTokgfisvyt5ZudZcwtqNAFie5EBMS3+JxDRPJA45Hb9R8JLqsptdWHBnMvKMDqCCqtlqeSPSjMcD4egZXbdwx2GEgsWXtg9y6kyAJPp6mdvIFtV6C1iCJGREEAFt9pP1L7Hc/6Vx9j4aX1Pc9pz6uWu+pM9hUz+xWu38o+HXOmsmy6gBXbEggyuoIgDX53SF8dARUPfEUut8WTbOCW1+U0ssoqjLv5JU+v/TMNQ98TAz9cEWTCIxM/QBJXUnEZDnUzwYmlZHDu0qG+sgggZgkfk8R9h7+k1bxOOShWIYmSVBHByn0HEA+sDjVUvMwacpK8EmI0OMRIGwP2PA5Kl1mRCwXNwkwWVFkJAUTqDwNnfM1KtUCqCT8wgAMdkTuCCWJ+rcQZBgiRVbh+WvzCzE92sjkZJAzXQUD239xXav8AC/rO4i5aJDAqO5UIAgfpMH9o/wBvPS/Ce+zXRduIIQfJIJwLkbzWJAB/6eKDi/mgSTnszuM8dyCPfnnX55rI8L6pxcF4NwwLGdDuDYwdDY+8Yzutr415F6iz1CW3DOruiLcUAJk7Ks8zlJJg+4rtvBPhu1u7buXr4K22DBVAOXYAS0rEyF3BkD+KEh9FfNy2jmBkobtJI2JEEgH/AErKrwigCAIA4r3WoKUpQKoarVm/dVFLMYVQWJ9gNmghTz54m9/qnUA3EAhf0lApgjE7BkEe8meNVyV4EDENihIxaDnEiSFJ/bU+pn1rY+PdYty87i2su7EAP9AY5EgjIE7OwZG/aBgXuo+WVbDWMiCDkMiDJHvEH7gHY5hbFt3sGLByeQB9PbsAamIgHjkD3rZWL5BGJYMRCgck4lSTC87Oo+/MVq7t5mOWOAJjFZkakE6+n1nccVmW+qbEKHRthFhQWGX1EkyTokaiR7cVo6/y919tL6XCyZZaW52MIGQlhJT9Iidl/YkGZ7N5XXJSCPsQd+o1Xzj0Li3cABxAty2h2kwIPGWi0jRgn1qXPh91ysLtoXc+4OuyRBAyI2dEkGQY2IikZydxSlKpJSlKBSlKBSlKClKUoLT2VYglQSOJHFeb3ToylWVWB5BVSDHEgiDED+Kv0oPnXrLS/NuAtgguHBNg7ZgQYJBPaCxP+RiZrWtiSLhDsWkqFUAK2pGWRZiPxH8RWx8YdWuurB2dLznIhlLIHYwQSSTM+2hwI3rHYNbJOUIgCiFJloXkzr6oKgftULST8LLuPUXbaLmotoCwKjAFrjd3EsW1AGoGzzUq1HvwqJW3dtwVWLTAFspJVlYgxr6QD6SCRzUhVUZy9KUpWpKhn4oAf1b4hk/tpm3EnGAwju0CBr1B96maoV+InTFfEnMBUNpX02JZypBYn27Yj99TvOXiuPrj3tkLwFHAZizHGZggzPr7T7j199DcBuI1zNlN0OwXFLkTLY8hZkc/zvVt7CMSxc4nIF2b6gIMKW2feQN+/pVgoslzMjgrzlJAUaEiJ7tz+8iW4+k/CjNoNJIZ3cEsWlXuMymfaCIHAEDgVn1yfljxiwnRWy7i2iKilnDpLuguMIfu4aZ4OzxWu8y+ezYYpZtq2LFWZiY7TBCxr/EgyeYidGtTjrfEfGOn6cgXryW8uMjE+lZqsCAQZBEgj2qBes8euX3+bcdyeR3JMzCHDjZyjHkLHpU0eXOtF/prd1QFDKQAPQKxUa9OONxxJ5KUxtqV5JivIetYuUpSgpXGfE3xNrPR4rE3HCGeMYJb/au0qEvO/i5v9Q2QuFAWVBwoVSUyBA2JyJn7ATWWtjm7aqDBzY7UsuZaTo6TZCwePfXNYl9gpbvkjGcQAAGjEGTuBGiNEj8DIdAqm4GxxKmNtpjokYmZMAe0CsNbdy42BIAZ9ngQYaSYxHMzUxTa+FeW3v2eovAbsojLkTw5licTshRwdjfrFaT5bl2Z9NE5M+w08yT+Y/HrxX0d4T4LZtdKtgW1KlAHBBOZIGRadnfvUS/E3wkdP1K/KsJat3LYI+XgslPqyU/TBxOUbkakVRK5rp9/Q3zFBE9uSzrWxAk6/wCa6ryh1Ny1eQ2cTm6h5ZixQuJAYE5KRME6BHqNjj7YXTNbGPdiRiMjrZJbgfg/6Vl9LdNv+4qgCFJaFzOB7WMsQDMYzG8eRxLX0lStV4H1/wA+zbuAhg1uWaROQgTEcHZ/itrVuZSlKBSlKBSlKClKUoFWrz4qWM6BOgWOvZRs/gVdpQfOXmNy192lJN64zEDEu+ZVWCfWJgGI0T9jWsvOSe51QTIVRtvSTPJj+ZrZ+O5J1DuSxZrlwgMxJ2+5XHRjYj24itYym4qsLaD0A7QTzO9bJJ4Ea+wrFpW+E18MLqnLPFJMkq0SDA/TjIHoNjWqkqos+EjxcuJHFoQZJBBeSBr0JP5kn3qU6RnIqjNFVq03O61KjEwcYmDEzE+k/aoY899HcXri19g7XF7QkwqCQpg/qEfjX3qZveoi+Il4N1hVyboFvEKFCYsWMIDskx6nnMVnJXFyDocYVgwMhiYxHEKo2QR77GxvgG1beSALggkGexoVRs79ZXXbG6yOuSQ62ySMQjZEIR+ohB6xDH9/YCbF6AQLYykyRuDIAjQg4gkDR2ON1MbWy8W657pGcgKFTMYJpFKozBYMgQvdJ7eBWMgPcGgp8wEyw9TBAKkehPvwKr0PhnUs39u07j5YuKAHaEXIZAEaOYjQ2R+KsXluKyh1xk2zIxaMi8ySAJ0pIPEcUP1afqLjDFh+qSe0sB9J/SSeBscT9qmjyl4kE6Tpkt2mdCrIz2yrpbuBhIaN4yzbjWPAFQwh0FcEkBAplBDYKTIgkxAOWtzU1/DtifD7YwxCllUyDkoYmdAaBJX74zVRjqiZ1XhV+9VXkVQcfxWpXPmCvQNWo2KoODQaXzV40ljp7kGbmEBAVyAY454z9I3v7VCeLr+sOT3HI7+WdKcSYGzzrZPuRXcfE7rwbyWimWCFpVu6HEHUaMxHOp964C7dIIMaDKqyqsQwhiY1wW1Hr6HcRfVzxbe6IWMIyPeHyZSeVmNgcgQf+Nt5G6e2etFy4JwLOBC4t6EGSugG4gmYENOtRduK5Yq4EMSGhJdiNjZidnWxx6xXrwvqrqpjbALE8H6ZI9oG9iRO9RM0g+hun8R6cKqrdtKIhVDIBolYUTwCCNe1R18UmUtbdWY7KsczioUmGAXYIOYOxBjRFca3U3GtqpIIQy6gQFK/qx1idxvWzoxVp70Lix7CCwCkiMjGUngY6Mj2O+aW6SYwGtITlmrgt3DvLEc6BABEgCAeTxV8LC4qCwP1EqGxEQdASujEif23WNftspAVFhSxMFkhvSBA4gdwB9N1WxfcGWxdmJgFkedQ453AY/efSglP4U9a0PYGJQFmGOYKkYQSrfSGybgkdvp6yVUL/D7qensXBeu3AGhraw0CcJUNvZIUqFM7j7VMltwwDKQQRII2CD6g1UTVylKVrClKUClKUFKUpQKtX7QdSpmGBBgkGD9xsVdpQfPvmJEHVXUVJW2+KAZH5aoCoLKVB1qWJiTzwa0KwxLAlgCCTMsNgcHg+wEkx9zW48yq3zrgVG3cLEH0Lt8zbSDcHcBOh/IrV37s4jEXIVdmSvqAMREQABo/pk+wh0SB8IMTfuweLQAy+qM/QxuBAJmCTUuVEHwg6e58246lQuKl5JfJWkqF3oyJn86MiJfqonkUIpStSVEfxRVbfUpFtFDW8gcVUNcZiJY/qYYjfpIqXKiv4rq39RZ74U2j2lFYSH2R6kkESIgAffWXxvH1Hlx3Y5MUI+nAgkTPJAXFoy5EcfaKsKCXlFGmAYBuGA0IJKgmCYExoa4rIv20U/8A9Aqq57sCdcEgDjumFJn/AHxbTrICFsV3liQyhQCdAg6/1HtzUxdTH8NDduWP7jz8t3CggyVuQ0t7kEHFo4J1W78f8qdP1hX5mQAzOKwFLssC4wjbL6H/AM1pvhV0VpOka4rBrj3GFyBGGMYWysmIWD/8jXd1UTblQf475E6m3de3YS5cEZh4UZrqVBy+pSeBEzoc1IXw56ZrfRlCrooutgLgIeMVykT/AJ58R/ueskcV6pjLdAKRVaVrFIrD8S6sWLT3SJCKWgckjgD8mB+9ZlcN8SvE1FtelBl7neyiCcFMCVPIJn/6H2rLcjZP1HPWXWuO9wu7uWGiwwUyPQ7GI3qdnXvWoawJR2OfeIMgKsie0ETPqJbU8CvVy4hfH5KkCZxlYDEHkLo+nPv71dN0EtcUvAUAZSxAAmBkDkCdRsbn1ioXVjrbY0hdmRRm4xmFBiROzrngSRqRFebbFUDlQQIgSSC3A5eYjjfJPEVm+X/Buq6x2FvJVW4gdh3Y5sIbEDJlBBJjX45rsH+Fblgq3QNDK4RotiAWRQ0gkQJ1vL0iaxn44U3CrB8iHNsSw+WwAIkALqNEQfT71YXxD5ZIaZUs3upJOp9CJkRoR+ake58JtmOpHDEMUOU6KTuTvkkn7Ael3ovhWVdTc6uVDCVVIJQRoMSSpJA2PQxTDUW9O5gFSwSIP0DnkiAAB9ImPfVZz3c+21NoRLBpZCYBHeQMBuPT6ifWa6/zP5JTo+mW4LuThglxoCjBmbA69f0mZG/QCuMukARcA2CSO4SjCEdTwda4H0/cms+mLzsi4szd+RyCkMtttjvJmWO5lRIbnUibPIvXi70iqFxKdvMgjkMDEe4gcEHnmoNS6piC1yAYBCKIGz2MpLDR1vY59u6+Gvizp1Py8k+W4OuMWGwQTHJIGJ92jS1sZUv0qlVqklKUoFKUoKUpSgV5eYMcxr136ar1Vu6wAJbiN/j1n7UEBePZJ1F21cJulG73tzAAaWlWnHfJnWvsDoA/1EIrCCFU7KrKnnKNhDoGdnmuz85dHZulrvTJaH91tW4GSr253AZC74AUSMj7VytxQrKHuQYnSyoEmSJ1EQJ92PEVDpiSfhLYIbqGcksVSZVhzOt8xG9cmpOqFPhn1lqz1JZnC5ZLkWbYPcRBaABBJInY9BNTXVRPIpSlakqN/ixefG3bUMVZGL4sdbABKQQNZQ359hUkVyPnjwm5fQPbVSVRkbUOVYjhsTobJBIHBmJnK2eoVDBV7SoAz7PUASoyWRyYkfb+fFm0qQLihUxmZPqW52dfb/z6XupW3bdkZ2Uo5QaIIKt2qNwIiAVHoTqQatOjKpBT5hI275NE7AEEgGIMkEiTFSt0nhXil/pLcWbj2w8sVFtSJkRJkQ2OP3+oRqTmt5w62Q3z2dQBDDBFmW+oYSdAc63+1ctZziGm4SRmHM+gMTOhtufT7TVRfuMQ2WMTovizchgADBO5n0A4Hrg6LqfNt92R3uMGUhkUYkDcgATk0kAb5HqRBF3xTzRcvILjEBwYJX5lvJHWCnb3QCJkbiedGuY6C6YLKgGRxJaQiqoEiCZbRH2GX4i03UFSuLjKZbIheSSxxB2IMwZOgNxQxMPkjxW5dVQ1xGEMpRACUJIa2WjcMq3O48n712tcT8NL7Hp2V1VO/JBK5MCoJOI4AkAa9DXbVc8RfVq/dxWYJiNAEnZjgVC3nHxo9T1D5FUCwiGYyVHLg5EaBIX2meDxUseZfEPkdM745EjFR7ltb2NfvUGdddtguJHaOxxk3dIKS0kmP8tcfmJ5VXGMXqbgRgC4diASq5KxY7KMJBVIG5PdOhusd0GUfMKD9QKOrBV/UCfqkz/0VfXoGRy5KgldQzaLD1gQIIHssjmK2/lnwodX1aW2UgSSWKyQAPcT6EckjIiZE0glnyT4clnpbbC2EZ0DMe6TJJWct+s/kniYrpa8qI0K9VaFKVWlBpvMHhCdVadGRWY22VQ2hJIZZMSO5Rx/rUFeM9I1q5hcm06BQgYy0QMZIjHg6AAiOJmvo2oz+J3g9u2V6sKzOzgMo2THDBiZWNCBrf2FTZ9XxvxGT2I08ZzMuxQtkDyvqODIPpEkarceWeoNi7buEqOAcgq5AmIJA7vcA7kATFaY9Y7kjFmG8ZKhgDxgQBI59Btj6arNs9YTD5kMHAyKoGAJJUCV9CCZygk/vWGPoXo7pe2jlcSyKxU8qSASP24rJrmfI/XG90oyIJViNcYknGBMAROhoREV01WgpSlApSlBSlKUCvDqTwY/YGvdKCMPMnkzq7t17lpLZnMzm8sGJbFQWlSTHBAEDnmufPkbrEvhMVycO2QUhAwkqc8WCj02JGXG5E30isxU5OE8neTP6dvmX1lxpVJRlG2BMwSZGPqPwK7ulK2Mt0pSlGFazx3p3uWGRFD5QCCzJ2+pDDc8a/8Aw7OlBCXiXkfrVVnKAr83FbZuM7AMQisCqwABzxPtWr8S8mdZ0rjO2XEwDb+gySI5ETokaG/evoChWpxfZ8z3jcxUG26y2MkhG4/9UdnBg/iRGrV21cCK/wAshCCQ3ysQRJEFjKmCP9fevpTqegtXINy2rxxkoMVcXp0ChAoxAgLAiIiIph2j5t/purQYf07qFIJPy2Bx0YnHid/t7Vs+i8D6oJ8w9KFt5MsEPnmsMEZdyWnUwDwNkKfoPGsZeiQXGuhQHZQrMJEgREjgxHPMaph2jh/hh4Vcsm+1209snEd6uMiS0nJvrOhJGtipDpSqTbqMPiV16uxsu/y1t8kHPPJAw7BpWHcO4RDfeDwCWne2lxLJdFYiJDqGbhdkSxbZMQffUVP/AIl4Zb6hcbiyAQRxohlYaIIO1HI96uJ4faDBxaQMBAIVQQDyJA4+1T1VOUQA3RXvmsnyriXcSQRbcuVIbGH0UEArOpgTXefDPoFN25dKlGSQUxAElj7Ejt/PqDUinpE+YLmIzC4Bo3iTJX8SJq6lsLwAJMmNSfekheUz8XaUpVIKUpQUrnfN/g7dTYIXEsqsQrKWDdvAIIKtIEEesaroqUbLj5svKwLSpZRipZyRGRLkgASqt7bgTViy5JSLgBB0ScVnQGJ/UvAOtGTqvpZrKnlQf2FYw8KsST8lO7nsXf51U4rYjr4X9ZdJuW1UBCylmlWVSMlJWDPdiR3e6nY5lKtf0vhFi02VuylttyUAWZ5kDn05rYVSarSlKMKUpQKUpQKUpQKUpQKUpQKUpQKUpQKUpQKUpQKUpQKUpQKUpQKUpQKUpQKUpQKUpQKUpQKUpQKUpQKUpQKUpQKUpQKUpQKUpQKUpQKUpQKUpQKUpQKUpQKUpQKUpQKUpQKUpQKUpQKUpQKUpQKUpQKUpQf/2Q==')
INSERT [dbo].[AnsImg] ([ans_img_id], [ans_img_name], [ans_img_url]) VALUES (8, N'snack', N'data:image/jpeg;base64,/9j/4AAQSkZJRgABAQAAAQABAAD/2wCEAAkGBxMTEhUTEhMWFhUWGRYXGBgYFRgYHRoaFxYXFxgdFxgaHSggGB4lHRgaIjEiJSktLi4uFyAzODMsNygtLisBCgoKDg0OGxAQGy0mICYtMC0yLy0uLS8wLystLS0tLS0tNS8tLS8tLy0vLS0tLS0tLS01Ly0tLy0tMC0tLS0tLf/AABEIAK4BIgMBIgACEQEDEQH/xAAcAAABBQEBAQAAAAAAAAAAAAAAAQIFBgcDBAj/xABFEAACAQMCAwUEBwUGBQQDAAABAgMABBESIQUxQQYTUWFxIjKBkQcUI0JSobFicsHR4RUzQ4KS8CRTY6KyFjTS8XOTo//EABkBAQADAQEAAAAAAAAAAAAAAAADBAUBAv/EADcRAAEDAgMGAwcDBAMBAAAAAAEAAhEDIQQxQRITUWFxgQWRsRQiocHR4fAyM1IjJDTxQnLCFf/aAAwDAQACEQMRAD8A7sR7IKkePxPnT106iQxGAcbfCn6X1jkcDy8PnXPOFYlOZA8PP+FETlDaNmG58f5129rUoKggAb4+e9cCqnSNxn+NdUxqYh+h+H9KIkV1wxKkdD8aeFXCAMR1Hn13oGvSMYY59dq6ff8Ad5DZqInLnJ328PA0DVjcAnqB/WuSFdLHcA8/9/GuwGMDV+m9ETmAzSCjrQKIlooooiKKKKIiiioXjszq8ZUuFGktp1Yx9Zts5A/YL/At50RTYWgmqxxe+kET920moSTe6Hzhrebu8YHLXpx4HFM0yM8oLTnE8G4eZRpe5kR1AwMAR4zglSNLbHeiK00VUHnuVWUgSkmUMoDMx0xvNIT7WAqsEVCoOMcs6sV67hXUNpabBabPtyE6Q0YGnfI2LYx50RWSiqxwySfv4QTIYiBnVq2KxSe9nnq1Kd+qDrVnoiKKKKIiiiiiIooooiKKKKIiiiiiIoopQKIkooooiWiiiiKP9kliCRz6eO1KFIVQrDc+OP1pWzpOpBufT47UpCllGCDgfz3oif7WvcAgDngeHQ+tcww0klMZONvn15UsePbYNz8emafpfSuGB8fMfxoiQouUGSMbgeu+9dI85Yhs+A8KXfUfZGANj1rnldG6lQTyoi7tqAGwJ6+lHXlyHOm4GQM8hyzzHLenAHff0oiQYx4Z+Hl1p9IKWiIooooiKKKKIiiiiiLxTX5WQJpG7KoOsjmjMcjTt7uOe+elc7fimpGfRgCPvPfydy4wdsD3D161IECjFEUcvFCSBoHvKudTdYu9J9zoNv1xTYuLFgCFXfutu83+0ZV5ac4Gob+o9ZMCgKPAURLRRRREUUqihjRElFFFERRRRREUUUURFFFOAoiAPGkJpCaKIiiiiiJaKKKIvJo2UK/n610GrUTtjG1DAawNPIbHpXNdOGIYjJ5+B/2aIkJ9j2k5ncDb408qusDfIG3hTtLeyA3LnnrXg4lxpIW0sCznGiNBqc+o6D/YzSYXQCbBe5B7xDZz8hT/AGtuR8f6VCd1ezA7RWyHfGNb/Hp+leaSEKcScUw378af9uqs9/imFaY2p6An0BCttwFciYjrZWYczt8fGmqBjwz8OdQcVrdY1QXkcw8HRcf6kyad/b7xHF3C0f8A1F9tD8tx6b1JQx+HrHZY6/DI/FR1MJVpiXC3n6KdpJHCjLEAeJOP1qBW5urneL/h4fxsMuw8VXko8/zqKmbhyPpd5LqbwBeUn007H0zXip4hSDixgL3DRonz0C9twby3acQ0czCtDcXtxzni/wD2L/Ou0F5G/uSI37rA/oaralCPY4JdsPH6kT/A1xuHsshbmyntSTgNJA8Qz5Ff4ioxjq2tB8coJ8pXs4WlpVarjiiq4XltUEsUhubbmQSGdV6lW+8B4dPzE7aXKSIHRtStyP8APwPlVzD4mnXbtMP1B4FVqtF9Iw5dqKKKnUSKKKKIiiiiiIpQKAaGNEQTSUUURFFFFERRRUXxfi3dssUSd5O/up0A/E56D/e1cc4NEnJdAJMBSlGKq9/bhQGv70rnfu0bQvoAPaceeKiBd8Gz/eNn8X2v8qzx4kx37THvHFrTCtnBOb+tzWngSr/RVZtYHC95Y3PfoOcTsHz5BuaHy2qX4RxRJ01Lsw2dDzU+B/nVjD4unXB2DcZg2I7KGth30o2sjqMl76KKKsqFFFFFES0UUURc8Nk8sdB/OmHOBlc5O4HTzpQowcZAY8+W59a6N7O5OwBJ8xjxoih+O3xRlihGbh9l8FXfLH03/rjFeOFO4kFvaxm6vpdyT0zzaRifYTyyOmTuK89vf93BPxGQZeQkRA9FB0ovxI3x0XNal9G/ZX6lBrm9q7nw87nnk7hB4Bc422JyfADKLfbarg79thiL+87WeQ1vfor+17NTBb+t1+g+pUHw76Le9GvilzJOx37mNjHCvlthnx+L2askX0dcLUYFjCf3lLn5sSfzqzSyBQWY4ABJJ6AVQO030hNFMba1hM9wMFkBCrGDy75yDgkH3BuOrA7VpAMpNtAA7AfJUjtPdJuT3P1T+J/RVYP7UMb279Ht5WQj0ViU/SqtxLhHELPOpfr9uPeKppnRfF4znWPMZzucivaO1PHOYWwA/CROfmdf8ameyPbOe6ujZXdoqSrGZe8ilyoUELnHvJkkD3iapF+DxsskOPxHQ52VkNxGF96CB8O+nwVf7O9k5uKAXF4zw2R3igU6XmXo0jDkp6Ac+mNma/Siy4XAxjjigRV1MQuMAELqcgFnJJCgbsxIA8rLWX/S1YzSoO7hkmVLmB5Y41LM0KxPj2Ruy69fxNW6dNlCns022Gg/M+Z7lV31HVHbTjf8+CYfpTmI71OHSPbDcyNIqMVHNliwdsb+8R5ir9bSRXcCyRnVFMgZcjKlWGcMjbeo58+VY5ddomkRoobS6MzqUWM27DBYY9rwAzWp9lLI2PDreCTeSOMAqDzc5ZgD4Ak78gBnlVfBV61YONVmzw/Pn8ApsTSp0yBTdtfn59Vm17w1LHiCRRDTBdrKe6zlY5oSRJozyQgZA/axyAFVS24i1lcyou8Wsgp5Z2K/tAY9cfK0T8RF5ftchgbe0R40k+7JI5LzSL+zuQPIKetZ/f3PeyySfjZmHoTt+WKrtI9teWZBon/tJ/8AP5dTx/bNDuJjp/tatBMrqHU5VgCD4g10qt9g5y1uyn7jkD0IDfqT86slagMiVQIgwiiiiuriKKKKIiiiiiIooooiKKKKIuc8oRWduSgsfQDJqqwXbQ2z3ZXVc3LBY157ucRoPEYGcdcAVL9rZdNpMfIL/qZVP5GltbMNxDhMBHsozSY84YtSfIrWbjxvalKho4knmGiY7q7hTu2PqjMCB1JhXPsf9HcFuomu0W4vHw0kkgDhW/DECMADlnGT5DAFwuI4wh1BQgG+wxj0IwflXqqm/STx02trJIvvRoGXr9rI3dw7dcMWfH/TrSA0CpSs/wC2K2cF5A1iyLctMIp4IhgNG2ctJGvsxup5gb75IGCBXu0lybe+MkJwSqsw6EnIIYeBAB+Oa97zLw6CJQivPICzsx31HBcs3NtzjGRnBqoXVw0rtI5yzHJP++mNvhWPSca9f2hghsFoP8r5xoLarSczdUt065mY4Wy6rTuD8TW4jEi7dGXqrDmP6+de6qT9HznXKPu6VJ9QSB+RPyq7VrMMiVnvEGEUUUAV6XlLRS6KKIkbbG3PnUT2nm020zddGnP75C/xqVNQvbFc2cuP2D8pFNcOS6M1zjsQ9zwmzI9kyCRh4/V4w+D453rdaxWxkA4vwp+h+sAerW7Af+Qraqz/AAkD2RrtTJPXaKt48k4hw4QO0BV3tnxPuLd5MZ7tJZiPHuU1KD6yFKxdLlrSwSQHNxcnvHkO5LSAuWOeZAIHqc1rH0nQF7O4A62t1j1URyfpGayLtH7djZSDlpUfExj/AOJrx4jDn0abv0l1+oEgHvovWDs2o4ZgepuojhnEpPrEbSSuRrXVl2O2oZzvyrSex10sHGnWTb61bqsTH8UZyyDzIBPwHjWTQRa2C+O1XK1P1uIQSOY7qAh4pAd8r7rqefQZ+B58o639vVZiAPdA2XRoDkexHlEKRn9VjqU3Nx9O+i+hK8N/lcOBkLnUMZOk9V65Xngcxnriqn2A7am5za3YEd7EPaXkJVH+JH0PiQOXPlyvVa4IIkLOIIMFZXxL6S7uK5e0HDg0q7qRdgB0PuyJri9pSN+fiOhxCcXuL69DfXZY7a2++kTEs689MszH3fIeyfw9auvb7sgtzGGRu7ljJaCXl3Tn7jn/AJTn/Sd9xtWb3ERvY2hmXub23JDxnb2vTqrbbjOMjBIO+Z4jVr04LXQw2Lolw55xB4gW6xNzB06TyQ4S7QTAP35Tfkovj3HEKC2tRphXYkDGrrgdcZ3JO5P5wtlYyynESM/jgbD1PIfGpPgHADNIwlyiRH7TOxyPu56eJPQeoq28Dtbq+Jj4aqQWqEqbl1yCRzEKffPmfiQecLHbs7jDN2jmSTYTqTqTnb5Kd3vDeVjA0AzMaAaDqorgpns42ElqzIW1MyOrEbAe6Ogx41Iz9og+lLVe+kcZxyVB4yHp6fzGe/HuFXPDHhdrw3MbyxwSq0QQqZFZg6EE7ey23THXORwvkMUi21jGPrV250+CjfU7eCqATjl7xweR9OxWKpOFEtBcf0kTHOZygX1XhtGhUbvZIAznPlHGUv1O+O5uYlb8AjyPmd6dZcXdZBBdKqSH3HX3JPTPI+X6bZsUn0UWaQ5naWW4OA1yZHBVmONSpnTpDEbHJx12qkXYaaymSbeeykdGP7UJwxz1yuRnqRmvb34jClrqrw9pIBtETkRfLy6Ly0Ua8tY3ZIEi8zGc81b6iuIceijbu1DSy/gjGo/HoP1qv8H4pc3KC3U4I9+bqE8P3jyzzPzNSfDEcyGz4VAJJV/vZnPsR+cj/eOc7DwOAcECeviyH7qi3afE8ABxJ05cdMwo6eGGzt1DDfOeQXX61fvukEUY/wCo5Y/9nKl1cRXcpbP5KXU/AttVltfotlkGbziVwzH7tvphUeW4Or1wPSnXX0UIozb318jdCZEkX1ZMLq9M1Hu8eb7bOkEjzmV628J/F3mPuq1b9oAGEdxG0Dnlq3Q+jjb+HnU1UFxCKe3dbXiISaKY6IrhBpDOPuyLsY5PljpnciNRrqORrGNsg4KSnmkR5+uOXry5jHqnjXNc5mIGyQJnQgajXsuPwwc0PomQTEag8FNcQ47HG3dqGll/5cYyR+8fu/rXn7/iD7rDDGPCR2Y/9lcrKN1l+pcMhEtxjMsjn2Y/2pX6n9kfAE7VbLT6LXcBrziNyz8yICsSDywQc+uBUYq4vEN2qQDGnImS4jjGnfsvTmYeidl8udysBynXsqdxa1v5IXjkjhcHH92WB2Ib75APKpixfHGuGeYuR/8AwapTin0bNCC9pf3KMN/t2WWL0bCgoP2sEDeqpwzib/2pYJcJ3dzBcSQypnb7SPCsn7LZ/MeIry2jiW4im+qQ4DaEiZu05i+oAt3Q1aJovawEExnfJwyK32sl+lGfvLi0t+kl0XPmlrEux/zSP8q1qsM7e8XEfEbclWcrBK6IoyWkuZ5VVRgcyAP6natDE7W5fsC8GOsWVWjG8btGBInpN14O0XALi5uCy6VRVVVLNz+8SAATzYjfHKoa77I3KAkBXx0Rjn5MBn4Vo3Cfo6uLoCXiVxJHq3FtAwQIPCR99R8hy8TUV2x7Mf2XGbq1nnKxaGkhlfvEeN5Fj9g4BVgzLnPjseYrMpYTG02Na1zbCNmLdJzn4c4V2picO55Ja6+s/L5TK8XYyGJYT3bZcn7TIwQw+6R0A3x8asFU7tNObe4juIdjKp1Do2nHvDzDD5ZqycI4mlxGHT0ZTzU+B/nWhhMQ2vSa8WnRVsRRNN5abr20A0UVZVdO1GikooiSvDxyPVbyr4qRXurzcSGYn/dP5b0RVh7pzZW91GMy2UiORnn3RAYE9AVwT5VvPCeIx3EMc8R1RyqrqfJhncdCORHQisB4be/VpSW/uZdn6hW6NjwPX+gqxdneOvwhyrBpeHSNqBX2mt2bmcdYzz29RvkNl4Vww1V2HfYEkt4Gc29Rpxnor1dprMFZt4EO7ZHuM1rXGINUedOrQdWn8S4KuvxRmHqRWHwcPERm4VO2wy9rIf8AEhYl42U9WHUfvDoa3HhPFYLmMS28qSoeqMD8D1B8jvUH2r7KWt0mmZchSWUqSrxE7s0bgHSCRkqwKkgHbFXMThxXZskwQQQRoRkfzTgq1GqaTtoCdCOIOixBuzlzA3eGPWq5zoIJxgjIHP8AKkUtO6C3BMo9oMNtA/aP8P54NggZY71ILK7nu4lDfWGlZXVDj2FSQbM2eenbwJ3x14sPq6abUAT3cyxoegeQ4B8gN/i1Zb8XXpP9neGue6IjK/8ALoL/AGur7aNKo3fCQ0TPHt5wn8XsVkSMzzJDdR4aOZG0FXHIrkg4z0+VXLsD27M7CzvdKXaj2WGNFwo+9GRtqwMlR5kciqv4V9F/DoYiZ4/rMuMySzFmLHGSQucKPDrjmTzrNuK9moG4hJDaBrdYYYpGxI7d3cSASKYyTkAAr15qcY2xYo0TgaZL6ksF42cp4X4nL0UFSp7U8BrYd1z62+PqvoRlBBBGQdiDWdfSD2Tdytxa7XUQ+yP/ADUGS0En4jjJQnnupx71SX0bdqXu43gucC7tiFl8HB9yQdPaA3x132BAq3XcAdCp2zyI5gjcEeYOD8K0vde3iD5EFU7tPAj5LBeNcVW4sA0R0d/JHE/ipZgrhvHYAb8xit24ZYxwRJDEoWONQqgdAP1Piepr5++kGLubi6EQwJooL7SOSyiUJJgebam+NfQ9tMHRXHJlDD0IyKp4DDtoB7G5bXyBv0mFYxVY1S1zs4+ZE94WYfTG40wgnAN7agnyWKVjn/VmvR9EvDTK0/FJV9qYmKAH7sKHGR4amG/7nnUr297HNfgRhxGBLHLrK6hgRvE646HBDAnbbFWjhEcSRJFBjRGqqoHRQMKfMEDn151Z3Q3m81iPjJ87eSi3h2NjnK6cVj1QSjxR/wDxNYzMueIcVj6P3UmP/wA0Gpv/ACrbpUypHiCPmKxeVdPFZv8ArWlrL/pRYj/41U8V/wAR/b4OB+SnwH+Q3v6FQkEMkFnDBAP+KvHRF8jJjc9QFUgZ6Ek1tvZTs9DYWyW8I2Xdmxu7n3nbzP5AADYCs8+j+z+u8Re9P/t7MNFAejyuMSMPEBTjw9pT0NavcyaUZvBSfkM16wFIsp7b/wBTztHvkOwi2hlcxdQOfstybYfM9yst+k7tXOjCG1fRIySzF9j3cMOoalBBGqR1YBugUAY1E1fexl689haTSHMkkETO3ixQZO2253rFO2U4W54kzf4Nra26+k0SE/NiTW49lbIw2VrCeccEKH1WNQfzFT03udUeNGwO8An1Cie1oY0jMyfjHyKov0zqPqz+IksmHkxkmUkeekYz4VBdpbsW0UtwozJpCLtncudAx5FiceVT/wBNA/4WQ9A9kT6d7MP4ioC5tzecQtbOPcRyJcztzCJEcgHzbOP8y1m+JUN9iaDIke9PQbM+eSt4Opu6NV2to6kGPzgtF7AdmRYWiRneZ/tJ35lpG3bJ6ge6PIZ5k1C/ST2mlt1VLdgskkghQnBCnR3ksjA7MEUoADsCxJBwBWg1j/0r2oM9o0me7+szwvvj/wBzBFoOemytv5Gtaq4tY5w4H0VGm0FwbzHqrX9GHGZ7nh4nvHD+3KBIVVNcatpBZVAHMMOXSsw7YzgcYtXX/ANgsp/C/fFgrftBNIP7uOlSltw+/ijWCLiciQKMKvcxllXwWT3h6jGK8nDeAJLe23D4dTBZBd3cjHUx0HI7xupYnGP2wfGqTPEqNV7WUTtE8iIGpMjhYAZkgKy7B1abS6oIA5gyexW91nL2VtaXH9p3rKDFDDBGG/w2CFnOBkl2LFVCgnAY8iSNChk1KrDkwB+YzWUdrexV7xO4gIdYrYJrZ2OW7yVmMhWMc2ChFGSMBedaCqK/dmO1NvfwvNbs2hGKMXUpghVY8+mGBrPPpH4n9bnSwj5OUkuP+nBGQ8aHwZ2OvHMDu/E1cpeC/UrJLayUYVJAmvfXPpLRmYjGQzg56ZKjltWb9igrQGcszTSszTu/vawTkN4AZzjzqh4lizhqBe3M2B4E69rq1g6ArVQ05Zn6fmiXtOLPVH9acqTlUALDGSMn2RsOW522qNt7f+z5w+otbzDTq54PNdWOfXcdCasvYfhiXkl3fzxiSA4s4VcbMmtRKw+J2PiWHSqxbw/8BdwMSy2000SMeZETgqfzI9Kz6VKrg6dJxcbkAtOQnhwIOec3Vx9RmJe9oAyJBGZj4GdOyuKsCAQQQdwRyI8qWqH2Q44Y3WBzmNjhc/dY8vgT+Z9avlbrXSstzdkpaKKK9LykNNZcgg8iMfOnGiiKl3EGCyMM4yDXntOKy2ns47yA/dJ3XPQHp6HY+VWPjtjn7RR+8P41AuoIwRkGoa9CnWZsVBIUtKq6k7aanxR8OkbvY3ktZDzMbNEcdd1yo+FdrqOzK4uL+4uF/BJcPINuWwGf/qoG74cw/u9x4dR/Oot1I2IIPntWecE5thVeB19DEq4K7HX2Gk9PUTCst92mVE7mzj7pPxYAPnpHQn8R39K9c11izsbpQW+qTQSOBuSIm0t8dh86pwqxdm+IdyGjnX7CXY6hsCRg5H4SNj6DzqKphBRa2pRbJa7aPFwyMnjGXPS6kFY1CWVDAcI5Dh2X0NPKs1szRMGWWIlGG4YOnskeuRWQTTLFxW+EjBe/W2miLEDUndYOknwOR/lPhXfgHGrrhY0RobyxJLKqtmWIHchPxr5efMdfVxXtnwK5AF3DISuSI5bd9aatyFZM4BO5Goirr91j6DmMdYx1EGbjtrpyKpjbwtUOcMvI2jPoU76OR3/Fp7mHeGK3EDuPdaRpFcAH72FX8h4itI47xNIInZnVMKSWbki9XbyHQcycAVncP0gxRxiDhnDptA937NbePfmdZ1Z+IBPj1qvcWWa4xLxWZFiU6ltoyRHq6FySWlb4k+BwSK8nEYfB0xT2piwAu49v9DQL1uq2IeXxnecgEyKE3zXdyVKpPH9XtlbmIY10qx82YK3rnmMVpv0VcV+scLtz96Je4cHmGh9gZ8yoU/5qyCTtcfrCFRpgX2dONyDtkgeHQDw86sHDJ7u0klm4cYZIbn23jkLAB/xxlSMZ67+XQYq0MS6jWc7E+6HwRewi2ybRMRfl5WKtAVKbW0b7Njzm8jlMrRu3XaKO0t3d91Ue0oO7k+5EPNzz8EDHwrLeznEp7C7jv7tyUvCVu/CMucxNjoE2GPujUB0p18JGdbrikyExkmKGMERqx3JUH2pHOAcnJ8SQBiLtu1ayvJHcoO4k2AxnSOXtY5555G4PLy91MdUqOBww2mtzP8uTeMC/WO/inhGtaRWMOOXLmeE5dOeX0RG4IBBBBGQRuCDyIPWqB2r+j03kqOk5gKq8TMqhtcDuX0D2hpZSzDO4II9KqvBbniFmgHD7mKe3+5HcZcIPBHQg48sgDwr3XfaXjMw06LOEHYt9pIfUKWKH0ZTU/wD9LBvb7zx0PoQfuovYsQDZp7fUWVwPErPhkdtbK6xRaljXO5dmODjx9ptTychv1OKtcqBgVPIgj57VgFzY2mthfXJuLiUaWd29wdAoGREB0zyztscVO8P4txi1QRQzW9zEBhGuFfWF6DUjDUAOpJNcb4rhyfeJaNC4QHdPvC67A1gLCeMXjr9lL8U+joS3q3c82mL7EzQhcmaSBdCaSDurAD2cZ3I5nItXZ3tPDcXFxbLJqlhwzAEFRn2SqEe9owoYjYM5FZxxG74pcqfrV1DbRbhvq4YMVPMd7IdSD0OPEGoyz4fb5RuHXHcXEGQki7lgeeoN/eqfiPLG1cPiuHn3ZI1IBgdfsgwNYi9joCbnp91rXbLs2L6F4SdIlQIWxkqyuskb4JGoBgcjIyGqM4Nwm34RbSs0weVvbnuJNt/ultyQoydKZLMScZJJqsHtNx3Gn/gD+3icH1IDAflUDxWDUwl4pd9+VyUgACRgn8MK+8d8ZwM9c10+KYb/AIO2joGgklcbgaxPvCBxNgta7GdrLfiEOuByWQ6XR8BxgkKzKOjAZBG3McwQF7Wdm47yJ45ASsgAYAgMCpyjoTsGUk89iCQax6Ca2uJBNbzPZ3Q2DKQhPQBgDpkGw2z0AO1WSLtFxyL2RJZzj8Ukbox9RGVWjPFKItV9x3A+oORHOV12BqZs94cR9M09Ow/Fx9ml3bNHyEzxyCUDx7sqVJ9WPrU3Y2Vpwa0lZptUkh+2uH95332UZOWGTpjBJ3yepqvT8e43KNLPZwg82RJHI9FkLKfjVfuLW270Nf3Zupj7OZG9lMj7qLtEPXYbHaoW47BUZ3AknMMHfQAR34xqvZw2JqRvbAauP4VufCbpHtopU2jaJHXfOFKBhv1261mFz9IM1pxFYpTrtFitVm9kZieWMN3mrmfeGQc7ct+fh4Zc8VtYfq1vJbTW4BEffq+pVP3cxkBl9c+GAMCvEEih7367KJZrpszHTtjBA9ke6i8gfljG0lTxWhsjcnbJ0Ezz0taV5Zgas/1PdHE5cut1uE0ayx4zswBVlPoVZT5HBFZ/xT6MhLNLIt09vFMdVxEigq7feaNi32WrmQQ25PMVX+EXXEbOMR2NxDNb/cS4DNoHQI6EEj44HQU+74nxiYfa3Vvbr4wxlm+DSk6PUEV6PieCcJc8dCDM9IzC57FiQbNPY/OYurD2v7RQ2FvFbWygyAAW0I3LOPcdhz7tW9ssffK7E7ms44sn1SxS2LapZDqkOcnJbU5J674XPXBrob60tCzxs1zctnVK7aySfxSfwG5xv41Vb27eVzJIcsf9gAdAKhL3Yt7XQQxpkTm46W0Az5+krGCg03lxEWyA1vx4wuJONxWvQtlQTzIB+YrLOE2JmmSMcifa8lG7H5fmRWrVpUhmqdXRLRRRUqiSUUUURFRF/wAGDe1HgH8PT4eFS9FEVRlspF5o3yyPmNq5i3ZttBP+UmrlRRFXbHgRO7gIPAYz/SouaLmrDxBFXaoPjlgcmRR+8P4/zoiqqXtxaH7JyYzyVhqA8sdPhjNe1e3E2N44yfIsPyzTmUEYIyDUbccHB3Q48juPnzrPr+HYeq7acwEq5SxlRggOIXoue2Fy2wKJ+6uT82J/SoO5uHkbVIzM3ixJ+XhXuTg8nXT8z/KnJwVifeHoAT8uVeqOFp0v22AdPqlTEF/63T+eSi69sXfxJqRnRTzCsy/EgGrNb9mNEevGXG+DucdfIGvORU5pBwh31UJqwbKrSysxyzFj4sST8zTasDcIRjsGBPRf4DBqT/8ATfdKHVcnr1K+n9KCmV3eBVbu5YQGBZM9VYj/AFYpsvEJmGGmkI8DIxHyzVjIrxy8MjPTHocflyo6g0nai/x80bWIEeigMV1gupEGEkdR4K7D8gamo+DJucOwHPwHrgbV61tEVcBRjqMc/XxoaRcIcm9AyVceRm3kZmxy1Et+tcXfNT0vDIz4j0P86evCkXBKHfcas7/DkaCmRYIagUJ9elxjvZMeHeNj5ZrzmrNNao3vKP0/SuUfBkY4AYnwBrm5jJd3oOar+K7pcSx+yryJjoGZfyBqyHhncnePSfHn/wB1MlhVveUH1rppSIK5vYNlXJLqRhhpHYeDOx/U1yqdbhMfmPQ/zp0fB03OlmA57nb1xXBTIEBd3oKhIrp1GFd1HgGIHyBpqyHOeZPPP86si2yAYCjB6YriODo2dKscbkAk4Fd3d5C5vQoNLh1JKuy5/CxX9DTZpWb32Zv3mJ/WrHDaoowFG/Prn1Jrg/DIjvjHoabq86/muab0ZKAr02FjJM2iNSx/IDxJ6CrBY9ng5GlMjqzE4/rVt4dYrCpVR6kY3+HT0ru7JzXDVGi8nZ/ga2yHcNI3vN/BfL9f0lqbkYHTP/3S9efwqYCFETJlPopmlvEfKii4nUU5jTaIiiiiiIooooiKKKKIo+64RG+49k+XL5fyryf+nz/zBj93+tTi0NRFEJwRerkjyGP1zXutrNI/dUA+PM/OvRRREV5ZuHxMcsgz4jI+eK9VFEXGC1RPdUD9fnzrtRRRF55rKN92QE+PI/MVzThcI+4PiSf1NeyiiJqoAMAADwAxXnk4fE3NB8Mj9K9VFEXniso13VFz44z+ZrtJGGGGAI8CM06iiLyf2ZF+Afn/ADr0RRKowqgegxT6KIkYZ2O4ryvw2I80Hw2/SvXRRF5E4bEPuD47/rXqVQBgAAeFLRRF5ZLCI7lF/T9K7RQhRhQAPIc6fSdeXx9aIuEtlGxJZFPwwfjimrZRjH2S7+WcfE12yMEg4z1pxByN/WiIyM+YFIOWx58jRk75Hp501sYUFef5URdDnI8OtJnnkf1FIuCxOeQ38KUZC7Nk+JoiUQr4UtOzRREhooooiKKKKIiiiiiIooooiKKKKIiiiiiIooooiKKKUiiJKKj5ZZg5wpK95GBy/u9ILkeecjmfTxThpnOnvdhpbUMDOoOQDtyBXfH5miKRoqNgafOGyR3ZOSF9/O3Ly+GwrkktxkZUgErnZdhqOeh3xj+nOiKXooooiKKKAKIinDagU0miIppxj/fpTqTf+dESHnz+FG+/XwozuduXWuZ06eoBNETmPLK5zz8qTI1E75A50v3hvyHKky2DyPhREwY07NjJ5muu+objHWubc1BX+lNDLljuP942oi6s+xJX5eFMOn2RgjqP603HsgBuZ9K6e1q6YoiXvV/EaSuWo/gHyNFEXqooooiKKKKIiilUUhoiKKKKIiiiiiIooooiKj728kRwqpkHu99LH3i4bcbDAUH4+dSFOxiiKP4bdO+nWuMqx91huHKjnyyBnB8RXj/tiUrnuifs9QAR/e7zRg55bb4x48us2TSURRH9pyfafZ+732j2W9ru9OjrvkEnpnFd7m7kBAVc5RT7p3LOFP3hjAOcZ+IqQooiinvpRn2B/j49hj/dsFTk3XdvPG3jXrt53IYkZxp0gKVJyisffPixHTlXqooijb68lVmWNMnTGVyObNIVIzqA2G/xz5F0d3IQfZ3Euj3TjTt7W5Gduu3p4yFFEUZDfuSoKYyyg+y2wMQfO5H3iVzvy5VKKaSiiINFFFESHlvSdefwpabr5+X8s0RG+Dg58PKkbO2wPjSaVKgY2NP0b6s/CiLnqGWJBGNs+NcyF0gAkZOf4U92ZVOTneml91BA6fnRE/fVsw2HKuZLaTkA5P8AvlTVKtqOCP6mnGI4XB86IgkZUFccv50ilfaIJGf40pdgx35A1zMns8hufSiJ/dn8f50ldQB4UURf/9k=')
INSERT [dbo].[AnsImg] ([ans_img_id], [ans_img_name], [ans_img_url]) VALUES (9, N'hihi', N'data:image/jpeg;base64,/9j/4AAQSkZJRgABAQAAAQABAAD/2wCEAAoHCBYWFRgWFhUYGBgZGhgYGBoYGhwYGBoYGBgaGRgYGBgcIS4lHB4rIRgYJjgmKy8xNTU1GiQ7QDszPy40NTEBDAwMEA8QHxISHzQrJCs3NDQ0NDQ0NDQ0NDQ0NDQ0NDQ0NDQ0NDQ0NDQ0NDQ0NDQ0NDQ0NDQ0NDQ0NDQ0NDQ0NP/AABEIALcBEwMBIgACEQEDEQH/xAAcAAACAgMBAQAAAAAAAAAAAAAEBQMGAAIHAQj/xABJEAACAQIDBAcECAMFBAsAAAABAgADEQQSIQUxQXEGIlFhgZGhEzKxwQcUQlJictHwI4LhJDOSssJDVKLxFRYXNERjc4OT0vL/xAAZAQADAQEBAAAAAAAAAAAAAAACAwQBAAX/xAAqEQACAgECBQQCAgMAAAAAAAAAAQIRAyExBBIyQVETInGBM2EUI0KRof/aAAwDAQACEQMRAD8A6DtReoZQ+mqfxqB7jLtj8ahp3BuCQL98pvTNwalC3C/whZfxsTh/Ih/0YTqHlH2FXq+MS9G16nhHmGcZd8Rwz9n2UcSvcA7Vp6Tm20KX8Z503aDgi15QMZRJrPA41/1hcIvcJOj1P+0MJeXp2dCdwMp+w6R+stOiYagHsGkUG+aNfosmlysZ0KoHHhPK/WUi+pgzYM0zmW7DiL/CUv6ROk5poKOHJVyOu40NMfdXsbXU8Bu1Nx67VK2eUtZUjNo9J6OBdkd/avxRLFlPYx3LyveV7GfSW7t1MOiDtLFm9LCUVaDMx7gSb79SND36zVqJG4cQPE7pnOxnpR7nRdnfSJUJAdEIvwBB/wA0tWG6e0VsWV1U8dLeGt5xClVy84wwW1TmJcAoOBHoO/vnKTMcI9j6G2TtzD4n+6qKxG9dzD+U6w5lInztiagRVxNHNTu+5WIKkjQrbdu7eydH+j/py1a1HENmY+4+gJ7n7T3wWkwJQ0tHQg4Ew1xPXp3FxB2XhFtNbiZNo2qdbdCgnVg9BIWd05BwdOyp7VodYw/YuBcIDmk21aWl4z2YnUHKLxwTbstllbimgOth3UXDRLX2k+4b5bq66SqthevF5oPmSi2rGYZJxbkloD08dV4zyrtV13x2MKLbop2nhtQLcYOTBKKu2HDNGTqkB1dpVDuvB6m0aw7ZYMPghlGkixuEAU6Tf47UbtgLOm6pAOysS9U2zc45OzGP22gHRvC5XYy1ZYeDFGUblqZmySjKkUDbmzyraknfD9jbFOS+Yi/ZCOkadYeMebLSyDkJmPFF5Gn2CyZJLGmt2KhscqCc7HmYgxuLZCQSdJfqq6Sg7co3f+b5weKxRVVodw+STuyP6257ZkY0ML1RymTv4i8s7+U/CCMqfVdRa9tOO+V3pgiB8ORe/aey0vmLwy5CLeEqXTOiP4Gn2vlPQy9DPPxaTQ16O2yeEYqq5CB3wTo8gCeEdUMOtt0n4bp/2U8R1C5qC2Ery4QGq9pca1ERClP+K8Vxq/r+0M4R+6v0VrZ2Dtin04Ay4UKESYZbYpvyj4yyIAd8hw6tFmRaMB2ptD6vSeoxBVRoD946KL8yJyXG4pHDO5zMzXPadSfUm8tP0oYsolKkG0dy5F/soLf65y1Kp1PYC3M20+N57M3eh5uONJsOwDoMzNxsNNeu/wAABmHgIJisUM1lG4kDw4k9u+/MwGm7ZQo1Yvpztb5wjEotNVsQWYX5jgfy317+QmBXoRVsoOupsByJ/fhNGo3Ay7v62JglyZbug2xTXqZ3H8KmRcfffeF5C9z4DjMb5VbMjHmdFh6M9FmehaoNHHu9i/ZHOKtv9FKuCtXpk5AwvYm669U9wnW8Gtoc+CSqj03XMjqVYHiGFjExlJsdKMYqhJ0J6SfWKAY+8tlfnbQ+P6y2EK+onMOiOCfCNiabC+SrkvxIUZlbxV1PjLthMcDqp/ffLFDmjqQSaUmuw39mRNfbz3D4xWFjoZDicKTqsU4NAva4kWPcERpgF6g5RFVQ21vLDhB1Rygx6mULoRvVGkRZOvH1XdFAXrxeRe9DodLJskWbQTrDnG+WK8eDnXnDyq0Bi0YVRTQSPFr1YTTTSQ4kaQpdLBj1o02LTtcxyRF+yl0jIiBgVY0MzO5srG3Uu6/vjHuDSyDlE+11vUXw+Me4deqIGH8k3+0Fl6I/Z5VGkpm0Kd3H5pdao0lUxCXcc4PFbx+QuG2l8BlKnoJ7CUTSZKiUKxQ6plP6XG4o/m+UueJHVMp/S1erS/MJuToYOPrQ26PjqeEeUBpEvR8dTwjyiNIjhugfxHUa1xEBW1V/CWGqIicfxW5CBxv4vtBcL1/Qqww/tLcvnLAO+IsOtsQeXzjy17iedhL5nHPpUxN8WEB0SmOO4vmY+gWUl7D/AAk/Cw8vjHfTGqHxddr3HtGUH8KDILc7RE67uR+f6T1071PPqlRq9QKVNr2zacDwse6D16pZizG5O+FVaLMoIF7X9T/y855gMNmcKwNr/vWbaB5WzbZeznrOFUd5bgo7T+k6psCm1NVp00CoumZ+J4mw1JJ4zNk4NKaAIoAOptC8ThXYWRrHlr4HhJZ5HJlePGood02rL1s6MBvAFiI2OMApF2JA3XG/wlSw2w3WqK+bIFQLkAuWsrA5nOpBzX1vqB2CMtlVc96TNa5up7G3fAkeM5Sp6M6UbWqI8TtNCwempNJlS7ZWHWtvJI10trN/xode6WPC7NSlRSiF6irlAOtu7XnEG0diPTJeibrvKH/TPShL2o8rLH3Mlwu0dcraH0PKPMPtC2/USo4eutS4IysN4OhvJqeKdDZtV9RDaTFptF1qWddIdQWwEquDx9xdTHmC2gDodDEyhWo6GS9GH1t0WJ70ZVWuptFdEEHWTT60VR1gwyAYpeuIcHgdY9cTcrVL5RmJO38BSDSQYtdJOji0gxJ0mza5GZBPnRtscdXxjMwLZi9WHGdhVY18G5dZsru0h/FXw+Me0RpEmM/v18I9pjSBg6pP9h5umPwa1txlYy3fxMs9fcZWwOuIHEdUfkLB0SGQWZNs0yV2iWmT4odUym9KKZy0zfTNulqt1rMdLStdMcoCWOuYWnZOh/BmPrXyNdh+54R5SItK/wBHFNrt4R69uERw3QP4jqNq50iH/atrHq98r2KX+I1u6L4z8f2guF6/oHX/ALx4Q/HVclJ3+6jEc7aetoBRW1UdtoH03xhTDMBvNz4Dv5lZBiWtF03ocSxzFnc7ze3jc7/3xg7+8PyD5n5ySo5GvE38gNPUTSsADbsUfIT1okMhnsChnV1HvBMy390NmWxbuFyeMY4vBsq0yUyMoCGxBVitusCOBvzlfw+KakuZDY7j2MNND5CPP+sjVKaU3pqNQQ6njrcEHdv7Yuae6GQaqmWnZmJOVQd9hLDgauspuz626WTBVJL3KI7Fpd+oTa+kqWFdyytZszNYKqkm/ZoNPGWFsciUyzmygakxXszbl2zUkz3YDqkZt4tYXv8Asw92jUm7pF19tZEDixI1vwNhv75IEsNNR2fpPVqBls62JFyN4ueF5EtN0OhzL2cRynow6UePkfvYt2lshKnWXquNxG/xldrVnpnJWW3Y3Ay7kBtV3+sgxOERxldQYxSFOJU0BXrIf0MZYTaAOh0P73QLaGx6lE5qXWTinHwMCpYhX03MN4OhBhaMCqLphtoW0OojJGV9RKNQxTJo1yO2N8DjBvUwJQTGwyOJZfqvfNPqUhwm0QdG0MYCqJPLEu6KY5W9mCnCHtmr4MmGe1Ez2omPHFhKckD0abLpJmc23Tf2gnjOLQkklSBbt2yt4iofbA21vuj6nUNt0UMw9vfhHqsLSfh1u77sfna0VdgatUYiwBix8I172j24maRs8Sk7YqORx0Qk9k/ZPY60mQfS/bN9X9IVOLki2tpWulq2WmCv2hrG1PahzXym1oBtstXCjKQAbw55YuLSYqGKSkm0Mdhe4OUbhbRNsNGC66c45IvFYJcsaZRmjzStGwW8SVR/GIPdHYg1fDA68Zmf3xpGYVyytiVltXHKU/6TcVamw70QeTM3+nzlxqH+OB2Cc8+k+pog/E7c8thrIcKbn9lmTp+jnlRjp2m58r/08pE4949tvgb/ACmhfce63p/WSONCe/5T1CJkrU+p4X9Yw6O4YVUZD4HiDIcJSupH4QPRv1hfQ1rVmXx9bQJv2sKC9yDqKPSOVgbcDLHs7Fg2jh8GrLqAYDS2OCerJnqUrQbJUDJlO46Q7YGx0VwQSBcGw0BsbxDt8LgaVOpUZmzvlCIASOqWuSSNNPUR10G2kmJR3QupRsuRwt9QCH0J0PWH8pjMeOTkrQE8yjF0y1ZwdHFj6TZcyfiX18J7fgw8ZqxZe9ezj4T0DyzGUNqpsf3vmiVDucW7+EkVAwupsf3vmjHg4se3gZxxjoR3iJ9p7CSp116rjcRv8Y0JZO8dn6TZbMLqdZpjVlOdmpnJVXk3AzFBBzIfLdLVXpq4KOo17dxiHE7EekS1LrL9w/IwlIW4m2H2jwYWPpHGGx1hvuJWvaq/VIysN4OhnlCo6Na+ZfhymtJnJtF3o11caGaV1ZdRrF+GqArdd8Jw+OI0ceMnnhTKcedx3BTtHW1jPG2kBxMOxC03F9L+RlbrYgZyqAtbfbW3OT+jJPXYq9eDjpuS4rHgMLdsaYXHNYXvK7iRnK2HHsj7CUyFFxJJNRlUWVRXNG5INOPPbNvr/fByndPCvdC9SXkH04+CT6+3bPZDcdkyD6kvJvJHwNlwyjhNxRXsk4oz0UZcsZFzg2QDdPRChSE9FMTfTO5wWY14ZlEwqJ3IjOdlTxK2r6/dnPvpApZ3Qb/eB8f/AMTpW2rCovI+QlL2ps2riapyJ1VFi7aLre9vvEWtp96RqPLmpFSlzYrZx2tRINrbtPKTKOqB3m/w9NJ0DpDsWnTo7mV1Ghca1GvcupGl+7h375zygPeBOoPwP/KWCBlso3sO029BCthUimIB7yPOQbIXXxJ8LiWDZ+H/ALTa32m/p52MXLuHAvNFbpfuhOyMPd5rTQgZbRrs2nlF4qK1GSehr0j6O0sYiLVUlULFSrFWUkAXFtDuG+8TdHuiD4Ssz0a+em65WVwA4K6qbro3Ebl38ZcEr2cJ+Ek+aj5mbVadjpuMqj5JZbUyJMR9lxZu/ceUm1HeJ4j304/vfJRbkdxHDyjFJMS4NESqPeXQ/vfPQ4bRhY+kkenxGh+MjOujQgKoiqU2Td1l7OI5SJ0DdZDY/vQiGKxG/UTR6AbrKbHu+Ym2dQKKl+q4sfQzyozJwzL2cfCS1bHRxbv4TQ3X8S+s0wAxWBp1xcaMOI0YGIXovRJDjMvBh85aWoq3WQ2Pd8xPKgBGVx48DNTAaEeHxQAupvGRxWZRYaxXjtjMhz0t28rwPKMNluHTQWYbwd4MLTczVA1fZFWow6+VTvtvtLTgdlpSTKigdvaT2kyDDI2l+ENr4jKsRklWrKMUL2FOEwymq2m4mPBQHZEWGxGVyx4xsMapG+RcPOFP5ZdnjO0/0a161FDlZ0U9hIB8p4rUm3Mp8ROF7Vxj+2fMxY53F21JsxGp8JmytpOK1PLa+dbadpAjOdeBfpyXc7t7Gn2iZFftz2zJnPDwZU/I8OJXtmv1te2c+o9PMK29ivMRjhulWGYaVlHM2lClB9xDhNdi4HEiaNiu6IaW2KTbqiHxEJTFA7mHnCXK+4LcluhkcUZn1kxU+Lt38tZ6mMBAJ4mwE10lZkW5OjbFKrEu2pGgB5+sBr4q2g7LW4Rbt7H5LAHrE303gTMBig1gRqRcH5GIclZUoNIF2rS9sjI4up4Hd5Tk+2tkth8QF+w+YqeY1B8hO4PRDb5R/pCwP9nZgOsjBgewDf6EzFub2KNsxiGPL/Nb5j1lqwzqMSpJsDkN+5hlJ8/hKpRPWuNxUHzykfAiPMTX6yN2ouvlf1EGQcTqtGhkIzC/je47jHLhSBbmIm6L45cRh0vvAAYcVYb7c7RpVpleOnAzoxpWtgZSt09zXB3zMWsWtv4gE7vT0jNGusTbIYlC5+22YdyDRPMa/wA0c0hpGw2FZHqLWaz3hGLPUv8AvTcZFiF1kpGZDyPprMa3NT2JcPVzqqneVuD3jcZCmJBORxZh+9IPsticncgvzN4XUpI5PaCR33EPE7WovNHlehtqO8TAl+spkIZkNm1Xt/WTqvFTGCTzMG0YW+EhqUmTdqvZx8ISCG0IsZlyu/Ues44CajfrIbH96ET1XD9R1sfQ8oUUB1U6yF8p6raGbZjQFURqZ+8nmR/ST4OmmbMttd80qYgpo+qnj2c5BW6nXTUbyBuhADYVADY6SVt0XpVSqt+M8w+KOYoeEFxsYp0a4nDg+6bGTYaj1dYs2riWRgV3cYZiccKeHeodyoW8baDzk0sEIu0iqOeclys4tteoDWqf+o/+YzbYQzYmkP8AzF+MEqXJJO8m55nUxj0bQfWaN92cfAxBQ9jrMye5JkUEfPeEp1qjBERmbsEKfCYhBdqFQDtyEjzEu/RPZVRKWcIM+up3+EtuExICBKi68byvHj591oT5M3Js7ZxZMZbfceYhVLa7L7rsOTGdkfZOGqa5EvysYtxPRKif9ijDlYzXwq8gLi/KOdUOktdd1VvE3+M6HsbFO2GpVarEtfPf8BYhTYfhKnxg6dEsCdHolT3Ej1Eb4umoXJaygBQOxQLAeg8oDxOGtjIZY5NkIMdiAz8ezWE4B8jKd4v/AMxFzoVfKd49RwhtVcpBG4xd9x1dizZ947BcHtU7v08Im2qgrUnpt9pSPMWjLZ9QFACdRfL39qxZiGy1mHDf53jExbickpoQtjvVSDzp1CD6WjHFPemh+6zKe7S49WnmNpAYiog41HH+LX5+kjwC50dOIs3fpe/xHlNZyLj0H2maVWxPUqG/aAT/AFvOo4nVbfe6vnxv3DWcO2Q+W3cQbjgTvPmL+c7FsvFZ0W+9Oqefb5W9ZsNqBybphyKAABoAAByELw5gawnDPrGIUyPEprMDZSo7d/KT4gawXEnrjsC39T+k5mLUiwCWH5iAPyqBc+fxhGJw3WLIbNv89dZ5gjc34AWHzP77JmLqqjqWdVzAixNr2PDzE6DUUblTkzVMUdzrbv4TY0ze6HT0keKcOhCspPCxEzAO4WzCx841ST2EOLWjJVqB9NxE1FcqcrG94NUpur5xuMITDCqQdRadzRurO5ZVdG+IAVcyzAQ6X4wlsKbWvcSBcPbQboMppBRxykB5wylWHdrBMISt0YacI4bCqZstFeyD63hBeh5YlwBszLbjGBw9utxhJpAG9p5UUtoIuWaUk6Wo2GGKeotrlW03zNsbJGIw7UsxS9rEdqkEXHEaRhS2aAbk3MR/SBiHpYNijFSWRSRvsx1APCJrJTlId/XoonItpI9Go9NsrlGtmQ3U8pNsGqz4imFS5DBrdwNzfwi4vvh3RvHFMTTYD7WUjtDaGBegxnW/rFU7kFuEyajF93rMieaPlnVLwVLZ30iYYIA1F0A7AD8I0Tpls+qLM+X8wI+M4guJhFHELul3NOJO8UJHcMNiMG56mJUdwYfOO8Pa3Vqq3O0+eg8np12UXVmX8rEfCZ60luD/AB49j6DrJZSWCnst2xBtFrRJ9Hy1GovVd3cM2VAzFgFTQkX7WJH8sb7SbWbKTkrYeOCi6QFUohwCPfXd3jis8qi6cprhX1tGRpB1uNG4j739Ymh9g3tstJH+6SDyNoPtNj7UNwZBbmCb/ETYpmpvTOlwRrwO6/wivE4tvqyPbrJYOONgcj+W/wAJqZzRR9rVcuJc/jU8veHzEnwLinibblY+jA6eHyi/pA96zkbiFPnczd2LKj8eqD23GgJ56RtaCe42odSsyHdc25Nf4EW8Z03otUJXmqMeZGv6eAnNHPXp1ePVzc1YXPznSeiy2A5EHmruPjpMjudLYtVtBzHxnqNYzBunpBjRAXUFwDEu0Kt3KDuB7lH6m/rHFFtLStUXzOWO9iSfHcPgJk3pQeKNtseYXQWla+kWsEo03PCpk/xozf6JZMNEH0h0VfBnOuYCpTNt2uq7/wCaBNJwYUXU0c/TbH3XHqJOnSGqv238G0mdGejtCo7O6nIBbJmI1PfLov0f4R0BAdCRfR2+BJkig2/aVSaXUV7CdKah3VWPcyiMafTGqnFPHSet9GqEnJiXXmFb4Wgtb6N8RqExCOPxqV+BMNY8u6AeTFsxnS+kI7mRT+UwpOm9P7SOOWsp+J6AY9NVVHt9yp8mAijGbOxaiz4eqLcVUt/lvOk8kdzoxxy2Oo0+mWFbe5U94MNodIMM26snibTiCVnpt1lI/MpU+omwx2twb90z1JWd6arc7uuMRtVdTyIhVMi2hE4Mm0V3G45GT0ttOnuVHHJjCjmp6oyWJtaM7m7twlR+ksn6n/7ifOUin0urjdWb+YAyHb3SitiKQpu4ZQwbQWJI3XjXmUlVCo4XGSdlaJ3wjYq/2in+dfjBs19JPsY2xNP84imlTHnXKZ0EyA/9IURoaqgjeLjSZIKY3Q4YqC2ongog90dJsanYZsVTA7lY/pJKezcLm6+LNuOWi3oc3ynq34ZK68CYYf8AEYZsrZj16qUVaxdgtzrYb2a3GwBPhG2L2fgrD2WMseypTf4op+EcdBcAi4pH+s0XIV8qIXzElSCbOi2sCZ2t6nWqOhYXDJRppTQWRFCjtsOJ7zqT3mCY06RlVtaKce06R0RemhvG+FNwLbxFiLJsJiMjW4QENDsZTuCwHWtr3/1lOx+PIDU0A1zFiRe2Y3PxMu+IYFMw7JzrpA+SsQNM6hz6j/Tea0YpFQ2o38Rx2ZR5D+snwlXqOu8AKwHIkH/TFgqZmY9pProITRNnXs1B5XMbWhPdsf4d81PfcWBB43B+YBnVuhbZ6IfvIPO9zbznGcPUKqyHhe1uwt/SdZ6BVT9WAG8Fr872+UCOjDlrEuVQ6SYtALkkDvEMJjkTsltobdhlV2Y+ax4WvLHi8RkpO/3VYjnbT1tKvgeqoUcbCKyPVFGFe1lnwm68G6RbP9vh2T8SHycQzDiwAmu1ULUKqqSGKPlI3hgpK28QITVxaF3UrEWD2W2HACUQ/EkWvfxjGntEiwdHTmpt5iUDDdJ8UlrVM35gDG9DpvVtdkR+211/WLhxEUqo2fDzbuy7JVvqrQmjiO0Sn4bpqhNnosp/CQf0jal0jw7b7rzU/ERqzQYp4ZosZqAjfF4BvqIGuPoP7ldQeY+BhtF9NHVpklGWzCg5R3RqaSsbFQeYBkeI6P4V/fw9JuaLfztDKSgG5k4Yds6MaWpspWym7T6CYAKzmmyBQWOR3FgBc2W9vScjx+BX2jewZlp30FSxYDvIn0ViaSujI2oYFTyIsZzPb3QRqVJ6qVM+TrBMtiUG+5vqQNd2torJF7xQzHNbSZzN6FUC/VbuB1Im9EOM2dbaC3GFtUBv8uEgquN3nFJu9h7QMwtrPRXKHMN66jnMeRVj1TyMcAHU3JAJW5O89syA0VOUdYzIjkQfMxW9Zm+0T5mF0NjYl1zJh6zKftBGynk1rGNekmz1pKjIoAzMpsLXJAIP/CZv0W6WVcKSts9NvepsdOa9hlT07CE3JWhYOjmL/wB1rnlTY/COOiGz8RSxlF3w9ZFzMCzU3VbMrDUkW3kSyVPpGQW9nh2HaGYW8NTLHszpbSxNLQ5HJCmmTe+Y207YTlABer3SC69Uk6QOsNIYokWKXqxTQ6LAabTKycZETrI6lbhBDGOArk3Q8ZQOmhy1GbMAcgCjt1N7ecveyku15R/pFpddD2ll8ip+cJK6Bbpso2HazA9mvlD81nOmgb/huRf4RaF1tDHfrX362NvKOZOhphgMzA8CD4ltTy0nVPovY/VjexId1PfYJrbvvOSYeqpZuxgBY9+YG373mdK+j0uab5T9pr+KpY/8JgbNDN4nTBTDbt8melc/vnENGs6kd5tw9L7o8Svrr8oxOxLVCnpE+WgR95kB5Zr/ACi3ZNDMwbgI825TD0XHI+TA/KDYKkFQARclch+N1A1xG3qFJ1R6ihi2UjMOr1c2Zr+6LW53EYnaNIKhLplf3OsOuLXOX72nZE52RnxS1WVDTWmykEAszsbXItqMvGLcF0XrL7S7qciVKeEBb3RULdZrro1iBx3nsE65XsUrFw7inzU6V/t/r/hzb6wFZr3yqMwP4e/v0hFHatEkWYeJhOPwRpVmpNY5LK3YTlF7d1zBquFpMTmQeEjdJ0yniY4lXou01YxTGIR1SvnDaGLUjS2kqNTZtLNYErfdYzZNmOB1KzjuO6auUk1Lk4Dbp4gZeJHepI+EqX9rTc4aY21cSvvJe3YZvKjNS6DaVdPdqv4nN/mvJ06T4lftI4/EuvoZSE6SsNHRh4TP+nELXDWHYZtSWzMqL3R0FOm7r79JT+ViPQiGL05okddHAOh0DD0MoGHrowuXF567r3HxmrJNGPFBi7bVBPauaAvSY3UHQi+pHKK6oIvcWj4ka6RZtXQKIMW3IJpJC280xHuNy+ckYSHEHqNqN3zlCFshQm2+eyNVX7w8xMg0dqXTpJh8+Hqdq2YH8p19CZRVpN3TJkbMTi2PdRvjDYuIy16TdlSmTyzi8yZFj0dnpvBsW+hnkyczEKHqTKSlpkyAGWLA0cqXlI+kGmCFI3qxPOwuR5LMmRnYWtzm+JQBmtu3jkdZ7TqdYHvBPnPJkathL3CabXtxsVufzXNvO87N9GVL+C5PHL52OsyZB/yQX+LLv7JTbTiJM1ITJkYKEHSuuRRKKSGYhQRpYbyQeQMW7M2jUphQze0U/e3/AOLfMmSeb9xbiS9MteFrBhmELUXnkyOjsSTOP9Nrrjq/5kP+Kmh+cV0sPUdlRUuzaLqov4k6TJkhfW/krTfIvgfj6OsToxenffludP5rRZtDB1KD5KoF+4gi3hMmRuSCS0F45tvU8wNF6mcoMwRSz3IFhv0vvk+B2fVr/wB0mb+ZV/zETJkyMFobKb1HVHoPim9/2SdoZix8lUj1hK/Roh/vKq8lp/Mt8pkyUxxQ8E0s0/JL/wBmOCUZmesQN9mVR5BbwrDdC9njclV+dWoPgyzJkascRLyy8jOl0Wwq7sKP5mzed3MmPR3D/wC6Yc/mVT8UM8mTeVGObJRsLDj/AMLhhypr/wDSTU9mpwp0hypr/SZMmmE31Rfup/8AGP1mTJk6wqP/2Q==')
INSERT [dbo].[AnsImg] ([ans_img_id], [ans_img_name], [ans_img_url]) VALUES (10, N'hihi', N'data:image/jpeg;base64,/9j/4AAQSkZJRgABAQAAAQABAAD/2wCEAAoHCBYWFRgWFhUYGBgZGhgYGBoYGhwYGBoYGBgaGRgYGBgcIS4lHB4rIRgYJjgmKy8xNTU1GiQ7QDszPy40NTEBDAwMEA8QHxISHzQrJCs3NDQ0NDQ0NDQ0NDQ0NDQ0NDQ0NDQ0NDQ0NDQ0NDQ0NDQ0NDQ0NDQ0NDQ0NDQ0NDQ0NP/AABEIALcBEwMBIgACEQEDEQH/xAAcAAACAgMBAQAAAAAAAAAAAAAEBQMGAAIHAQj/xABJEAACAQIDBAcECAMFBAsAAAABAgADEQQSIQUxQXEGIlFhgZGhEzKxwQcUQlJictHwI4LhJDOSssJDVKLxFRYXNERjc4OT0vL/xAAZAQADAQEBAAAAAAAAAAAAAAACAwQBAAX/xAAqEQACAgECBQQCAgMAAAAAAAAAAQIRAyExBBIyQVETInGBM2EUI0KRof/aAAwDAQACEQMRAD8A6DtReoZQ+mqfxqB7jLtj8ahp3BuCQL98pvTNwalC3C/whZfxsTh/Ih/0YTqHlH2FXq+MS9G16nhHmGcZd8Rwz9n2UcSvcA7Vp6Tm20KX8Z503aDgi15QMZRJrPA41/1hcIvcJOj1P+0MJeXp2dCdwMp+w6R+stOiYagHsGkUG+aNfosmlysZ0KoHHhPK/WUi+pgzYM0zmW7DiL/CUv6ROk5poKOHJVyOu40NMfdXsbXU8Bu1Nx67VK2eUtZUjNo9J6OBdkd/avxRLFlPYx3LyveV7GfSW7t1MOiDtLFm9LCUVaDMx7gSb79SND36zVqJG4cQPE7pnOxnpR7nRdnfSJUJAdEIvwBB/wA0tWG6e0VsWV1U8dLeGt5xClVy84wwW1TmJcAoOBHoO/vnKTMcI9j6G2TtzD4n+6qKxG9dzD+U6w5lInztiagRVxNHNTu+5WIKkjQrbdu7eydH+j/py1a1HENmY+4+gJ7n7T3wWkwJQ0tHQg4Ew1xPXp3FxB2XhFtNbiZNo2qdbdCgnVg9BIWd05BwdOyp7VodYw/YuBcIDmk21aWl4z2YnUHKLxwTbstllbimgOth3UXDRLX2k+4b5bq66SqthevF5oPmSi2rGYZJxbkloD08dV4zyrtV13x2MKLbop2nhtQLcYOTBKKu2HDNGTqkB1dpVDuvB6m0aw7ZYMPghlGkixuEAU6Tf47UbtgLOm6pAOysS9U2zc45OzGP22gHRvC5XYy1ZYeDFGUblqZmySjKkUDbmzyraknfD9jbFOS+Yi/ZCOkadYeMebLSyDkJmPFF5Gn2CyZJLGmt2KhscqCc7HmYgxuLZCQSdJfqq6Sg7co3f+b5weKxRVVodw+STuyP6257ZkY0ML1RymTv4i8s7+U/CCMqfVdRa9tOO+V3pgiB8ORe/aey0vmLwy5CLeEqXTOiP4Gn2vlPQy9DPPxaTQ16O2yeEYqq5CB3wTo8gCeEdUMOtt0n4bp/2U8R1C5qC2Ery4QGq9pca1ERClP+K8Vxq/r+0M4R+6v0VrZ2Dtin04Ay4UKESYZbYpvyj4yyIAd8hw6tFmRaMB2ptD6vSeoxBVRoD946KL8yJyXG4pHDO5zMzXPadSfUm8tP0oYsolKkG0dy5F/soLf65y1Kp1PYC3M20+N57M3eh5uONJsOwDoMzNxsNNeu/wAABmHgIJisUM1lG4kDw4k9u+/MwGm7ZQo1Yvpztb5wjEotNVsQWYX5jgfy317+QmBXoRVsoOupsByJ/fhNGo3Ay7v62JglyZbug2xTXqZ3H8KmRcfffeF5C9z4DjMb5VbMjHmdFh6M9FmehaoNHHu9i/ZHOKtv9FKuCtXpk5AwvYm669U9wnW8Gtoc+CSqj03XMjqVYHiGFjExlJsdKMYqhJ0J6SfWKAY+8tlfnbQ+P6y2EK+onMOiOCfCNiabC+SrkvxIUZlbxV1PjLthMcDqp/ffLFDmjqQSaUmuw39mRNfbz3D4xWFjoZDicKTqsU4NAva4kWPcERpgF6g5RFVQ21vLDhB1Rygx6mULoRvVGkRZOvH1XdFAXrxeRe9DodLJskWbQTrDnG+WK8eDnXnDyq0Bi0YVRTQSPFr1YTTTSQ4kaQpdLBj1o02LTtcxyRF+yl0jIiBgVY0MzO5srG3Uu6/vjHuDSyDlE+11vUXw+Me4deqIGH8k3+0Fl6I/Z5VGkpm0Kd3H5pdao0lUxCXcc4PFbx+QuG2l8BlKnoJ7CUTSZKiUKxQ6plP6XG4o/m+UueJHVMp/S1erS/MJuToYOPrQ26PjqeEeUBpEvR8dTwjyiNIjhugfxHUa1xEBW1V/CWGqIicfxW5CBxv4vtBcL1/Qqww/tLcvnLAO+IsOtsQeXzjy17iedhL5nHPpUxN8WEB0SmOO4vmY+gWUl7D/AAk/Cw8vjHfTGqHxddr3HtGUH8KDILc7RE67uR+f6T1071PPqlRq9QKVNr2zacDwse6D16pZizG5O+FVaLMoIF7X9T/y855gMNmcKwNr/vWbaB5WzbZeznrOFUd5bgo7T+k6psCm1NVp00CoumZ+J4mw1JJ4zNk4NKaAIoAOptC8ThXYWRrHlr4HhJZ5HJlePGood02rL1s6MBvAFiI2OMApF2JA3XG/wlSw2w3WqK+bIFQLkAuWsrA5nOpBzX1vqB2CMtlVc96TNa5up7G3fAkeM5Sp6M6UbWqI8TtNCwempNJlS7ZWHWtvJI10trN/xode6WPC7NSlRSiF6irlAOtu7XnEG0diPTJeibrvKH/TPShL2o8rLH3Mlwu0dcraH0PKPMPtC2/USo4eutS4IysN4OhvJqeKdDZtV9RDaTFptF1qWddIdQWwEquDx9xdTHmC2gDodDEyhWo6GS9GH1t0WJ70ZVWuptFdEEHWTT60VR1gwyAYpeuIcHgdY9cTcrVL5RmJO38BSDSQYtdJOji0gxJ0mza5GZBPnRtscdXxjMwLZi9WHGdhVY18G5dZsru0h/FXw+Me0RpEmM/v18I9pjSBg6pP9h5umPwa1txlYy3fxMs9fcZWwOuIHEdUfkLB0SGQWZNs0yV2iWmT4odUym9KKZy0zfTNulqt1rMdLStdMcoCWOuYWnZOh/BmPrXyNdh+54R5SItK/wBHFNrt4R69uERw3QP4jqNq50iH/atrHq98r2KX+I1u6L4z8f2guF6/oHX/ALx4Q/HVclJ3+6jEc7aetoBRW1UdtoH03xhTDMBvNz4Dv5lZBiWtF03ocSxzFnc7ze3jc7/3xg7+8PyD5n5ySo5GvE38gNPUTSsADbsUfIT1okMhnsChnV1HvBMy390NmWxbuFyeMY4vBsq0yUyMoCGxBVitusCOBvzlfw+KakuZDY7j2MNND5CPP+sjVKaU3pqNQQ6njrcEHdv7Yuae6GQaqmWnZmJOVQd9hLDgauspuz626WTBVJL3KI7Fpd+oTa+kqWFdyytZszNYKqkm/ZoNPGWFsciUyzmygakxXszbl2zUkz3YDqkZt4tYXv8Asw92jUm7pF19tZEDixI1vwNhv75IEsNNR2fpPVqBls62JFyN4ueF5EtN0OhzL2cRynow6UePkfvYt2lshKnWXquNxG/xldrVnpnJWW3Y3Ay7kBtV3+sgxOERxldQYxSFOJU0BXrIf0MZYTaAOh0P73QLaGx6lE5qXWTinHwMCpYhX03MN4OhBhaMCqLphtoW0OojJGV9RKNQxTJo1yO2N8DjBvUwJQTGwyOJZfqvfNPqUhwm0QdG0MYCqJPLEu6KY5W9mCnCHtmr4MmGe1Ez2omPHFhKckD0abLpJmc23Tf2gnjOLQkklSBbt2yt4iofbA21vuj6nUNt0UMw9vfhHqsLSfh1u77sfna0VdgatUYiwBix8I172j24maRs8Sk7YqORx0Qk9k/ZPY60mQfS/bN9X9IVOLki2tpWulq2WmCv2hrG1PahzXym1oBtstXCjKQAbw55YuLSYqGKSkm0Mdhe4OUbhbRNsNGC66c45IvFYJcsaZRmjzStGwW8SVR/GIPdHYg1fDA68Zmf3xpGYVyytiVltXHKU/6TcVamw70QeTM3+nzlxqH+OB2Cc8+k+pog/E7c8thrIcKbn9lmTp+jnlRjp2m58r/08pE4949tvgb/ACmhfce63p/WSONCe/5T1CJkrU+p4X9Yw6O4YVUZD4HiDIcJSupH4QPRv1hfQ1rVmXx9bQJv2sKC9yDqKPSOVgbcDLHs7Fg2jh8GrLqAYDS2OCerJnqUrQbJUDJlO46Q7YGx0VwQSBcGw0BsbxDt8LgaVOpUZmzvlCIASOqWuSSNNPUR10G2kmJR3QupRsuRwt9QCH0J0PWH8pjMeOTkrQE8yjF0y1ZwdHFj6TZcyfiX18J7fgw8ZqxZe9ezj4T0DyzGUNqpsf3vmiVDucW7+EkVAwupsf3vmjHg4se3gZxxjoR3iJ9p7CSp116rjcRv8Y0JZO8dn6TZbMLqdZpjVlOdmpnJVXk3AzFBBzIfLdLVXpq4KOo17dxiHE7EekS1LrL9w/IwlIW4m2H2jwYWPpHGGx1hvuJWvaq/VIysN4OhnlCo6Na+ZfhymtJnJtF3o11caGaV1ZdRrF+GqArdd8Jw+OI0ceMnnhTKcedx3BTtHW1jPG2kBxMOxC03F9L+RlbrYgZyqAtbfbW3OT+jJPXYq9eDjpuS4rHgMLdsaYXHNYXvK7iRnK2HHsj7CUyFFxJJNRlUWVRXNG5INOPPbNvr/fByndPCvdC9SXkH04+CT6+3bPZDcdkyD6kvJvJHwNlwyjhNxRXsk4oz0UZcsZFzg2QDdPRChSE9FMTfTO5wWY14ZlEwqJ3IjOdlTxK2r6/dnPvpApZ3Qb/eB8f/AMTpW2rCovI+QlL2ps2riapyJ1VFi7aLre9vvEWtp96RqPLmpFSlzYrZx2tRINrbtPKTKOqB3m/w9NJ0DpDsWnTo7mV1Ghca1GvcupGl+7h375zygPeBOoPwP/KWCBlso3sO029BCthUimIB7yPOQbIXXxJ8LiWDZ+H/ALTa32m/p52MXLuHAvNFbpfuhOyMPd5rTQgZbRrs2nlF4qK1GSehr0j6O0sYiLVUlULFSrFWUkAXFtDuG+8TdHuiD4Ssz0a+em65WVwA4K6qbro3Ebl38ZcEr2cJ+Ek+aj5mbVadjpuMqj5JZbUyJMR9lxZu/ceUm1HeJ4j304/vfJRbkdxHDyjFJMS4NESqPeXQ/vfPQ4bRhY+kkenxGh+MjOujQgKoiqU2Td1l7OI5SJ0DdZDY/vQiGKxG/UTR6AbrKbHu+Ym2dQKKl+q4sfQzyozJwzL2cfCS1bHRxbv4TQ3X8S+s0wAxWBp1xcaMOI0YGIXovRJDjMvBh85aWoq3WQ2Pd8xPKgBGVx48DNTAaEeHxQAupvGRxWZRYaxXjtjMhz0t28rwPKMNluHTQWYbwd4MLTczVA1fZFWow6+VTvtvtLTgdlpSTKigdvaT2kyDDI2l+ENr4jKsRklWrKMUL2FOEwymq2m4mPBQHZEWGxGVyx4xsMapG+RcPOFP5ZdnjO0/0a161FDlZ0U9hIB8p4rUm3Mp8ROF7Vxj+2fMxY53F21JsxGp8JmytpOK1PLa+dbadpAjOdeBfpyXc7t7Gn2iZFftz2zJnPDwZU/I8OJXtmv1te2c+o9PMK29ivMRjhulWGYaVlHM2lClB9xDhNdi4HEiaNiu6IaW2KTbqiHxEJTFA7mHnCXK+4LcluhkcUZn1kxU+Lt38tZ6mMBAJ4mwE10lZkW5OjbFKrEu2pGgB5+sBr4q2g7LW4Rbt7H5LAHrE303gTMBig1gRqRcH5GIclZUoNIF2rS9sjI4up4Hd5Tk+2tkth8QF+w+YqeY1B8hO4PRDb5R/pCwP9nZgOsjBgewDf6EzFub2KNsxiGPL/Nb5j1lqwzqMSpJsDkN+5hlJ8/hKpRPWuNxUHzykfAiPMTX6yN2ouvlf1EGQcTqtGhkIzC/je47jHLhSBbmIm6L45cRh0vvAAYcVYb7c7RpVpleOnAzoxpWtgZSt09zXB3zMWsWtv4gE7vT0jNGusTbIYlC5+22YdyDRPMa/wA0c0hpGw2FZHqLWaz3hGLPUv8AvTcZFiF1kpGZDyPprMa3NT2JcPVzqqneVuD3jcZCmJBORxZh+9IPsticncgvzN4XUpI5PaCR33EPE7WovNHlehtqO8TAl+spkIZkNm1Xt/WTqvFTGCTzMG0YW+EhqUmTdqvZx8ISCG0IsZlyu/Ues44CajfrIbH96ET1XD9R1sfQ8oUUB1U6yF8p6raGbZjQFURqZ+8nmR/ST4OmmbMttd80qYgpo+qnj2c5BW6nXTUbyBuhADYVADY6SVt0XpVSqt+M8w+KOYoeEFxsYp0a4nDg+6bGTYaj1dYs2riWRgV3cYZiccKeHeodyoW8baDzk0sEIu0iqOeclys4tteoDWqf+o/+YzbYQzYmkP8AzF+MEqXJJO8m55nUxj0bQfWaN92cfAxBQ9jrMye5JkUEfPeEp1qjBERmbsEKfCYhBdqFQDtyEjzEu/RPZVRKWcIM+up3+EtuExICBKi68byvHj591oT5M3Js7ZxZMZbfceYhVLa7L7rsOTGdkfZOGqa5EvysYtxPRKif9ijDlYzXwq8gLi/KOdUOktdd1VvE3+M6HsbFO2GpVarEtfPf8BYhTYfhKnxg6dEsCdHolT3Ej1Eb4umoXJaygBQOxQLAeg8oDxOGtjIZY5NkIMdiAz8ezWE4B8jKd4v/AMxFzoVfKd49RwhtVcpBG4xd9x1dizZ947BcHtU7v08Im2qgrUnpt9pSPMWjLZ9QFACdRfL39qxZiGy1mHDf53jExbickpoQtjvVSDzp1CD6WjHFPemh+6zKe7S49WnmNpAYiog41HH+LX5+kjwC50dOIs3fpe/xHlNZyLj0H2maVWxPUqG/aAT/AFvOo4nVbfe6vnxv3DWcO2Q+W3cQbjgTvPmL+c7FsvFZ0W+9Oqefb5W9ZsNqBybphyKAABoAAByELw5gawnDPrGIUyPEprMDZSo7d/KT4gawXEnrjsC39T+k5mLUiwCWH5iAPyqBc+fxhGJw3WLIbNv89dZ5gjc34AWHzP77JmLqqjqWdVzAixNr2PDzE6DUUblTkzVMUdzrbv4TY0ze6HT0keKcOhCspPCxEzAO4WzCx841ST2EOLWjJVqB9NxE1FcqcrG94NUpur5xuMITDCqQdRadzRurO5ZVdG+IAVcyzAQ6X4wlsKbWvcSBcPbQboMppBRxykB5wylWHdrBMISt0YacI4bCqZstFeyD63hBeh5YlwBszLbjGBw9utxhJpAG9p5UUtoIuWaUk6Wo2GGKeotrlW03zNsbJGIw7UsxS9rEdqkEXHEaRhS2aAbk3MR/SBiHpYNijFSWRSRvsx1APCJrJTlId/XoonItpI9Go9NsrlGtmQ3U8pNsGqz4imFS5DBrdwNzfwi4vvh3RvHFMTTYD7WUjtDaGBegxnW/rFU7kFuEyajF93rMieaPlnVLwVLZ30iYYIA1F0A7AD8I0Tpls+qLM+X8wI+M4guJhFHELul3NOJO8UJHcMNiMG56mJUdwYfOO8Pa3Vqq3O0+eg8np12UXVmX8rEfCZ60luD/AB49j6DrJZSWCnst2xBtFrRJ9Hy1GovVd3cM2VAzFgFTQkX7WJH8sb7SbWbKTkrYeOCi6QFUohwCPfXd3jis8qi6cprhX1tGRpB1uNG4j739Ymh9g3tstJH+6SDyNoPtNj7UNwZBbmCb/ETYpmpvTOlwRrwO6/wivE4tvqyPbrJYOONgcj+W/wAJqZzRR9rVcuJc/jU8veHzEnwLinibblY+jA6eHyi/pA96zkbiFPnczd2LKj8eqD23GgJ56RtaCe42odSsyHdc25Nf4EW8Z03otUJXmqMeZGv6eAnNHPXp1ePVzc1YXPznSeiy2A5EHmruPjpMjudLYtVtBzHxnqNYzBunpBjRAXUFwDEu0Kt3KDuB7lH6m/rHFFtLStUXzOWO9iSfHcPgJk3pQeKNtseYXQWla+kWsEo03PCpk/xozf6JZMNEH0h0VfBnOuYCpTNt2uq7/wCaBNJwYUXU0c/TbH3XHqJOnSGqv238G0mdGejtCo7O6nIBbJmI1PfLov0f4R0BAdCRfR2+BJkig2/aVSaXUV7CdKah3VWPcyiMafTGqnFPHSet9GqEnJiXXmFb4Wgtb6N8RqExCOPxqV+BMNY8u6AeTFsxnS+kI7mRT+UwpOm9P7SOOWsp+J6AY9NVVHt9yp8mAijGbOxaiz4eqLcVUt/lvOk8kdzoxxy2Oo0+mWFbe5U94MNodIMM26snibTiCVnpt1lI/MpU+omwx2twb90z1JWd6arc7uuMRtVdTyIhVMi2hE4Mm0V3G45GT0ttOnuVHHJjCjmp6oyWJtaM7m7twlR+ksn6n/7ifOUin0urjdWb+YAyHb3SitiKQpu4ZQwbQWJI3XjXmUlVCo4XGSdlaJ3wjYq/2in+dfjBs19JPsY2xNP84imlTHnXKZ0EyA/9IURoaqgjeLjSZIKY3Q4YqC2ongog90dJsanYZsVTA7lY/pJKezcLm6+LNuOWi3oc3ynq34ZK68CYYf8AEYZsrZj16qUVaxdgtzrYb2a3GwBPhG2L2fgrD2WMseypTf4op+EcdBcAi4pH+s0XIV8qIXzElSCbOi2sCZ2t6nWqOhYXDJRppTQWRFCjtsOJ7zqT3mCY06RlVtaKce06R0RemhvG+FNwLbxFiLJsJiMjW4QENDsZTuCwHWtr3/1lOx+PIDU0A1zFiRe2Y3PxMu+IYFMw7JzrpA+SsQNM6hz6j/Tea0YpFQ2o38Rx2ZR5D+snwlXqOu8AKwHIkH/TFgqZmY9pProITRNnXs1B5XMbWhPdsf4d81PfcWBB43B+YBnVuhbZ6IfvIPO9zbznGcPUKqyHhe1uwt/SdZ6BVT9WAG8Fr872+UCOjDlrEuVQ6SYtALkkDvEMJjkTsltobdhlV2Y+ax4WvLHi8RkpO/3VYjnbT1tKvgeqoUcbCKyPVFGFe1lnwm68G6RbP9vh2T8SHycQzDiwAmu1ULUKqqSGKPlI3hgpK28QITVxaF3UrEWD2W2HACUQ/EkWvfxjGntEiwdHTmpt5iUDDdJ8UlrVM35gDG9DpvVtdkR+211/WLhxEUqo2fDzbuy7JVvqrQmjiO0Sn4bpqhNnosp/CQf0jal0jw7b7rzU/ERqzQYp4ZosZqAjfF4BvqIGuPoP7ldQeY+BhtF9NHVpklGWzCg5R3RqaSsbFQeYBkeI6P4V/fw9JuaLfztDKSgG5k4Yds6MaWpspWym7T6CYAKzmmyBQWOR3FgBc2W9vScjx+BX2jewZlp30FSxYDvIn0ViaSujI2oYFTyIsZzPb3QRqVJ6qVM+TrBMtiUG+5vqQNd2torJF7xQzHNbSZzN6FUC/VbuB1Im9EOM2dbaC3GFtUBv8uEgquN3nFJu9h7QMwtrPRXKHMN66jnMeRVj1TyMcAHU3JAJW5O89syA0VOUdYzIjkQfMxW9Zm+0T5mF0NjYl1zJh6zKftBGynk1rGNekmz1pKjIoAzMpsLXJAIP/CZv0W6WVcKSts9NvepsdOa9hlT07CE3JWhYOjmL/wB1rnlTY/COOiGz8RSxlF3w9ZFzMCzU3VbMrDUkW3kSyVPpGQW9nh2HaGYW8NTLHszpbSxNLQ5HJCmmTe+Y207YTlABer3SC69Uk6QOsNIYokWKXqxTQ6LAabTKycZETrI6lbhBDGOArk3Q8ZQOmhy1GbMAcgCjt1N7ecveyku15R/pFpddD2ll8ip+cJK6Bbpso2HazA9mvlD81nOmgb/huRf4RaF1tDHfrX362NvKOZOhphgMzA8CD4ltTy0nVPovY/VjexId1PfYJrbvvOSYeqpZuxgBY9+YG373mdK+j0uab5T9pr+KpY/8JgbNDN4nTBTDbt8melc/vnENGs6kd5tw9L7o8Svrr8oxOxLVCnpE+WgR95kB5Zr/ACi3ZNDMwbgI825TD0XHI+TA/KDYKkFQARclch+N1A1xG3qFJ1R6ihi2UjMOr1c2Zr+6LW53EYnaNIKhLplf3OsOuLXOX72nZE52RnxS1WVDTWmykEAszsbXItqMvGLcF0XrL7S7qciVKeEBb3RULdZrro1iBx3nsE65XsUrFw7inzU6V/t/r/hzb6wFZr3yqMwP4e/v0hFHatEkWYeJhOPwRpVmpNY5LK3YTlF7d1zBquFpMTmQeEjdJ0yniY4lXou01YxTGIR1SvnDaGLUjS2kqNTZtLNYErfdYzZNmOB1KzjuO6auUk1Lk4Dbp4gZeJHepI+EqX9rTc4aY21cSvvJe3YZvKjNS6DaVdPdqv4nN/mvJ06T4lftI4/EuvoZSE6SsNHRh4TP+nELXDWHYZtSWzMqL3R0FOm7r79JT+ViPQiGL05okddHAOh0DD0MoGHrowuXF567r3HxmrJNGPFBi7bVBPauaAvSY3UHQi+pHKK6oIvcWj4ka6RZtXQKIMW3IJpJC280xHuNy+ckYSHEHqNqN3zlCFshQm2+eyNVX7w8xMg0dqXTpJh8+Hqdq2YH8p19CZRVpN3TJkbMTi2PdRvjDYuIy16TdlSmTyzi8yZFj0dnpvBsW+hnkyczEKHqTKSlpkyAGWLA0cqXlI+kGmCFI3qxPOwuR5LMmRnYWtzm+JQBmtu3jkdZ7TqdYHvBPnPJkathL3CabXtxsVufzXNvO87N9GVL+C5PHL52OsyZB/yQX+LLv7JTbTiJM1ITJkYKEHSuuRRKKSGYhQRpYbyQeQMW7M2jUphQze0U/e3/AOLfMmSeb9xbiS9MteFrBhmELUXnkyOjsSTOP9Nrrjq/5kP+Kmh+cV0sPUdlRUuzaLqov4k6TJkhfW/krTfIvgfj6OsToxenffludP5rRZtDB1KD5KoF+4gi3hMmRuSCS0F45tvU8wNF6mcoMwRSz3IFhv0vvk+B2fVr/wB0mb+ZV/zETJkyMFobKb1HVHoPim9/2SdoZix8lUj1hK/Roh/vKq8lp/Mt8pkyUxxQ8E0s0/JL/wBmOCUZmesQN9mVR5BbwrDdC9njclV+dWoPgyzJkascRLyy8jOl0Wwq7sKP5mzed3MmPR3D/wC6Yc/mVT8UM8mTeVGObJRsLDj/AMLhhypr/wDSTU9mpwp0hypr/SZMmmE31Rfup/8AGP1mTJk6wqP/2Q==')
INSERT [dbo].[AnsImg] ([ans_img_id], [ans_img_name], [ans_img_url]) VALUES (11, N'', N'data:image/jpeg;base64,/9j/4AAQSkZJRgABAQAAAQABAAD/2wCEAAoHCBYWFRgWFhUYGBgZGhgYGBoYGhwYGBoYGBgaGRgYGBgcIS4lHB4rIRgYJjgmKy8xNTU1GiQ7QDszPy40NTEBDAwMEA8QHxISHzQrJCs3NDQ0NDQ0NDQ0NDQ0NDQ0NDQ0NDQ0NDQ0NDQ0NDQ0NDQ0NDQ0NDQ0NDQ0NDQ0NDQ0NP/AABEIALcBEwMBIgACEQEDEQH/xAAcAAACAgMBAQAAAAAAAAAAAAAEBQMGAAIHAQj/xABJEAACAQIDBAcECAMFBAsAAAABAgADEQQSIQUxQXEGIlFhgZGhEzKxwQcUQlJictHwI4LhJDOSssJDVKLxFRYXNERjc4OT0vL/xAAZAQADAQEBAAAAAAAAAAAAAAACAwQBAAX/xAAqEQACAgECBQQCAgMAAAAAAAAAAQIRAyExBBIyQVETInGBM2EUI0KRof/aAAwDAQACEQMRAD8A6DtReoZQ+mqfxqB7jLtj8ahp3BuCQL98pvTNwalC3C/whZfxsTh/Ih/0YTqHlH2FXq+MS9G16nhHmGcZd8Rwz9n2UcSvcA7Vp6Tm20KX8Z503aDgi15QMZRJrPA41/1hcIvcJOj1P+0MJeXp2dCdwMp+w6R+stOiYagHsGkUG+aNfosmlysZ0KoHHhPK/WUi+pgzYM0zmW7DiL/CUv6ROk5poKOHJVyOu40NMfdXsbXU8Bu1Nx67VK2eUtZUjNo9J6OBdkd/avxRLFlPYx3LyveV7GfSW7t1MOiDtLFm9LCUVaDMx7gSb79SND36zVqJG4cQPE7pnOxnpR7nRdnfSJUJAdEIvwBB/wA0tWG6e0VsWV1U8dLeGt5xClVy84wwW1TmJcAoOBHoO/vnKTMcI9j6G2TtzD4n+6qKxG9dzD+U6w5lInztiagRVxNHNTu+5WIKkjQrbdu7eydH+j/py1a1HENmY+4+gJ7n7T3wWkwJQ0tHQg4Ew1xPXp3FxB2XhFtNbiZNo2qdbdCgnVg9BIWd05BwdOyp7VodYw/YuBcIDmk21aWl4z2YnUHKLxwTbstllbimgOth3UXDRLX2k+4b5bq66SqthevF5oPmSi2rGYZJxbkloD08dV4zyrtV13x2MKLbop2nhtQLcYOTBKKu2HDNGTqkB1dpVDuvB6m0aw7ZYMPghlGkixuEAU6Tf47UbtgLOm6pAOysS9U2zc45OzGP22gHRvC5XYy1ZYeDFGUblqZmySjKkUDbmzyraknfD9jbFOS+Yi/ZCOkadYeMebLSyDkJmPFF5Gn2CyZJLGmt2KhscqCc7HmYgxuLZCQSdJfqq6Sg7co3f+b5weKxRVVodw+STuyP6257ZkY0ML1RymTv4i8s7+U/CCMqfVdRa9tOO+V3pgiB8ORe/aey0vmLwy5CLeEqXTOiP4Gn2vlPQy9DPPxaTQ16O2yeEYqq5CB3wTo8gCeEdUMOtt0n4bp/2U8R1C5qC2Ery4QGq9pca1ERClP+K8Vxq/r+0M4R+6v0VrZ2Dtin04Ay4UKESYZbYpvyj4yyIAd8hw6tFmRaMB2ptD6vSeoxBVRoD946KL8yJyXG4pHDO5zMzXPadSfUm8tP0oYsolKkG0dy5F/soLf65y1Kp1PYC3M20+N57M3eh5uONJsOwDoMzNxsNNeu/wAABmHgIJisUM1lG4kDw4k9u+/MwGm7ZQo1Yvpztb5wjEotNVsQWYX5jgfy317+QmBXoRVsoOupsByJ/fhNGo3Ay7v62JglyZbug2xTXqZ3H8KmRcfffeF5C9z4DjMb5VbMjHmdFh6M9FmehaoNHHu9i/ZHOKtv9FKuCtXpk5AwvYm669U9wnW8Gtoc+CSqj03XMjqVYHiGFjExlJsdKMYqhJ0J6SfWKAY+8tlfnbQ+P6y2EK+onMOiOCfCNiabC+SrkvxIUZlbxV1PjLthMcDqp/ffLFDmjqQSaUmuw39mRNfbz3D4xWFjoZDicKTqsU4NAva4kWPcERpgF6g5RFVQ21vLDhB1Rygx6mULoRvVGkRZOvH1XdFAXrxeRe9DodLJskWbQTrDnG+WK8eDnXnDyq0Bi0YVRTQSPFr1YTTTSQ4kaQpdLBj1o02LTtcxyRF+yl0jIiBgVY0MzO5srG3Uu6/vjHuDSyDlE+11vUXw+Me4deqIGH8k3+0Fl6I/Z5VGkpm0Kd3H5pdao0lUxCXcc4PFbx+QuG2l8BlKnoJ7CUTSZKiUKxQ6plP6XG4o/m+UueJHVMp/S1erS/MJuToYOPrQ26PjqeEeUBpEvR8dTwjyiNIjhugfxHUa1xEBW1V/CWGqIicfxW5CBxv4vtBcL1/Qqww/tLcvnLAO+IsOtsQeXzjy17iedhL5nHPpUxN8WEB0SmOO4vmY+gWUl7D/AAk/Cw8vjHfTGqHxddr3HtGUH8KDILc7RE67uR+f6T1071PPqlRq9QKVNr2zacDwse6D16pZizG5O+FVaLMoIF7X9T/y855gMNmcKwNr/vWbaB5WzbZeznrOFUd5bgo7T+k6psCm1NVp00CoumZ+J4mw1JJ4zNk4NKaAIoAOptC8ThXYWRrHlr4HhJZ5HJlePGood02rL1s6MBvAFiI2OMApF2JA3XG/wlSw2w3WqK+bIFQLkAuWsrA5nOpBzX1vqB2CMtlVc96TNa5up7G3fAkeM5Sp6M6UbWqI8TtNCwempNJlS7ZWHWtvJI10trN/xode6WPC7NSlRSiF6irlAOtu7XnEG0diPTJeibrvKH/TPShL2o8rLH3Mlwu0dcraH0PKPMPtC2/USo4eutS4IysN4OhvJqeKdDZtV9RDaTFptF1qWddIdQWwEquDx9xdTHmC2gDodDEyhWo6GS9GH1t0WJ70ZVWuptFdEEHWTT60VR1gwyAYpeuIcHgdY9cTcrVL5RmJO38BSDSQYtdJOji0gxJ0mza5GZBPnRtscdXxjMwLZi9WHGdhVY18G5dZsru0h/FXw+Me0RpEmM/v18I9pjSBg6pP9h5umPwa1txlYy3fxMs9fcZWwOuIHEdUfkLB0SGQWZNs0yV2iWmT4odUym9KKZy0zfTNulqt1rMdLStdMcoCWOuYWnZOh/BmPrXyNdh+54R5SItK/wBHFNrt4R69uERw3QP4jqNq50iH/atrHq98r2KX+I1u6L4z8f2guF6/oHX/ALx4Q/HVclJ3+6jEc7aetoBRW1UdtoH03xhTDMBvNz4Dv5lZBiWtF03ocSxzFnc7ze3jc7/3xg7+8PyD5n5ySo5GvE38gNPUTSsADbsUfIT1okMhnsChnV1HvBMy390NmWxbuFyeMY4vBsq0yUyMoCGxBVitusCOBvzlfw+KakuZDY7j2MNND5CPP+sjVKaU3pqNQQ6njrcEHdv7Yuae6GQaqmWnZmJOVQd9hLDgauspuz626WTBVJL3KI7Fpd+oTa+kqWFdyytZszNYKqkm/ZoNPGWFsciUyzmygakxXszbl2zUkz3YDqkZt4tYXv8Asw92jUm7pF19tZEDixI1vwNhv75IEsNNR2fpPVqBls62JFyN4ueF5EtN0OhzL2cRynow6UePkfvYt2lshKnWXquNxG/xldrVnpnJWW3Y3Ay7kBtV3+sgxOERxldQYxSFOJU0BXrIf0MZYTaAOh0P73QLaGx6lE5qXWTinHwMCpYhX03MN4OhBhaMCqLphtoW0OojJGV9RKNQxTJo1yO2N8DjBvUwJQTGwyOJZfqvfNPqUhwm0QdG0MYCqJPLEu6KY5W9mCnCHtmr4MmGe1Ez2omPHFhKckD0abLpJmc23Tf2gnjOLQkklSBbt2yt4iofbA21vuj6nUNt0UMw9vfhHqsLSfh1u77sfna0VdgatUYiwBix8I172j24maRs8Sk7YqORx0Qk9k/ZPY60mQfS/bN9X9IVOLki2tpWulq2WmCv2hrG1PahzXym1oBtstXCjKQAbw55YuLSYqGKSkm0Mdhe4OUbhbRNsNGC66c45IvFYJcsaZRmjzStGwW8SVR/GIPdHYg1fDA68Zmf3xpGYVyytiVltXHKU/6TcVamw70QeTM3+nzlxqH+OB2Cc8+k+pog/E7c8thrIcKbn9lmTp+jnlRjp2m58r/08pE4949tvgb/ACmhfce63p/WSONCe/5T1CJkrU+p4X9Yw6O4YVUZD4HiDIcJSupH4QPRv1hfQ1rVmXx9bQJv2sKC9yDqKPSOVgbcDLHs7Fg2jh8GrLqAYDS2OCerJnqUrQbJUDJlO46Q7YGx0VwQSBcGw0BsbxDt8LgaVOpUZmzvlCIASOqWuSSNNPUR10G2kmJR3QupRsuRwt9QCH0J0PWH8pjMeOTkrQE8yjF0y1ZwdHFj6TZcyfiX18J7fgw8ZqxZe9ezj4T0DyzGUNqpsf3vmiVDucW7+EkVAwupsf3vmjHg4se3gZxxjoR3iJ9p7CSp116rjcRv8Y0JZO8dn6TZbMLqdZpjVlOdmpnJVXk3AzFBBzIfLdLVXpq4KOo17dxiHE7EekS1LrL9w/IwlIW4m2H2jwYWPpHGGx1hvuJWvaq/VIysN4OhnlCo6Na+ZfhymtJnJtF3o11caGaV1ZdRrF+GqArdd8Jw+OI0ceMnnhTKcedx3BTtHW1jPG2kBxMOxC03F9L+RlbrYgZyqAtbfbW3OT+jJPXYq9eDjpuS4rHgMLdsaYXHNYXvK7iRnK2HHsj7CUyFFxJJNRlUWVRXNG5INOPPbNvr/fByndPCvdC9SXkH04+CT6+3bPZDcdkyD6kvJvJHwNlwyjhNxRXsk4oz0UZcsZFzg2QDdPRChSE9FMTfTO5wWY14ZlEwqJ3IjOdlTxK2r6/dnPvpApZ3Qb/eB8f/AMTpW2rCovI+QlL2ps2riapyJ1VFi7aLre9vvEWtp96RqPLmpFSlzYrZx2tRINrbtPKTKOqB3m/w9NJ0DpDsWnTo7mV1Ghca1GvcupGl+7h375zygPeBOoPwP/KWCBlso3sO029BCthUimIB7yPOQbIXXxJ8LiWDZ+H/ALTa32m/p52MXLuHAvNFbpfuhOyMPd5rTQgZbRrs2nlF4qK1GSehr0j6O0sYiLVUlULFSrFWUkAXFtDuG+8TdHuiD4Ssz0a+em65WVwA4K6qbro3Ebl38ZcEr2cJ+Ek+aj5mbVadjpuMqj5JZbUyJMR9lxZu/ceUm1HeJ4j304/vfJRbkdxHDyjFJMS4NESqPeXQ/vfPQ4bRhY+kkenxGh+MjOujQgKoiqU2Td1l7OI5SJ0DdZDY/vQiGKxG/UTR6AbrKbHu+Ym2dQKKl+q4sfQzyozJwzL2cfCS1bHRxbv4TQ3X8S+s0wAxWBp1xcaMOI0YGIXovRJDjMvBh85aWoq3WQ2Pd8xPKgBGVx48DNTAaEeHxQAupvGRxWZRYaxXjtjMhz0t28rwPKMNluHTQWYbwd4MLTczVA1fZFWow6+VTvtvtLTgdlpSTKigdvaT2kyDDI2l+ENr4jKsRklWrKMUL2FOEwymq2m4mPBQHZEWGxGVyx4xsMapG+RcPOFP5ZdnjO0/0a161FDlZ0U9hIB8p4rUm3Mp8ROF7Vxj+2fMxY53F21JsxGp8JmytpOK1PLa+dbadpAjOdeBfpyXc7t7Gn2iZFftz2zJnPDwZU/I8OJXtmv1te2c+o9PMK29ivMRjhulWGYaVlHM2lClB9xDhNdi4HEiaNiu6IaW2KTbqiHxEJTFA7mHnCXK+4LcluhkcUZn1kxU+Lt38tZ6mMBAJ4mwE10lZkW5OjbFKrEu2pGgB5+sBr4q2g7LW4Rbt7H5LAHrE303gTMBig1gRqRcH5GIclZUoNIF2rS9sjI4up4Hd5Tk+2tkth8QF+w+YqeY1B8hO4PRDb5R/pCwP9nZgOsjBgewDf6EzFub2KNsxiGPL/Nb5j1lqwzqMSpJsDkN+5hlJ8/hKpRPWuNxUHzykfAiPMTX6yN2ouvlf1EGQcTqtGhkIzC/je47jHLhSBbmIm6L45cRh0vvAAYcVYb7c7RpVpleOnAzoxpWtgZSt09zXB3zMWsWtv4gE7vT0jNGusTbIYlC5+22YdyDRPMa/wA0c0hpGw2FZHqLWaz3hGLPUv8AvTcZFiF1kpGZDyPprMa3NT2JcPVzqqneVuD3jcZCmJBORxZh+9IPsticncgvzN4XUpI5PaCR33EPE7WovNHlehtqO8TAl+spkIZkNm1Xt/WTqvFTGCTzMG0YW+EhqUmTdqvZx8ISCG0IsZlyu/Ues44CajfrIbH96ET1XD9R1sfQ8oUUB1U6yF8p6raGbZjQFURqZ+8nmR/ST4OmmbMttd80qYgpo+qnj2c5BW6nXTUbyBuhADYVADY6SVt0XpVSqt+M8w+KOYoeEFxsYp0a4nDg+6bGTYaj1dYs2riWRgV3cYZiccKeHeodyoW8baDzk0sEIu0iqOeclys4tteoDWqf+o/+YzbYQzYmkP8AzF+MEqXJJO8m55nUxj0bQfWaN92cfAxBQ9jrMye5JkUEfPeEp1qjBERmbsEKfCYhBdqFQDtyEjzEu/RPZVRKWcIM+up3+EtuExICBKi68byvHj591oT5M3Js7ZxZMZbfceYhVLa7L7rsOTGdkfZOGqa5EvysYtxPRKif9ijDlYzXwq8gLi/KOdUOktdd1VvE3+M6HsbFO2GpVarEtfPf8BYhTYfhKnxg6dEsCdHolT3Ej1Eb4umoXJaygBQOxQLAeg8oDxOGtjIZY5NkIMdiAz8ezWE4B8jKd4v/AMxFzoVfKd49RwhtVcpBG4xd9x1dizZ947BcHtU7v08Im2qgrUnpt9pSPMWjLZ9QFACdRfL39qxZiGy1mHDf53jExbickpoQtjvVSDzp1CD6WjHFPemh+6zKe7S49WnmNpAYiog41HH+LX5+kjwC50dOIs3fpe/xHlNZyLj0H2maVWxPUqG/aAT/AFvOo4nVbfe6vnxv3DWcO2Q+W3cQbjgTvPmL+c7FsvFZ0W+9Oqefb5W9ZsNqBybphyKAABoAAByELw5gawnDPrGIUyPEprMDZSo7d/KT4gawXEnrjsC39T+k5mLUiwCWH5iAPyqBc+fxhGJw3WLIbNv89dZ5gjc34AWHzP77JmLqqjqWdVzAixNr2PDzE6DUUblTkzVMUdzrbv4TY0ze6HT0keKcOhCspPCxEzAO4WzCx841ST2EOLWjJVqB9NxE1FcqcrG94NUpur5xuMITDCqQdRadzRurO5ZVdG+IAVcyzAQ6X4wlsKbWvcSBcPbQboMppBRxykB5wylWHdrBMISt0YacI4bCqZstFeyD63hBeh5YlwBszLbjGBw9utxhJpAG9p5UUtoIuWaUk6Wo2GGKeotrlW03zNsbJGIw7UsxS9rEdqkEXHEaRhS2aAbk3MR/SBiHpYNijFSWRSRvsx1APCJrJTlId/XoonItpI9Go9NsrlGtmQ3U8pNsGqz4imFS5DBrdwNzfwi4vvh3RvHFMTTYD7WUjtDaGBegxnW/rFU7kFuEyajF93rMieaPlnVLwVLZ30iYYIA1F0A7AD8I0Tpls+qLM+X8wI+M4guJhFHELul3NOJO8UJHcMNiMG56mJUdwYfOO8Pa3Vqq3O0+eg8np12UXVmX8rEfCZ60luD/AB49j6DrJZSWCnst2xBtFrRJ9Hy1GovVd3cM2VAzFgFTQkX7WJH8sb7SbWbKTkrYeOCi6QFUohwCPfXd3jis8qi6cprhX1tGRpB1uNG4j739Ymh9g3tstJH+6SDyNoPtNj7UNwZBbmCb/ETYpmpvTOlwRrwO6/wivE4tvqyPbrJYOONgcj+W/wAJqZzRR9rVcuJc/jU8veHzEnwLinibblY+jA6eHyi/pA96zkbiFPnczd2LKj8eqD23GgJ56RtaCe42odSsyHdc25Nf4EW8Z03otUJXmqMeZGv6eAnNHPXp1ePVzc1YXPznSeiy2A5EHmruPjpMjudLYtVtBzHxnqNYzBunpBjRAXUFwDEu0Kt3KDuB7lH6m/rHFFtLStUXzOWO9iSfHcPgJk3pQeKNtseYXQWla+kWsEo03PCpk/xozf6JZMNEH0h0VfBnOuYCpTNt2uq7/wCaBNJwYUXU0c/TbH3XHqJOnSGqv238G0mdGejtCo7O6nIBbJmI1PfLov0f4R0BAdCRfR2+BJkig2/aVSaXUV7CdKah3VWPcyiMafTGqnFPHSet9GqEnJiXXmFb4Wgtb6N8RqExCOPxqV+BMNY8u6AeTFsxnS+kI7mRT+UwpOm9P7SOOWsp+J6AY9NVVHt9yp8mAijGbOxaiz4eqLcVUt/lvOk8kdzoxxy2Oo0+mWFbe5U94MNodIMM26snibTiCVnpt1lI/MpU+omwx2twb90z1JWd6arc7uuMRtVdTyIhVMi2hE4Mm0V3G45GT0ttOnuVHHJjCjmp6oyWJtaM7m7twlR+ksn6n/7ifOUin0urjdWb+YAyHb3SitiKQpu4ZQwbQWJI3XjXmUlVCo4XGSdlaJ3wjYq/2in+dfjBs19JPsY2xNP84imlTHnXKZ0EyA/9IURoaqgjeLjSZIKY3Q4YqC2ongog90dJsanYZsVTA7lY/pJKezcLm6+LNuOWi3oc3ynq34ZK68CYYf8AEYZsrZj16qUVaxdgtzrYb2a3GwBPhG2L2fgrD2WMseypTf4op+EcdBcAi4pH+s0XIV8qIXzElSCbOi2sCZ2t6nWqOhYXDJRppTQWRFCjtsOJ7zqT3mCY06RlVtaKce06R0RemhvG+FNwLbxFiLJsJiMjW4QENDsZTuCwHWtr3/1lOx+PIDU0A1zFiRe2Y3PxMu+IYFMw7JzrpA+SsQNM6hz6j/Tea0YpFQ2o38Rx2ZR5D+snwlXqOu8AKwHIkH/TFgqZmY9pProITRNnXs1B5XMbWhPdsf4d81PfcWBB43B+YBnVuhbZ6IfvIPO9zbznGcPUKqyHhe1uwt/SdZ6BVT9WAG8Fr872+UCOjDlrEuVQ6SYtALkkDvEMJjkTsltobdhlV2Y+ax4WvLHi8RkpO/3VYjnbT1tKvgeqoUcbCKyPVFGFe1lnwm68G6RbP9vh2T8SHycQzDiwAmu1ULUKqqSGKPlI3hgpK28QITVxaF3UrEWD2W2HACUQ/EkWvfxjGntEiwdHTmpt5iUDDdJ8UlrVM35gDG9DpvVtdkR+211/WLhxEUqo2fDzbuy7JVvqrQmjiO0Sn4bpqhNnosp/CQf0jal0jw7b7rzU/ERqzQYp4ZosZqAjfF4BvqIGuPoP7ldQeY+BhtF9NHVpklGWzCg5R3RqaSsbFQeYBkeI6P4V/fw9JuaLfztDKSgG5k4Yds6MaWpspWym7T6CYAKzmmyBQWOR3FgBc2W9vScjx+BX2jewZlp30FSxYDvIn0ViaSujI2oYFTyIsZzPb3QRqVJ6qVM+TrBMtiUG+5vqQNd2torJF7xQzHNbSZzN6FUC/VbuB1Im9EOM2dbaC3GFtUBv8uEgquN3nFJu9h7QMwtrPRXKHMN66jnMeRVj1TyMcAHU3JAJW5O89syA0VOUdYzIjkQfMxW9Zm+0T5mF0NjYl1zJh6zKftBGynk1rGNekmz1pKjIoAzMpsLXJAIP/CZv0W6WVcKSts9NvepsdOa9hlT07CE3JWhYOjmL/wB1rnlTY/COOiGz8RSxlF3w9ZFzMCzU3VbMrDUkW3kSyVPpGQW9nh2HaGYW8NTLHszpbSxNLQ5HJCmmTe+Y207YTlABer3SC69Uk6QOsNIYokWKXqxTQ6LAabTKycZETrI6lbhBDGOArk3Q8ZQOmhy1GbMAcgCjt1N7ecveyku15R/pFpddD2ll8ip+cJK6Bbpso2HazA9mvlD81nOmgb/huRf4RaF1tDHfrX362NvKOZOhphgMzA8CD4ltTy0nVPovY/VjexId1PfYJrbvvOSYeqpZuxgBY9+YG373mdK+j0uab5T9pr+KpY/8JgbNDN4nTBTDbt8melc/vnENGs6kd5tw9L7o8Svrr8oxOxLVCnpE+WgR95kB5Zr/ACi3ZNDMwbgI825TD0XHI+TA/KDYKkFQARclch+N1A1xG3qFJ1R6ihi2UjMOr1c2Zr+6LW53EYnaNIKhLplf3OsOuLXOX72nZE52RnxS1WVDTWmykEAszsbXItqMvGLcF0XrL7S7qciVKeEBb3RULdZrro1iBx3nsE65XsUrFw7inzU6V/t/r/hzb6wFZr3yqMwP4e/v0hFHatEkWYeJhOPwRpVmpNY5LK3YTlF7d1zBquFpMTmQeEjdJ0yniY4lXou01YxTGIR1SvnDaGLUjS2kqNTZtLNYErfdYzZNmOB1KzjuO6auUk1Lk4Dbp4gZeJHepI+EqX9rTc4aY21cSvvJe3YZvKjNS6DaVdPdqv4nN/mvJ06T4lftI4/EuvoZSE6SsNHRh4TP+nELXDWHYZtSWzMqL3R0FOm7r79JT+ViPQiGL05okddHAOh0DD0MoGHrowuXF567r3HxmrJNGPFBi7bVBPauaAvSY3UHQi+pHKK6oIvcWj4ka6RZtXQKIMW3IJpJC280xHuNy+ckYSHEHqNqN3zlCFshQm2+eyNVX7w8xMg0dqXTpJh8+Hqdq2YH8p19CZRVpN3TJkbMTi2PdRvjDYuIy16TdlSmTyzi8yZFj0dnpvBsW+hnkyczEKHqTKSlpkyAGWLA0cqXlI+kGmCFI3qxPOwuR5LMmRnYWtzm+JQBmtu3jkdZ7TqdYHvBPnPJkathL3CabXtxsVufzXNvO87N9GVL+C5PHL52OsyZB/yQX+LLv7JTbTiJM1ITJkYKEHSuuRRKKSGYhQRpYbyQeQMW7M2jUphQze0U/e3/AOLfMmSeb9xbiS9MteFrBhmELUXnkyOjsSTOP9Nrrjq/5kP+Kmh+cV0sPUdlRUuzaLqov4k6TJkhfW/krTfIvgfj6OsToxenffludP5rRZtDB1KD5KoF+4gi3hMmRuSCS0F45tvU8wNF6mcoMwRSz3IFhv0vvk+B2fVr/wB0mb+ZV/zETJkyMFobKb1HVHoPim9/2SdoZix8lUj1hK/Roh/vKq8lp/Mt8pkyUxxQ8E0s0/JL/wBmOCUZmesQN9mVR5BbwrDdC9njclV+dWoPgyzJkascRLyy8jOl0Wwq7sKP5mzed3MmPR3D/wC6Yc/mVT8UM8mTeVGObJRsLDj/AMLhhypr/wDSTU9mpwp0hypr/SZMmmE31Rfup/8AGP1mTJk6wqP/2Q==')
INSERT [dbo].[AnsImg] ([ans_img_id], [ans_img_name], [ans_img_url]) VALUES (12, N'', N'')
INSERT [dbo].[AnsImg] ([ans_img_id], [ans_img_name], [ans_img_url]) VALUES (13, N'hihi', N'data:image/jpeg;base64,/9j/4AAQSkZJRgABAQAAAQABAAD/2wCEAAoHCBYWFRgWFhUYGBgZGhgYGBoYGhwYGBoYGBgaGRgYGBgcIS4lHB4rIRgYJjgmKy8xNTU1GiQ7QDszPy40NTEBDAwMEA8QHxISHzQrJCs3NDQ0NDQ0NDQ0NDQ0NDQ0NDQ0NDQ0NDQ0NDQ0NDQ0NDQ0NDQ0NDQ0NDQ0NDQ0NDQ0NP/AABEIALcBEwMBIgACEQEDEQH/xAAcAAACAgMBAQAAAAAAAAAAAAAEBQMGAAIHAQj/xABJEAACAQIDBAcECAMFBAsAAAABAgADEQQSIQUxQXEGIlFhgZGhEzKxwQcUQlJictHwI4LhJDOSssJDVKLxFRYXNERjc4OT0vL/xAAZAQADAQEBAAAAAAAAAAAAAAACAwQBAAX/xAAqEQACAgECBQQCAgMAAAAAAAAAAQIRAyExBBIyQVETInGBM2EUI0KRof/aAAwDAQACEQMRAD8A6DtReoZQ+mqfxqB7jLtj8ahp3BuCQL98pvTNwalC3C/whZfxsTh/Ih/0YTqHlH2FXq+MS9G16nhHmGcZd8Rwz9n2UcSvcA7Vp6Tm20KX8Z503aDgi15QMZRJrPA41/1hcIvcJOj1P+0MJeXp2dCdwMp+w6R+stOiYagHsGkUG+aNfosmlysZ0KoHHhPK/WUi+pgzYM0zmW7DiL/CUv6ROk5poKOHJVyOu40NMfdXsbXU8Bu1Nx67VK2eUtZUjNo9J6OBdkd/avxRLFlPYx3LyveV7GfSW7t1MOiDtLFm9LCUVaDMx7gSb79SND36zVqJG4cQPE7pnOxnpR7nRdnfSJUJAdEIvwBB/wA0tWG6e0VsWV1U8dLeGt5xClVy84wwW1TmJcAoOBHoO/vnKTMcI9j6G2TtzD4n+6qKxG9dzD+U6w5lInztiagRVxNHNTu+5WIKkjQrbdu7eydH+j/py1a1HENmY+4+gJ7n7T3wWkwJQ0tHQg4Ew1xPXp3FxB2XhFtNbiZNo2qdbdCgnVg9BIWd05BwdOyp7VodYw/YuBcIDmk21aWl4z2YnUHKLxwTbstllbimgOth3UXDRLX2k+4b5bq66SqthevF5oPmSi2rGYZJxbkloD08dV4zyrtV13x2MKLbop2nhtQLcYOTBKKu2HDNGTqkB1dpVDuvB6m0aw7ZYMPghlGkixuEAU6Tf47UbtgLOm6pAOysS9U2zc45OzGP22gHRvC5XYy1ZYeDFGUblqZmySjKkUDbmzyraknfD9jbFOS+Yi/ZCOkadYeMebLSyDkJmPFF5Gn2CyZJLGmt2KhscqCc7HmYgxuLZCQSdJfqq6Sg7co3f+b5weKxRVVodw+STuyP6257ZkY0ML1RymTv4i8s7+U/CCMqfVdRa9tOO+V3pgiB8ORe/aey0vmLwy5CLeEqXTOiP4Gn2vlPQy9DPPxaTQ16O2yeEYqq5CB3wTo8gCeEdUMOtt0n4bp/2U8R1C5qC2Ery4QGq9pca1ERClP+K8Vxq/r+0M4R+6v0VrZ2Dtin04Ay4UKESYZbYpvyj4yyIAd8hw6tFmRaMB2ptD6vSeoxBVRoD946KL8yJyXG4pHDO5zMzXPadSfUm8tP0oYsolKkG0dy5F/soLf65y1Kp1PYC3M20+N57M3eh5uONJsOwDoMzNxsNNeu/wAABmHgIJisUM1lG4kDw4k9u+/MwGm7ZQo1Yvpztb5wjEotNVsQWYX5jgfy317+QmBXoRVsoOupsByJ/fhNGo3Ay7v62JglyZbug2xTXqZ3H8KmRcfffeF5C9z4DjMb5VbMjHmdFh6M9FmehaoNHHu9i/ZHOKtv9FKuCtXpk5AwvYm669U9wnW8Gtoc+CSqj03XMjqVYHiGFjExlJsdKMYqhJ0J6SfWKAY+8tlfnbQ+P6y2EK+onMOiOCfCNiabC+SrkvxIUZlbxV1PjLthMcDqp/ffLFDmjqQSaUmuw39mRNfbz3D4xWFjoZDicKTqsU4NAva4kWPcERpgF6g5RFVQ21vLDhB1Rygx6mULoRvVGkRZOvH1XdFAXrxeRe9DodLJskWbQTrDnG+WK8eDnXnDyq0Bi0YVRTQSPFr1YTTTSQ4kaQpdLBj1o02LTtcxyRF+yl0jIiBgVY0MzO5srG3Uu6/vjHuDSyDlE+11vUXw+Me4deqIGH8k3+0Fl6I/Z5VGkpm0Kd3H5pdao0lUxCXcc4PFbx+QuG2l8BlKnoJ7CUTSZKiUKxQ6plP6XG4o/m+UueJHVMp/S1erS/MJuToYOPrQ26PjqeEeUBpEvR8dTwjyiNIjhugfxHUa1xEBW1V/CWGqIicfxW5CBxv4vtBcL1/Qqww/tLcvnLAO+IsOtsQeXzjy17iedhL5nHPpUxN8WEB0SmOO4vmY+gWUl7D/AAk/Cw8vjHfTGqHxddr3HtGUH8KDILc7RE67uR+f6T1071PPqlRq9QKVNr2zacDwse6D16pZizG5O+FVaLMoIF7X9T/y855gMNmcKwNr/vWbaB5WzbZeznrOFUd5bgo7T+k6psCm1NVp00CoumZ+J4mw1JJ4zNk4NKaAIoAOptC8ThXYWRrHlr4HhJZ5HJlePGood02rL1s6MBvAFiI2OMApF2JA3XG/wlSw2w3WqK+bIFQLkAuWsrA5nOpBzX1vqB2CMtlVc96TNa5up7G3fAkeM5Sp6M6UbWqI8TtNCwempNJlS7ZWHWtvJI10trN/xode6WPC7NSlRSiF6irlAOtu7XnEG0diPTJeibrvKH/TPShL2o8rLH3Mlwu0dcraH0PKPMPtC2/USo4eutS4IysN4OhvJqeKdDZtV9RDaTFptF1qWddIdQWwEquDx9xdTHmC2gDodDEyhWo6GS9GH1t0WJ70ZVWuptFdEEHWTT60VR1gwyAYpeuIcHgdY9cTcrVL5RmJO38BSDSQYtdJOji0gxJ0mza5GZBPnRtscdXxjMwLZi9WHGdhVY18G5dZsru0h/FXw+Me0RpEmM/v18I9pjSBg6pP9h5umPwa1txlYy3fxMs9fcZWwOuIHEdUfkLB0SGQWZNs0yV2iWmT4odUym9KKZy0zfTNulqt1rMdLStdMcoCWOuYWnZOh/BmPrXyNdh+54R5SItK/wBHFNrt4R69uERw3QP4jqNq50iH/atrHq98r2KX+I1u6L4z8f2guF6/oHX/ALx4Q/HVclJ3+6jEc7aetoBRW1UdtoH03xhTDMBvNz4Dv5lZBiWtF03ocSxzFnc7ze3jc7/3xg7+8PyD5n5ySo5GvE38gNPUTSsADbsUfIT1okMhnsChnV1HvBMy390NmWxbuFyeMY4vBsq0yUyMoCGxBVitusCOBvzlfw+KakuZDY7j2MNND5CPP+sjVKaU3pqNQQ6njrcEHdv7Yuae6GQaqmWnZmJOVQd9hLDgauspuz626WTBVJL3KI7Fpd+oTa+kqWFdyytZszNYKqkm/ZoNPGWFsciUyzmygakxXszbl2zUkz3YDqkZt4tYXv8Asw92jUm7pF19tZEDixI1vwNhv75IEsNNR2fpPVqBls62JFyN4ueF5EtN0OhzL2cRynow6UePkfvYt2lshKnWXquNxG/xldrVnpnJWW3Y3Ay7kBtV3+sgxOERxldQYxSFOJU0BXrIf0MZYTaAOh0P73QLaGx6lE5qXWTinHwMCpYhX03MN4OhBhaMCqLphtoW0OojJGV9RKNQxTJo1yO2N8DjBvUwJQTGwyOJZfqvfNPqUhwm0QdG0MYCqJPLEu6KY5W9mCnCHtmr4MmGe1Ez2omPHFhKckD0abLpJmc23Tf2gnjOLQkklSBbt2yt4iofbA21vuj6nUNt0UMw9vfhHqsLSfh1u77sfna0VdgatUYiwBix8I172j24maRs8Sk7YqORx0Qk9k/ZPY60mQfS/bN9X9IVOLki2tpWulq2WmCv2hrG1PahzXym1oBtstXCjKQAbw55YuLSYqGKSkm0Mdhe4OUbhbRNsNGC66c45IvFYJcsaZRmjzStGwW8SVR/GIPdHYg1fDA68Zmf3xpGYVyytiVltXHKU/6TcVamw70QeTM3+nzlxqH+OB2Cc8+k+pog/E7c8thrIcKbn9lmTp+jnlRjp2m58r/08pE4949tvgb/ACmhfce63p/WSONCe/5T1CJkrU+p4X9Yw6O4YVUZD4HiDIcJSupH4QPRv1hfQ1rVmXx9bQJv2sKC9yDqKPSOVgbcDLHs7Fg2jh8GrLqAYDS2OCerJnqUrQbJUDJlO46Q7YGx0VwQSBcGw0BsbxDt8LgaVOpUZmzvlCIASOqWuSSNNPUR10G2kmJR3QupRsuRwt9QCH0J0PWH8pjMeOTkrQE8yjF0y1ZwdHFj6TZcyfiX18J7fgw8ZqxZe9ezj4T0DyzGUNqpsf3vmiVDucW7+EkVAwupsf3vmjHg4se3gZxxjoR3iJ9p7CSp116rjcRv8Y0JZO8dn6TZbMLqdZpjVlOdmpnJVXk3AzFBBzIfLdLVXpq4KOo17dxiHE7EekS1LrL9w/IwlIW4m2H2jwYWPpHGGx1hvuJWvaq/VIysN4OhnlCo6Na+ZfhymtJnJtF3o11caGaV1ZdRrF+GqArdd8Jw+OI0ceMnnhTKcedx3BTtHW1jPG2kBxMOxC03F9L+RlbrYgZyqAtbfbW3OT+jJPXYq9eDjpuS4rHgMLdsaYXHNYXvK7iRnK2HHsj7CUyFFxJJNRlUWVRXNG5INOPPbNvr/fByndPCvdC9SXkH04+CT6+3bPZDcdkyD6kvJvJHwNlwyjhNxRXsk4oz0UZcsZFzg2QDdPRChSE9FMTfTO5wWY14ZlEwqJ3IjOdlTxK2r6/dnPvpApZ3Qb/eB8f/AMTpW2rCovI+QlL2ps2riapyJ1VFi7aLre9vvEWtp96RqPLmpFSlzYrZx2tRINrbtPKTKOqB3m/w9NJ0DpDsWnTo7mV1Ghca1GvcupGl+7h375zygPeBOoPwP/KWCBlso3sO029BCthUimIB7yPOQbIXXxJ8LiWDZ+H/ALTa32m/p52MXLuHAvNFbpfuhOyMPd5rTQgZbRrs2nlF4qK1GSehr0j6O0sYiLVUlULFSrFWUkAXFtDuG+8TdHuiD4Ssz0a+em65WVwA4K6qbro3Ebl38ZcEr2cJ+Ek+aj5mbVadjpuMqj5JZbUyJMR9lxZu/ceUm1HeJ4j304/vfJRbkdxHDyjFJMS4NESqPeXQ/vfPQ4bRhY+kkenxGh+MjOujQgKoiqU2Td1l7OI5SJ0DdZDY/vQiGKxG/UTR6AbrKbHu+Ym2dQKKl+q4sfQzyozJwzL2cfCS1bHRxbv4TQ3X8S+s0wAxWBp1xcaMOI0YGIXovRJDjMvBh85aWoq3WQ2Pd8xPKgBGVx48DNTAaEeHxQAupvGRxWZRYaxXjtjMhz0t28rwPKMNluHTQWYbwd4MLTczVA1fZFWow6+VTvtvtLTgdlpSTKigdvaT2kyDDI2l+ENr4jKsRklWrKMUL2FOEwymq2m4mPBQHZEWGxGVyx4xsMapG+RcPOFP5ZdnjO0/0a161FDlZ0U9hIB8p4rUm3Mp8ROF7Vxj+2fMxY53F21JsxGp8JmytpOK1PLa+dbadpAjOdeBfpyXc7t7Gn2iZFftz2zJnPDwZU/I8OJXtmv1te2c+o9PMK29ivMRjhulWGYaVlHM2lClB9xDhNdi4HEiaNiu6IaW2KTbqiHxEJTFA7mHnCXK+4LcluhkcUZn1kxU+Lt38tZ6mMBAJ4mwE10lZkW5OjbFKrEu2pGgB5+sBr4q2g7LW4Rbt7H5LAHrE303gTMBig1gRqRcH5GIclZUoNIF2rS9sjI4up4Hd5Tk+2tkth8QF+w+YqeY1B8hO4PRDb5R/pCwP9nZgOsjBgewDf6EzFub2KNsxiGPL/Nb5j1lqwzqMSpJsDkN+5hlJ8/hKpRPWuNxUHzykfAiPMTX6yN2ouvlf1EGQcTqtGhkIzC/je47jHLhSBbmIm6L45cRh0vvAAYcVYb7c7RpVpleOnAzoxpWtgZSt09zXB3zMWsWtv4gE7vT0jNGusTbIYlC5+22YdyDRPMa/wA0c0hpGw2FZHqLWaz3hGLPUv8AvTcZFiF1kpGZDyPprMa3NT2JcPVzqqneVuD3jcZCmJBORxZh+9IPsticncgvzN4XUpI5PaCR33EPE7WovNHlehtqO8TAl+spkIZkNm1Xt/WTqvFTGCTzMG0YW+EhqUmTdqvZx8ISCG0IsZlyu/Ues44CajfrIbH96ET1XD9R1sfQ8oUUB1U6yF8p6raGbZjQFURqZ+8nmR/ST4OmmbMttd80qYgpo+qnj2c5BW6nXTUbyBuhADYVADY6SVt0XpVSqt+M8w+KOYoeEFxsYp0a4nDg+6bGTYaj1dYs2riWRgV3cYZiccKeHeodyoW8baDzk0sEIu0iqOeclys4tteoDWqf+o/+YzbYQzYmkP8AzF+MEqXJJO8m55nUxj0bQfWaN92cfAxBQ9jrMye5JkUEfPeEp1qjBERmbsEKfCYhBdqFQDtyEjzEu/RPZVRKWcIM+up3+EtuExICBKi68byvHj591oT5M3Js7ZxZMZbfceYhVLa7L7rsOTGdkfZOGqa5EvysYtxPRKif9ijDlYzXwq8gLi/KOdUOktdd1VvE3+M6HsbFO2GpVarEtfPf8BYhTYfhKnxg6dEsCdHolT3Ej1Eb4umoXJaygBQOxQLAeg8oDxOGtjIZY5NkIMdiAz8ezWE4B8jKd4v/AMxFzoVfKd49RwhtVcpBG4xd9x1dizZ947BcHtU7v08Im2qgrUnpt9pSPMWjLZ9QFACdRfL39qxZiGy1mHDf53jExbickpoQtjvVSDzp1CD6WjHFPemh+6zKe7S49WnmNpAYiog41HH+LX5+kjwC50dOIs3fpe/xHlNZyLj0H2maVWxPUqG/aAT/AFvOo4nVbfe6vnxv3DWcO2Q+W3cQbjgTvPmL+c7FsvFZ0W+9Oqefb5W9ZsNqBybphyKAABoAAByELw5gawnDPrGIUyPEprMDZSo7d/KT4gawXEnrjsC39T+k5mLUiwCWH5iAPyqBc+fxhGJw3WLIbNv89dZ5gjc34AWHzP77JmLqqjqWdVzAixNr2PDzE6DUUblTkzVMUdzrbv4TY0ze6HT0keKcOhCspPCxEzAO4WzCx841ST2EOLWjJVqB9NxE1FcqcrG94NUpur5xuMITDCqQdRadzRurO5ZVdG+IAVcyzAQ6X4wlsKbWvcSBcPbQboMppBRxykB5wylWHdrBMISt0YacI4bCqZstFeyD63hBeh5YlwBszLbjGBw9utxhJpAG9p5UUtoIuWaUk6Wo2GGKeotrlW03zNsbJGIw7UsxS9rEdqkEXHEaRhS2aAbk3MR/SBiHpYNijFSWRSRvsx1APCJrJTlId/XoonItpI9Go9NsrlGtmQ3U8pNsGqz4imFS5DBrdwNzfwi4vvh3RvHFMTTYD7WUjtDaGBegxnW/rFU7kFuEyajF93rMieaPlnVLwVLZ30iYYIA1F0A7AD8I0Tpls+qLM+X8wI+M4guJhFHELul3NOJO8UJHcMNiMG56mJUdwYfOO8Pa3Vqq3O0+eg8np12UXVmX8rEfCZ60luD/AB49j6DrJZSWCnst2xBtFrRJ9Hy1GovVd3cM2VAzFgFTQkX7WJH8sb7SbWbKTkrYeOCi6QFUohwCPfXd3jis8qi6cprhX1tGRpB1uNG4j739Ymh9g3tstJH+6SDyNoPtNj7UNwZBbmCb/ETYpmpvTOlwRrwO6/wivE4tvqyPbrJYOONgcj+W/wAJqZzRR9rVcuJc/jU8veHzEnwLinibblY+jA6eHyi/pA96zkbiFPnczd2LKj8eqD23GgJ56RtaCe42odSsyHdc25Nf4EW8Z03otUJXmqMeZGv6eAnNHPXp1ePVzc1YXPznSeiy2A5EHmruPjpMjudLYtVtBzHxnqNYzBunpBjRAXUFwDEu0Kt3KDuB7lH6m/rHFFtLStUXzOWO9iSfHcPgJk3pQeKNtseYXQWla+kWsEo03PCpk/xozf6JZMNEH0h0VfBnOuYCpTNt2uq7/wCaBNJwYUXU0c/TbH3XHqJOnSGqv238G0mdGejtCo7O6nIBbJmI1PfLov0f4R0BAdCRfR2+BJkig2/aVSaXUV7CdKah3VWPcyiMafTGqnFPHSet9GqEnJiXXmFb4Wgtb6N8RqExCOPxqV+BMNY8u6AeTFsxnS+kI7mRT+UwpOm9P7SOOWsp+J6AY9NVVHt9yp8mAijGbOxaiz4eqLcVUt/lvOk8kdzoxxy2Oo0+mWFbe5U94MNodIMM26snibTiCVnpt1lI/MpU+omwx2twb90z1JWd6arc7uuMRtVdTyIhVMi2hE4Mm0V3G45GT0ttOnuVHHJjCjmp6oyWJtaM7m7twlR+ksn6n/7ifOUin0urjdWb+YAyHb3SitiKQpu4ZQwbQWJI3XjXmUlVCo4XGSdlaJ3wjYq/2in+dfjBs19JPsY2xNP84imlTHnXKZ0EyA/9IURoaqgjeLjSZIKY3Q4YqC2ongog90dJsanYZsVTA7lY/pJKezcLm6+LNuOWi3oc3ynq34ZK68CYYf8AEYZsrZj16qUVaxdgtzrYb2a3GwBPhG2L2fgrD2WMseypTf4op+EcdBcAi4pH+s0XIV8qIXzElSCbOi2sCZ2t6nWqOhYXDJRppTQWRFCjtsOJ7zqT3mCY06RlVtaKce06R0RemhvG+FNwLbxFiLJsJiMjW4QENDsZTuCwHWtr3/1lOx+PIDU0A1zFiRe2Y3PxMu+IYFMw7JzrpA+SsQNM6hz6j/Tea0YpFQ2o38Rx2ZR5D+snwlXqOu8AKwHIkH/TFgqZmY9pProITRNnXs1B5XMbWhPdsf4d81PfcWBB43B+YBnVuhbZ6IfvIPO9zbznGcPUKqyHhe1uwt/SdZ6BVT9WAG8Fr872+UCOjDlrEuVQ6SYtALkkDvEMJjkTsltobdhlV2Y+ax4WvLHi8RkpO/3VYjnbT1tKvgeqoUcbCKyPVFGFe1lnwm68G6RbP9vh2T8SHycQzDiwAmu1ULUKqqSGKPlI3hgpK28QITVxaF3UrEWD2W2HACUQ/EkWvfxjGntEiwdHTmpt5iUDDdJ8UlrVM35gDG9DpvVtdkR+211/WLhxEUqo2fDzbuy7JVvqrQmjiO0Sn4bpqhNnosp/CQf0jal0jw7b7rzU/ERqzQYp4ZosZqAjfF4BvqIGuPoP7ldQeY+BhtF9NHVpklGWzCg5R3RqaSsbFQeYBkeI6P4V/fw9JuaLfztDKSgG5k4Yds6MaWpspWym7T6CYAKzmmyBQWOR3FgBc2W9vScjx+BX2jewZlp30FSxYDvIn0ViaSujI2oYFTyIsZzPb3QRqVJ6qVM+TrBMtiUG+5vqQNd2torJF7xQzHNbSZzN6FUC/VbuB1Im9EOM2dbaC3GFtUBv8uEgquN3nFJu9h7QMwtrPRXKHMN66jnMeRVj1TyMcAHU3JAJW5O89syA0VOUdYzIjkQfMxW9Zm+0T5mF0NjYl1zJh6zKftBGynk1rGNekmz1pKjIoAzMpsLXJAIP/CZv0W6WVcKSts9NvepsdOa9hlT07CE3JWhYOjmL/wB1rnlTY/COOiGz8RSxlF3w9ZFzMCzU3VbMrDUkW3kSyVPpGQW9nh2HaGYW8NTLHszpbSxNLQ5HJCmmTe+Y207YTlABer3SC69Uk6QOsNIYokWKXqxTQ6LAabTKycZETrI6lbhBDGOArk3Q8ZQOmhy1GbMAcgCjt1N7ecveyku15R/pFpddD2ll8ip+cJK6Bbpso2HazA9mvlD81nOmgb/huRf4RaF1tDHfrX362NvKOZOhphgMzA8CD4ltTy0nVPovY/VjexId1PfYJrbvvOSYeqpZuxgBY9+YG373mdK+j0uab5T9pr+KpY/8JgbNDN4nTBTDbt8melc/vnENGs6kd5tw9L7o8Svrr8oxOxLVCnpE+WgR95kB5Zr/ACi3ZNDMwbgI825TD0XHI+TA/KDYKkFQARclch+N1A1xG3qFJ1R6ihi2UjMOr1c2Zr+6LW53EYnaNIKhLplf3OsOuLXOX72nZE52RnxS1WVDTWmykEAszsbXItqMvGLcF0XrL7S7qciVKeEBb3RULdZrro1iBx3nsE65XsUrFw7inzU6V/t/r/hzb6wFZr3yqMwP4e/v0hFHatEkWYeJhOPwRpVmpNY5LK3YTlF7d1zBquFpMTmQeEjdJ0yniY4lXou01YxTGIR1SvnDaGLUjS2kqNTZtLNYErfdYzZNmOB1KzjuO6auUk1Lk4Dbp4gZeJHepI+EqX9rTc4aY21cSvvJe3YZvKjNS6DaVdPdqv4nN/mvJ06T4lftI4/EuvoZSE6SsNHRh4TP+nELXDWHYZtSWzMqL3R0FOm7r79JT+ViPQiGL05okddHAOh0DD0MoGHrowuXF567r3HxmrJNGPFBi7bVBPauaAvSY3UHQi+pHKK6oIvcWj4ka6RZtXQKIMW3IJpJC280xHuNy+ckYSHEHqNqN3zlCFshQm2+eyNVX7w8xMg0dqXTpJh8+Hqdq2YH8p19CZRVpN3TJkbMTi2PdRvjDYuIy16TdlSmTyzi8yZFj0dnpvBsW+hnkyczEKHqTKSlpkyAGWLA0cqXlI+kGmCFI3qxPOwuR5LMmRnYWtzm+JQBmtu3jkdZ7TqdYHvBPnPJkathL3CabXtxsVufzXNvO87N9GVL+C5PHL52OsyZB/yQX+LLv7JTbTiJM1ITJkYKEHSuuRRKKSGYhQRpYbyQeQMW7M2jUphQze0U/e3/AOLfMmSeb9xbiS9MteFrBhmELUXnkyOjsSTOP9Nrrjq/5kP+Kmh+cV0sPUdlRUuzaLqov4k6TJkhfW/krTfIvgfj6OsToxenffludP5rRZtDB1KD5KoF+4gi3hMmRuSCS0F45tvU8wNF6mcoMwRSz3IFhv0vvk+B2fVr/wB0mb+ZV/zETJkyMFobKb1HVHoPim9/2SdoZix8lUj1hK/Roh/vKq8lp/Mt8pkyUxxQ8E0s0/JL/wBmOCUZmesQN9mVR5BbwrDdC9njclV+dWoPgyzJkascRLyy8jOl0Wwq7sKP5mzed3MmPR3D/wC6Yc/mVT8UM8mTeVGObJRsLDj/AMLhhypr/wDSTU9mpwp0hypr/SZMmmE31Rfup/8AGP1mTJk6wqP/2Q==')
INSERT [dbo].[AnsImg] ([ans_img_id], [ans_img_name], [ans_img_url]) VALUES (14, N'áda', N'data:image/jpeg;base64,/9j/4AAQSkZJRgABAQAAAQABAAD/2wCEAAoHCBYWFRgWFhUYGBgZGhgYGBoYGhwYGBoYGBgaGRgYGBgcIS4lHB4rIRgYJjgmKy8xNTU1GiQ7QDszPy40NTEBDAwMEA8QHxISHzQrJCs3NDQ0NDQ0NDQ0NDQ0NDQ0NDQ0NDQ0NDQ0NDQ0NDQ0NDQ0NDQ0NDQ0NDQ0NDQ0NDQ0NP/AABEIALcBEwMBIgACEQEDEQH/xAAcAAACAgMBAQAAAAAAAAAAAAAEBQMGAAIHAQj/xABJEAACAQIDBAcECAMFBAsAAAABAgADEQQSIQUxQXEGIlFhgZGhEzKxwQcUQlJictHwI4LhJDOSssJDVKLxFRYXNERjc4OT0vL/xAAZAQADAQEBAAAAAAAAAAAAAAACAwQBAAX/xAAqEQACAgECBQQCAgMAAAAAAAAAAQIRAyExBBIyQVETInGBM2EUI0KRof/aAAwDAQACEQMRAD8A6DtReoZQ+mqfxqB7jLtj8ahp3BuCQL98pvTNwalC3C/whZfxsTh/Ih/0YTqHlH2FXq+MS9G16nhHmGcZd8Rwz9n2UcSvcA7Vp6Tm20KX8Z503aDgi15QMZRJrPA41/1hcIvcJOj1P+0MJeXp2dCdwMp+w6R+stOiYagHsGkUG+aNfosmlysZ0KoHHhPK/WUi+pgzYM0zmW7DiL/CUv6ROk5poKOHJVyOu40NMfdXsbXU8Bu1Nx67VK2eUtZUjNo9J6OBdkd/avxRLFlPYx3LyveV7GfSW7t1MOiDtLFm9LCUVaDMx7gSb79SND36zVqJG4cQPE7pnOxnpR7nRdnfSJUJAdEIvwBB/wA0tWG6e0VsWV1U8dLeGt5xClVy84wwW1TmJcAoOBHoO/vnKTMcI9j6G2TtzD4n+6qKxG9dzD+U6w5lInztiagRVxNHNTu+5WIKkjQrbdu7eydH+j/py1a1HENmY+4+gJ7n7T3wWkwJQ0tHQg4Ew1xPXp3FxB2XhFtNbiZNo2qdbdCgnVg9BIWd05BwdOyp7VodYw/YuBcIDmk21aWl4z2YnUHKLxwTbstllbimgOth3UXDRLX2k+4b5bq66SqthevF5oPmSi2rGYZJxbkloD08dV4zyrtV13x2MKLbop2nhtQLcYOTBKKu2HDNGTqkB1dpVDuvB6m0aw7ZYMPghlGkixuEAU6Tf47UbtgLOm6pAOysS9U2zc45OzGP22gHRvC5XYy1ZYeDFGUblqZmySjKkUDbmzyraknfD9jbFOS+Yi/ZCOkadYeMebLSyDkJmPFF5Gn2CyZJLGmt2KhscqCc7HmYgxuLZCQSdJfqq6Sg7co3f+b5weKxRVVodw+STuyP6257ZkY0ML1RymTv4i8s7+U/CCMqfVdRa9tOO+V3pgiB8ORe/aey0vmLwy5CLeEqXTOiP4Gn2vlPQy9DPPxaTQ16O2yeEYqq5CB3wTo8gCeEdUMOtt0n4bp/2U8R1C5qC2Ery4QGq9pca1ERClP+K8Vxq/r+0M4R+6v0VrZ2Dtin04Ay4UKESYZbYpvyj4yyIAd8hw6tFmRaMB2ptD6vSeoxBVRoD946KL8yJyXG4pHDO5zMzXPadSfUm8tP0oYsolKkG0dy5F/soLf65y1Kp1PYC3M20+N57M3eh5uONJsOwDoMzNxsNNeu/wAABmHgIJisUM1lG4kDw4k9u+/MwGm7ZQo1Yvpztb5wjEotNVsQWYX5jgfy317+QmBXoRVsoOupsByJ/fhNGo3Ay7v62JglyZbug2xTXqZ3H8KmRcfffeF5C9z4DjMb5VbMjHmdFh6M9FmehaoNHHu9i/ZHOKtv9FKuCtXpk5AwvYm669U9wnW8Gtoc+CSqj03XMjqVYHiGFjExlJsdKMYqhJ0J6SfWKAY+8tlfnbQ+P6y2EK+onMOiOCfCNiabC+SrkvxIUZlbxV1PjLthMcDqp/ffLFDmjqQSaUmuw39mRNfbz3D4xWFjoZDicKTqsU4NAva4kWPcERpgF6g5RFVQ21vLDhB1Rygx6mULoRvVGkRZOvH1XdFAXrxeRe9DodLJskWbQTrDnG+WK8eDnXnDyq0Bi0YVRTQSPFr1YTTTSQ4kaQpdLBj1o02LTtcxyRF+yl0jIiBgVY0MzO5srG3Uu6/vjHuDSyDlE+11vUXw+Me4deqIGH8k3+0Fl6I/Z5VGkpm0Kd3H5pdao0lUxCXcc4PFbx+QuG2l8BlKnoJ7CUTSZKiUKxQ6plP6XG4o/m+UueJHVMp/S1erS/MJuToYOPrQ26PjqeEeUBpEvR8dTwjyiNIjhugfxHUa1xEBW1V/CWGqIicfxW5CBxv4vtBcL1/Qqww/tLcvnLAO+IsOtsQeXzjy17iedhL5nHPpUxN8WEB0SmOO4vmY+gWUl7D/AAk/Cw8vjHfTGqHxddr3HtGUH8KDILc7RE67uR+f6T1071PPqlRq9QKVNr2zacDwse6D16pZizG5O+FVaLMoIF7X9T/y855gMNmcKwNr/vWbaB5WzbZeznrOFUd5bgo7T+k6psCm1NVp00CoumZ+J4mw1JJ4zNk4NKaAIoAOptC8ThXYWRrHlr4HhJZ5HJlePGood02rL1s6MBvAFiI2OMApF2JA3XG/wlSw2w3WqK+bIFQLkAuWsrA5nOpBzX1vqB2CMtlVc96TNa5up7G3fAkeM5Sp6M6UbWqI8TtNCwempNJlS7ZWHWtvJI10trN/xode6WPC7NSlRSiF6irlAOtu7XnEG0diPTJeibrvKH/TPShL2o8rLH3Mlwu0dcraH0PKPMPtC2/USo4eutS4IysN4OhvJqeKdDZtV9RDaTFptF1qWddIdQWwEquDx9xdTHmC2gDodDEyhWo6GS9GH1t0WJ70ZVWuptFdEEHWTT60VR1gwyAYpeuIcHgdY9cTcrVL5RmJO38BSDSQYtdJOji0gxJ0mza5GZBPnRtscdXxjMwLZi9WHGdhVY18G5dZsru0h/FXw+Me0RpEmM/v18I9pjSBg6pP9h5umPwa1txlYy3fxMs9fcZWwOuIHEdUfkLB0SGQWZNs0yV2iWmT4odUym9KKZy0zfTNulqt1rMdLStdMcoCWOuYWnZOh/BmPrXyNdh+54R5SItK/wBHFNrt4R69uERw3QP4jqNq50iH/atrHq98r2KX+I1u6L4z8f2guF6/oHX/ALx4Q/HVclJ3+6jEc7aetoBRW1UdtoH03xhTDMBvNz4Dv5lZBiWtF03ocSxzFnc7ze3jc7/3xg7+8PyD5n5ySo5GvE38gNPUTSsADbsUfIT1okMhnsChnV1HvBMy390NmWxbuFyeMY4vBsq0yUyMoCGxBVitusCOBvzlfw+KakuZDY7j2MNND5CPP+sjVKaU3pqNQQ6njrcEHdv7Yuae6GQaqmWnZmJOVQd9hLDgauspuz626WTBVJL3KI7Fpd+oTa+kqWFdyytZszNYKqkm/ZoNPGWFsciUyzmygakxXszbl2zUkz3YDqkZt4tYXv8Asw92jUm7pF19tZEDixI1vwNhv75IEsNNR2fpPVqBls62JFyN4ueF5EtN0OhzL2cRynow6UePkfvYt2lshKnWXquNxG/xldrVnpnJWW3Y3Ay7kBtV3+sgxOERxldQYxSFOJU0BXrIf0MZYTaAOh0P73QLaGx6lE5qXWTinHwMCpYhX03MN4OhBhaMCqLphtoW0OojJGV9RKNQxTJo1yO2N8DjBvUwJQTGwyOJZfqvfNPqUhwm0QdG0MYCqJPLEu6KY5W9mCnCHtmr4MmGe1Ez2omPHFhKckD0abLpJmc23Tf2gnjOLQkklSBbt2yt4iofbA21vuj6nUNt0UMw9vfhHqsLSfh1u77sfna0VdgatUYiwBix8I172j24maRs8Sk7YqORx0Qk9k/ZPY60mQfS/bN9X9IVOLki2tpWulq2WmCv2hrG1PahzXym1oBtstXCjKQAbw55YuLSYqGKSkm0Mdhe4OUbhbRNsNGC66c45IvFYJcsaZRmjzStGwW8SVR/GIPdHYg1fDA68Zmf3xpGYVyytiVltXHKU/6TcVamw70QeTM3+nzlxqH+OB2Cc8+k+pog/E7c8thrIcKbn9lmTp+jnlRjp2m58r/08pE4949tvgb/ACmhfce63p/WSONCe/5T1CJkrU+p4X9Yw6O4YVUZD4HiDIcJSupH4QPRv1hfQ1rVmXx9bQJv2sKC9yDqKPSOVgbcDLHs7Fg2jh8GrLqAYDS2OCerJnqUrQbJUDJlO46Q7YGx0VwQSBcGw0BsbxDt8LgaVOpUZmzvlCIASOqWuSSNNPUR10G2kmJR3QupRsuRwt9QCH0J0PWH8pjMeOTkrQE8yjF0y1ZwdHFj6TZcyfiX18J7fgw8ZqxZe9ezj4T0DyzGUNqpsf3vmiVDucW7+EkVAwupsf3vmjHg4se3gZxxjoR3iJ9p7CSp116rjcRv8Y0JZO8dn6TZbMLqdZpjVlOdmpnJVXk3AzFBBzIfLdLVXpq4KOo17dxiHE7EekS1LrL9w/IwlIW4m2H2jwYWPpHGGx1hvuJWvaq/VIysN4OhnlCo6Na+ZfhymtJnJtF3o11caGaV1ZdRrF+GqArdd8Jw+OI0ceMnnhTKcedx3BTtHW1jPG2kBxMOxC03F9L+RlbrYgZyqAtbfbW3OT+jJPXYq9eDjpuS4rHgMLdsaYXHNYXvK7iRnK2HHsj7CUyFFxJJNRlUWVRXNG5INOPPbNvr/fByndPCvdC9SXkH04+CT6+3bPZDcdkyD6kvJvJHwNlwyjhNxRXsk4oz0UZcsZFzg2QDdPRChSE9FMTfTO5wWY14ZlEwqJ3IjOdlTxK2r6/dnPvpApZ3Qb/eB8f/AMTpW2rCovI+QlL2ps2riapyJ1VFi7aLre9vvEWtp96RqPLmpFSlzYrZx2tRINrbtPKTKOqB3m/w9NJ0DpDsWnTo7mV1Ghca1GvcupGl+7h375zygPeBOoPwP/KWCBlso3sO029BCthUimIB7yPOQbIXXxJ8LiWDZ+H/ALTa32m/p52MXLuHAvNFbpfuhOyMPd5rTQgZbRrs2nlF4qK1GSehr0j6O0sYiLVUlULFSrFWUkAXFtDuG+8TdHuiD4Ssz0a+em65WVwA4K6qbro3Ebl38ZcEr2cJ+Ek+aj5mbVadjpuMqj5JZbUyJMR9lxZu/ceUm1HeJ4j304/vfJRbkdxHDyjFJMS4NESqPeXQ/vfPQ4bRhY+kkenxGh+MjOujQgKoiqU2Td1l7OI5SJ0DdZDY/vQiGKxG/UTR6AbrKbHu+Ym2dQKKl+q4sfQzyozJwzL2cfCS1bHRxbv4TQ3X8S+s0wAxWBp1xcaMOI0YGIXovRJDjMvBh85aWoq3WQ2Pd8xPKgBGVx48DNTAaEeHxQAupvGRxWZRYaxXjtjMhz0t28rwPKMNluHTQWYbwd4MLTczVA1fZFWow6+VTvtvtLTgdlpSTKigdvaT2kyDDI2l+ENr4jKsRklWrKMUL2FOEwymq2m4mPBQHZEWGxGVyx4xsMapG+RcPOFP5ZdnjO0/0a161FDlZ0U9hIB8p4rUm3Mp8ROF7Vxj+2fMxY53F21JsxGp8JmytpOK1PLa+dbadpAjOdeBfpyXc7t7Gn2iZFftz2zJnPDwZU/I8OJXtmv1te2c+o9PMK29ivMRjhulWGYaVlHM2lClB9xDhNdi4HEiaNiu6IaW2KTbqiHxEJTFA7mHnCXK+4LcluhkcUZn1kxU+Lt38tZ6mMBAJ4mwE10lZkW5OjbFKrEu2pGgB5+sBr4q2g7LW4Rbt7H5LAHrE303gTMBig1gRqRcH5GIclZUoNIF2rS9sjI4up4Hd5Tk+2tkth8QF+w+YqeY1B8hO4PRDb5R/pCwP9nZgOsjBgewDf6EzFub2KNsxiGPL/Nb5j1lqwzqMSpJsDkN+5hlJ8/hKpRPWuNxUHzykfAiPMTX6yN2ouvlf1EGQcTqtGhkIzC/je47jHLhSBbmIm6L45cRh0vvAAYcVYb7c7RpVpleOnAzoxpWtgZSt09zXB3zMWsWtv4gE7vT0jNGusTbIYlC5+22YdyDRPMa/wA0c0hpGw2FZHqLWaz3hGLPUv8AvTcZFiF1kpGZDyPprMa3NT2JcPVzqqneVuD3jcZCmJBORxZh+9IPsticncgvzN4XUpI5PaCR33EPE7WovNHlehtqO8TAl+spkIZkNm1Xt/WTqvFTGCTzMG0YW+EhqUmTdqvZx8ISCG0IsZlyu/Ues44CajfrIbH96ET1XD9R1sfQ8oUUB1U6yF8p6raGbZjQFURqZ+8nmR/ST4OmmbMttd80qYgpo+qnj2c5BW6nXTUbyBuhADYVADY6SVt0XpVSqt+M8w+KOYoeEFxsYp0a4nDg+6bGTYaj1dYs2riWRgV3cYZiccKeHeodyoW8baDzk0sEIu0iqOeclys4tteoDWqf+o/+YzbYQzYmkP8AzF+MEqXJJO8m55nUxj0bQfWaN92cfAxBQ9jrMye5JkUEfPeEp1qjBERmbsEKfCYhBdqFQDtyEjzEu/RPZVRKWcIM+up3+EtuExICBKi68byvHj591oT5M3Js7ZxZMZbfceYhVLa7L7rsOTGdkfZOGqa5EvysYtxPRKif9ijDlYzXwq8gLi/KOdUOktdd1VvE3+M6HsbFO2GpVarEtfPf8BYhTYfhKnxg6dEsCdHolT3Ej1Eb4umoXJaygBQOxQLAeg8oDxOGtjIZY5NkIMdiAz8ezWE4B8jKd4v/AMxFzoVfKd49RwhtVcpBG4xd9x1dizZ947BcHtU7v08Im2qgrUnpt9pSPMWjLZ9QFACdRfL39qxZiGy1mHDf53jExbickpoQtjvVSDzp1CD6WjHFPemh+6zKe7S49WnmNpAYiog41HH+LX5+kjwC50dOIs3fpe/xHlNZyLj0H2maVWxPUqG/aAT/AFvOo4nVbfe6vnxv3DWcO2Q+W3cQbjgTvPmL+c7FsvFZ0W+9Oqefb5W9ZsNqBybphyKAABoAAByELw5gawnDPrGIUyPEprMDZSo7d/KT4gawXEnrjsC39T+k5mLUiwCWH5iAPyqBc+fxhGJw3WLIbNv89dZ5gjc34AWHzP77JmLqqjqWdVzAixNr2PDzE6DUUblTkzVMUdzrbv4TY0ze6HT0keKcOhCspPCxEzAO4WzCx841ST2EOLWjJVqB9NxE1FcqcrG94NUpur5xuMITDCqQdRadzRurO5ZVdG+IAVcyzAQ6X4wlsKbWvcSBcPbQboMppBRxykB5wylWHdrBMISt0YacI4bCqZstFeyD63hBeh5YlwBszLbjGBw9utxhJpAG9p5UUtoIuWaUk6Wo2GGKeotrlW03zNsbJGIw7UsxS9rEdqkEXHEaRhS2aAbk3MR/SBiHpYNijFSWRSRvsx1APCJrJTlId/XoonItpI9Go9NsrlGtmQ3U8pNsGqz4imFS5DBrdwNzfwi4vvh3RvHFMTTYD7WUjtDaGBegxnW/rFU7kFuEyajF93rMieaPlnVLwVLZ30iYYIA1F0A7AD8I0Tpls+qLM+X8wI+M4guJhFHELul3NOJO8UJHcMNiMG56mJUdwYfOO8Pa3Vqq3O0+eg8np12UXVmX8rEfCZ60luD/AB49j6DrJZSWCnst2xBtFrRJ9Hy1GovVd3cM2VAzFgFTQkX7WJH8sb7SbWbKTkrYeOCi6QFUohwCPfXd3jis8qi6cprhX1tGRpB1uNG4j739Ymh9g3tstJH+6SDyNoPtNj7UNwZBbmCb/ETYpmpvTOlwRrwO6/wivE4tvqyPbrJYOONgcj+W/wAJqZzRR9rVcuJc/jU8veHzEnwLinibblY+jA6eHyi/pA96zkbiFPnczd2LKj8eqD23GgJ56RtaCe42odSsyHdc25Nf4EW8Z03otUJXmqMeZGv6eAnNHPXp1ePVzc1YXPznSeiy2A5EHmruPjpMjudLYtVtBzHxnqNYzBunpBjRAXUFwDEu0Kt3KDuB7lH6m/rHFFtLStUXzOWO9iSfHcPgJk3pQeKNtseYXQWla+kWsEo03PCpk/xozf6JZMNEH0h0VfBnOuYCpTNt2uq7/wCaBNJwYUXU0c/TbH3XHqJOnSGqv238G0mdGejtCo7O6nIBbJmI1PfLov0f4R0BAdCRfR2+BJkig2/aVSaXUV7CdKah3VWPcyiMafTGqnFPHSet9GqEnJiXXmFb4Wgtb6N8RqExCOPxqV+BMNY8u6AeTFsxnS+kI7mRT+UwpOm9P7SOOWsp+J6AY9NVVHt9yp8mAijGbOxaiz4eqLcVUt/lvOk8kdzoxxy2Oo0+mWFbe5U94MNodIMM26snibTiCVnpt1lI/MpU+omwx2twb90z1JWd6arc7uuMRtVdTyIhVMi2hE4Mm0V3G45GT0ttOnuVHHJjCjmp6oyWJtaM7m7twlR+ksn6n/7ifOUin0urjdWb+YAyHb3SitiKQpu4ZQwbQWJI3XjXmUlVCo4XGSdlaJ3wjYq/2in+dfjBs19JPsY2xNP84imlTHnXKZ0EyA/9IURoaqgjeLjSZIKY3Q4YqC2ongog90dJsanYZsVTA7lY/pJKezcLm6+LNuOWi3oc3ynq34ZK68CYYf8AEYZsrZj16qUVaxdgtzrYb2a3GwBPhG2L2fgrD2WMseypTf4op+EcdBcAi4pH+s0XIV8qIXzElSCbOi2sCZ2t6nWqOhYXDJRppTQWRFCjtsOJ7zqT3mCY06RlVtaKce06R0RemhvG+FNwLbxFiLJsJiMjW4QENDsZTuCwHWtr3/1lOx+PIDU0A1zFiRe2Y3PxMu+IYFMw7JzrpA+SsQNM6hz6j/Tea0YpFQ2o38Rx2ZR5D+snwlXqOu8AKwHIkH/TFgqZmY9pProITRNnXs1B5XMbWhPdsf4d81PfcWBB43B+YBnVuhbZ6IfvIPO9zbznGcPUKqyHhe1uwt/SdZ6BVT9WAG8Fr872+UCOjDlrEuVQ6SYtALkkDvEMJjkTsltobdhlV2Y+ax4WvLHi8RkpO/3VYjnbT1tKvgeqoUcbCKyPVFGFe1lnwm68G6RbP9vh2T8SHycQzDiwAmu1ULUKqqSGKPlI3hgpK28QITVxaF3UrEWD2W2HACUQ/EkWvfxjGntEiwdHTmpt5iUDDdJ8UlrVM35gDG9DpvVtdkR+211/WLhxEUqo2fDzbuy7JVvqrQmjiO0Sn4bpqhNnosp/CQf0jal0jw7b7rzU/ERqzQYp4ZosZqAjfF4BvqIGuPoP7ldQeY+BhtF9NHVpklGWzCg5R3RqaSsbFQeYBkeI6P4V/fw9JuaLfztDKSgG5k4Yds6MaWpspWym7T6CYAKzmmyBQWOR3FgBc2W9vScjx+BX2jewZlp30FSxYDvIn0ViaSujI2oYFTyIsZzPb3QRqVJ6qVM+TrBMtiUG+5vqQNd2torJF7xQzHNbSZzN6FUC/VbuB1Im9EOM2dbaC3GFtUBv8uEgquN3nFJu9h7QMwtrPRXKHMN66jnMeRVj1TyMcAHU3JAJW5O89syA0VOUdYzIjkQfMxW9Zm+0T5mF0NjYl1zJh6zKftBGynk1rGNekmz1pKjIoAzMpsLXJAIP/CZv0W6WVcKSts9NvepsdOa9hlT07CE3JWhYOjmL/wB1rnlTY/COOiGz8RSxlF3w9ZFzMCzU3VbMrDUkW3kSyVPpGQW9nh2HaGYW8NTLHszpbSxNLQ5HJCmmTe+Y207YTlABer3SC69Uk6QOsNIYokWKXqxTQ6LAabTKycZETrI6lbhBDGOArk3Q8ZQOmhy1GbMAcgCjt1N7ecveyku15R/pFpddD2ll8ip+cJK6Bbpso2HazA9mvlD81nOmgb/huRf4RaF1tDHfrX362NvKOZOhphgMzA8CD4ltTy0nVPovY/VjexId1PfYJrbvvOSYeqpZuxgBY9+YG373mdK+j0uab5T9pr+KpY/8JgbNDN4nTBTDbt8melc/vnENGs6kd5tw9L7o8Svrr8oxOxLVCnpE+WgR95kB5Zr/ACi3ZNDMwbgI825TD0XHI+TA/KDYKkFQARclch+N1A1xG3qFJ1R6ihi2UjMOr1c2Zr+6LW53EYnaNIKhLplf3OsOuLXOX72nZE52RnxS1WVDTWmykEAszsbXItqMvGLcF0XrL7S7qciVKeEBb3RULdZrro1iBx3nsE65XsUrFw7inzU6V/t/r/hzb6wFZr3yqMwP4e/v0hFHatEkWYeJhOPwRpVmpNY5LK3YTlF7d1zBquFpMTmQeEjdJ0yniY4lXou01YxTGIR1SvnDaGLUjS2kqNTZtLNYErfdYzZNmOB1KzjuO6auUk1Lk4Dbp4gZeJHepI+EqX9rTc4aY21cSvvJe3YZvKjNS6DaVdPdqv4nN/mvJ06T4lftI4/EuvoZSE6SsNHRh4TP+nELXDWHYZtSWzMqL3R0FOm7r79JT+ViPQiGL05okddHAOh0DD0MoGHrowuXF567r3HxmrJNGPFBi7bVBPauaAvSY3UHQi+pHKK6oIvcWj4ka6RZtXQKIMW3IJpJC280xHuNy+ckYSHEHqNqN3zlCFshQm2+eyNVX7w8xMg0dqXTpJh8+Hqdq2YH8p19CZRVpN3TJkbMTi2PdRvjDYuIy16TdlSmTyzi8yZFj0dnpvBsW+hnkyczEKHqTKSlpkyAGWLA0cqXlI+kGmCFI3qxPOwuR5LMmRnYWtzm+JQBmtu3jkdZ7TqdYHvBPnPJkathL3CabXtxsVufzXNvO87N9GVL+C5PHL52OsyZB/yQX+LLv7JTbTiJM1ITJkYKEHSuuRRKKSGYhQRpYbyQeQMW7M2jUphQze0U/e3/AOLfMmSeb9xbiS9MteFrBhmELUXnkyOjsSTOP9Nrrjq/5kP+Kmh+cV0sPUdlRUuzaLqov4k6TJkhfW/krTfIvgfj6OsToxenffludP5rRZtDB1KD5KoF+4gi3hMmRuSCS0F45tvU8wNF6mcoMwRSz3IFhv0vvk+B2fVr/wB0mb+ZV/zETJkyMFobKb1HVHoPim9/2SdoZix8lUj1hK/Roh/vKq8lp/Mt8pkyUxxQ8E0s0/JL/wBmOCUZmesQN9mVR5BbwrDdC9njclV+dWoPgyzJkascRLyy8jOl0Wwq7sKP5mzed3MmPR3D/wC6Yc/mVT8UM8mTeVGObJRsLDj/AMLhhypr/wDSTU9mpwp0hypr/SZMmmE31Rfup/8AGP1mTJk6wqP/2Q==')
SET IDENTITY_INSERT [dbo].[AnsImg] OFF
GO
SET IDENTITY_INSERT [dbo].[Class] ON 

INSERT [dbo].[Class] ([class_id], [class_name]) VALUES (1, N'Lớp 1')
INSERT [dbo].[Class] ([class_id], [class_name]) VALUES (2, N'Lớp 2')
INSERT [dbo].[Class] ([class_id], [class_name]) VALUES (3, N'Lớp 3')
INSERT [dbo].[Class] ([class_id], [class_name]) VALUES (4, N'Lớp 4')
INSERT [dbo].[Class] ([class_id], [class_name]) VALUES (5, N'Lớp 5')
SET IDENTITY_INSERT [dbo].[Class] OFF
GO
SET IDENTITY_INSERT [dbo].[Content] ON 

INSERT [dbo].[Content] ([content_id], [reading_content]) VALUES (1, N'Làm việc thật là vui

Quanh ta, mọi người đều làm việc.

Cái đồng hồ tích tắc báo phút, báo giờ.

Con gà trống gáy vang ò … ó … o, báo cho mọi người biết trời sắp sáng, mau mau thức dậy.

Con tu hú kêu tu hú, tu hú. Thế là sắp đến mùa vải chín.

Chim bắt sâu, bảo vệ mùa màng.

Cành đào nở hoa cho sắc xuân thêm rực rỡ, ngày xuân thêm tưng bừng.

Như mọi vật, mọi người, bé cũng làm việc. Bé làm bài, bé đi học, bé quét nhà, nhặt rau, chơi với em đỡ mẹ. Bé luôn luôn bận rộn, mà lúc nào cũng vui.')
INSERT [dbo].[Content] ([content_id], [reading_content]) VALUES (2, N'Ngày hôm qua đâu rồi ?

Em cầm tờ lịch cũ :

- Ngày hôm qua đâu rồi   ?

Ra ngoài sân hỏi bố

Xoa đầu em, bố cười .


- Ngày hôm qua ở lại

Trên cành hoa trong vườn

Nụ hồng lớn lên mãi

Đợi đến ngày tỏa hương.

- Ngày hôm qua ở lại

Trong hạt lúa mẹ trồng

Cánh đồng chờ gặt hái

Chín vàng màu ước mong.


- Ngày hôm qua ở lại

Trong vở hồng của con

Con học hành chăm chỉ

Là ngày qua vẫn còn.

BẾ KIẾN QUỐC')
INSERT [dbo].[Content] ([content_id], [reading_content]) VALUES (3, N'Bài thơ Chơi bán hàng
Bé Hương và bé Thảo
Rủ nhau chơi bán hàng
Hương có củ khoai lang
Nào Thảo mua đi nhé

Thảo cười như nắc nẻ
Nhặt một chiếc lá rơi
Tớ trả đủ tiền rồi
Được mang về nhà chứ?

Rồi Thảo bẻ hai nửa
Mời người bán ăn chung
Vị bùi khoai đất bãi
Thơm ngọt ngào chiều đông.

Tác giả: Nguyễn Văn Thắng.')
INSERT [dbo].[Content] ([content_id], [reading_content]) VALUES (4, N'BÀI THƠ CÁI TRỐNG TRƯỜNG EM
Cái trống trường em
Mùa hè cũng nghỉ
Suốt ba tháng liền
Trống nằm ngẫm nghĩ

Buồn không hả trống
Trong những ngày hè
Bọn mình đi vắng
Chỉ còn tiếng ve?

Cái trống lặng im
Nghiêng đầu trên giá
Chắc thấy chúng em
Nó mừng vui quá!

Kìa trống đang gọi
Tùng! Tùng! Tùng! Tùng...
Vào năm học mới
Rộn vang tưng bừng.

Nguồn: Sách giáo khoa Tiếng Việt lớp 2, tập 1, NXB Giáo dục, 2002')
INSERT [dbo].[Content] ([content_id], [reading_content]) VALUES (5, N'Bài thơ Sân trường em
Trong lớp, chiếc bảng đen
Đang mơ về phấn trắng
Chỉ có tiếng lá cây
Thì thầm cùng bóng nắng.

Nhưng chỉ sớm mai thôi
Ngày tựu trường sẽ đến
Sân trường lại ngập tràn
Những niềm vui xao xuyến.

Gặp thầy cô quý mến
Gặp bạn bè thân yêu
Có bao nhiêu, bao nhiêu
Là những điều muốn nói.

Tiếng trống trường mời gọi
Thầy cô đang mong chờ
Chúng em vào lớp mới
Sân trường thành trang thơ…

Tác giả: Bùi Hoàng Tám.')
INSERT [dbo].[Content] ([content_id], [reading_content]) VALUES (6, N'Bài thơ Cô giáo lớp em
Sáng nào em đến lớp
Cũng thấy cô đến rồi
Đáp lời “Chào cô ạ!”
Cô mỉm cười thật tươi

Cô dạy em tập viết
Gió đưa thoảng hương nhài
Nắng ghé vào cửa lớp
Xem chúng em học bài

Những lời cô giáo giảng
Ấm trang vở thơm tho
Yêu thương em ngắm mãi
Những điểm mười cô cho.

Tác giả: Nguyễn Xuân Sanh')
INSERT [dbo].[Content] ([content_id], [reading_content]) VALUES (8, N'sdfghfgdfsdfghgfdsfdgfđfgfđgjfffgh')
SET IDENTITY_INSERT [dbo].[Content] OFF
GO
SET IDENTITY_INSERT [dbo].[Course] ON 

INSERT [dbo].[Course] ([course_id], [course_name], [class_id]) VALUES (1, N'Toán', 1)
INSERT [dbo].[Course] ([course_id], [course_name], [class_id]) VALUES (2, N'Tiếng Việt', 1)
INSERT [dbo].[Course] ([course_id], [course_name], [class_id]) VALUES (3, N'Tiếng Anh', 1)
INSERT [dbo].[Course] ([course_id], [course_name], [class_id]) VALUES (4, N'Toán', 2)
INSERT [dbo].[Course] ([course_id], [course_name], [class_id]) VALUES (5, N'Tiếng Việt', 2)
INSERT [dbo].[Course] ([course_id], [course_name], [class_id]) VALUES (6, N'Tiếng Anh', 2)
INSERT [dbo].[Course] ([course_id], [course_name], [class_id]) VALUES (7, N'Toán', 3)
INSERT [dbo].[Course] ([course_id], [course_name], [class_id]) VALUES (8, N'Tiếng Việt', 3)
INSERT [dbo].[Course] ([course_id], [course_name], [class_id]) VALUES (9, N'Tiếng Anh', 3)
INSERT [dbo].[Course] ([course_id], [course_name], [class_id]) VALUES (10, N'Toán', 4)
INSERT [dbo].[Course] ([course_id], [course_name], [class_id]) VALUES (11, N'Tiếng Việt', 4)
INSERT [dbo].[Course] ([course_id], [course_name], [class_id]) VALUES (12, N'Tiếng Anh', 4)
INSERT [dbo].[Course] ([course_id], [course_name], [class_id]) VALUES (13, N'Toán', 5)
INSERT [dbo].[Course] ([course_id], [course_name], [class_id]) VALUES (14, N'Tiếng Việt', 5)
INSERT [dbo].[Course] ([course_id], [course_name], [class_id]) VALUES (15, N'Tiếng Anh', 5)
SET IDENTITY_INSERT [dbo].[Course] OFF
GO
SET IDENTITY_INSERT [dbo].[Feature] ON 

INSERT [dbo].[Feature] ([fe_id], [fe_name], [url]) VALUES (1, N'home ', N'/home/homePage')
INSERT [dbo].[Feature] ([fe_id], [fe_name], [url]) VALUES (2, N'login', N'/login/loginUser')
INSERT [dbo].[Feature] ([fe_id], [fe_name], [url]) VALUES (3, N'video', N'/course/videoLesson')
INSERT [dbo].[Feature] ([fe_id], [fe_name], [url]) VALUES (4, N'match game', N'/game/matchgame')
INSERT [dbo].[Feature] ([fe_id], [fe_name], [url]) VALUES (6, N'lession', N'/course/lession')
INSERT [dbo].[Feature] ([fe_id], [fe_name], [url]) VALUES (7, N'module', N'/course/module')
INSERT [dbo].[Feature] ([fe_id], [fe_name], [url]) VALUES (8, N'modules', N'/course/modules')
INSERT [dbo].[Feature] ([fe_id], [fe_name], [url]) VALUES (9, N'classes', N'/course/classes')
INSERT [dbo].[Feature] ([fe_id], [fe_name], [url]) VALUES (10, N'class_course', N'/course/class_course')
INSERT [dbo].[Feature] ([fe_id], [fe_name], [url]) VALUES (11, N'action', N'/admin/action')
INSERT [dbo].[Feature] ([fe_id], [fe_name], [url]) VALUES (12, N'addQuiz', N'/admin/addQuiz')
INSERT [dbo].[Feature] ([fe_id], [fe_name], [url]) VALUES (14, N'ChoiceClassToAddQuiz', N'/admin/choiceClassToAddQuiz')
INSERT [dbo].[Feature] ([fe_id], [fe_name], [url]) VALUES (15, N'ChoiceCourseToAddQuiz', N'/admin/choiceCourseToAddQuiz')
INSERT [dbo].[Feature] ([fe_id], [fe_name], [url]) VALUES (16, N'actionQuizController', N'/admin/actionQuiz')
INSERT [dbo].[Feature] ([fe_id], [fe_name], [url]) VALUES (17, N'addVideo', N'/admin/addVideo')
INSERT [dbo].[Feature] ([fe_id], [fe_name], [url]) VALUES (18, N'ChoiceClassToAddVideo', N'/admin/choiceClassToAddVideo')
INSERT [dbo].[Feature] ([fe_id], [fe_name], [url]) VALUES (19, N'ChoiceCourseToAddVideo', N'/admin/choiceCourseToAddVideo')
INSERT [dbo].[Feature] ([fe_id], [fe_name], [url]) VALUES (20, N'actionVideoController', N'/admin/actionVideo')
INSERT [dbo].[Feature] ([fe_id], [fe_name], [url]) VALUES (21, N'ChoiceClassToAddGame', N'/admin/ChoiceClassToAddGameImage')
INSERT [dbo].[Feature] ([fe_id], [fe_name], [url]) VALUES (22, N'choiceCourseToAddGame', N'/admin/ChoiceCourseToAddGameImage')
INSERT [dbo].[Feature] ([fe_id], [fe_name], [url]) VALUES (23, N'AddImageOfMatchGame', N'/admin/AddImageOfMatchGame')
INSERT [dbo].[Feature] ([fe_id], [fe_name], [url]) VALUES (24, N'actionMatchGameController', N'/admin/actionMatchGame')
INSERT [dbo].[Feature] ([fe_id], [fe_name], [url]) VALUES (25, N'choiceClassToAddContent', N'/admin/ChoiceClassToAddContent')
INSERT [dbo].[Feature] ([fe_id], [fe_name], [url]) VALUES (26, N'addContent', N'/admin/addContent')
INSERT [dbo].[Feature] ([fe_id], [fe_name], [url]) VALUES (27, N'choiceCourseToAddContent', N'/admin/ChoiceCourseToAddContent')
INSERT [dbo].[Feature] ([fe_id], [fe_name], [url]) VALUES (28, N'actionContent', N'/admin/actionContent')
INSERT [dbo].[Feature] ([fe_id], [fe_name], [url]) VALUES (29, N'choiceClassToAddModule', N'/admin/ChoiceClassToAddModule')
INSERT [dbo].[Feature] ([fe_id], [fe_name], [url]) VALUES (30, N'addModule', N'/admin/addModule')
INSERT [dbo].[Feature] ([fe_id], [fe_name], [url]) VALUES (31, N'userManagement', N'/admin/userManagement')
INSERT [dbo].[Feature] ([fe_id], [fe_name], [url]) VALUES (32, N'choiceCourseToAddModule', N'/admin/ChoiceCourseToAddModule')
INSERT [dbo].[Feature] ([fe_id], [fe_name], [url]) VALUES (33, N'actionModule', N'/admin/actionModule')
INSERT [dbo].[Feature] ([fe_id], [fe_name], [url]) VALUES (34, N'choiceClassToAddLession', N'/admin/ChoiceClassToAddLession')
INSERT [dbo].[Feature] ([fe_id], [fe_name], [url]) VALUES (35, N'choiceCourseToAddLession', N'/admin/ChoiceCourseToAddLession')
INSERT [dbo].[Feature] ([fe_id], [fe_name], [url]) VALUES (36, N'actionLession', N'/admin/actionLession')
INSERT [dbo].[Feature] ([fe_id], [fe_name], [url]) VALUES (37, N'manageTotalUser', N'/admin/manageTotalUser')
INSERT [dbo].[Feature] ([fe_id], [fe_name], [url]) VALUES (38, N'manageNormalUser', N'/admin/manageNomalUser')
INSERT [dbo].[Feature] ([fe_id], [fe_name], [url]) VALUES (39, N'managePremiumUser', N'/admin/managePremiumUser')
SET IDENTITY_INSERT [dbo].[Feature] OFF
GO
SET IDENTITY_INSERT [dbo].[Img] ON 

INSERT [dbo].[Img] ([img_id], [img_name], [img_url]) VALUES (1, N'icecream', N'https://shapedfonts.com/wp-content/uploads/2019/06/newthumbs-10.png')
INSERT [dbo].[Img] ([img_id], [img_name], [img_url]) VALUES (2, N'spaghetti', N'data:image/jpeg;base64,/9j/4AAQSkZJRgABAQAAAQABAAD/2wCEAAoHCBUUFBgVFRUYGBgZGx0aGxgZGBsbGBkYIhkbGhoZGRgcIi0kHB0qIhwYJTcmKi4xNDQ0GiM6PzozPi0zNDEBCwsLEA8QHxISHz4hISo+MzQ8PjM+MT4+Pjw/Pj40PjU1NTY7PjE8Pjo+MTE0PjM/MT0zMT8zPjM1NTExMT47NP/AABEIAMYA/wMBIgACEQEDEQH/xAAcAAEAAQUBAQAAAAAAAAAAAAAABwECBAUGAwj/xABFEAACAQIEAwQIBAIIAwkAAAABAgADEQQFEiEGMVEHE0FhFCJScYGRktIyQmKhI4IVJDNysbLh8FOiwRc0Q3ODhJOUs//EABgBAQEBAQEAAAAAAAAAAAAAAAADAgUB/8QAGhEBAQEBAQEBAAAAAAAAAAAAAAECEQMhMf/aAAwDAQACEQMRAD8AmaIiAiIgIiICIiAiIgIiICIiAiIgIiICIiAiIgIiICIiAiIgIiICIiAiIgIiUMATAMtVZfAREQEREBEtJgGBdERAREQEREBKEy15UCBdERAREQERLbwLolAZWAiIgIiICIiBQmWgXlbS6AiIgIiICIiBZFpfEBERAREQPDEYhKa6ndUA/MzBR8ztLqdVWAZWDA7ggggjqCOcgLifMGzLO0ouSaNOuKKofw2Rv4m3K7FW36WHhJBy1VwGbrhKRtQxGHNQ0h+GnVV2GtF5KGAsQALnfwgd+BLoiAiJwWG7R6b5mcvFE2DtT74OCNag3BTTsLqRfV8IHexNRxNm4weFq4krq7tdWnVp1G4ULextckDlOP7OOPq2ZVqtOpSpoqKGVk1XuTbSdRN9rm+34eW+wSMZbPPE4lKal6jqijmzMFUe8nacbmnadgaTaKRqYqp7OHXWPqNgR/dvA7dZdNFwtn/plNnNCrQZW0lKq6WIsCGXqu9veDN7AREQERLWgXREQEREBETAzTM6WFpNWr1BTprzZv2AA3JPgBcmBnxIypdp74moaeAwT1QOdSpUFNV3sCQAdjztcHynvmnGePwdPvsVh8KEvYKtaorseiaqZDGBI0SJ8T22YcD+HhKzddTIgB941T1wXbVhGsKtCunmuhwP3U/tAlOJx2C7Ssrq7DFBD0qK6f8AMy6f3nQYPOsNV3p4ii/9yojf4GBh8X5tUwmEqV6aB3XQqKxspZ6i01LctgWBtcXta45znKfEWNwdSgMaaNSjiKi0tdNCjUqrC6hl1EFD1NjbedDxJnOBp0XTF1qQpspVkZgWZSNwEW7E+4SH8PilzPHUsNhUZMNTq9+7OWZ6rgKveVGYs1zYKLsTZifIBP8AEtUWAEugfNdNzS4gN/DHMPg1YgH5MJKWU/1nPcVW5rhqaYdT5/jf4hzaRRx3X7nO61S19FdKlutgj/vJd7KMA64RsRU3qYl2rMfNjf8AcaT7yYG84r4i9AprWei9Sle1RqZGunf8J0mwKncXuLG3XbNyXO8PjKYq4eorqeh9ZT0ZeanyMza1JXUq6gqwIIIuCDzBEivOuznC+kEYPFjDYgjUKS1BrAO/qpqDAe4gDpAlqfNXBWLpnORXqOqIKlWoXdgqgHXuWO35p0OZ8L55SR/69VZEBYnv6wOkAkknfw85wXCmQNj8QKCuFJUtci+wtsBcb79YEm9qHH+ExGFfB4Z2qu7Jd1UimArq9rtYsSVFrAjzkc8MZtjKBengtXeVLaiiBmsLgAEg6R6xudvfNxx3wSuWUaLGozVKjMN9IGlVGohRe27L+Y85J3ZDlKLl1N2QanZmO3P1jpJ6+rp5wIprYVBiVXNcTVd9i6qxqFAbMO8qEkjYi6oG23uJPeS8LYbDIFpooH6RYHzJ5sfNiZE1bNMNj88CvhUI7xqQqB2OoJqCVGT8LbKNugHSSTxxxI2CpJSoLrxNb1KKHe1hY1G8l2958gYHUU1RTpUKDa5AsDbwNh4T3kDZ7ldTL09JqHEPjKoV6eLQsR32tVaky8gpQiwYHWLiwsJN2W12ekjuulmVSw8A1vWA8gbwMuIiAiIgIiICIiAnzd2icQ1MxzA0Ub+ElTuaS39W+oIznqWa+/Sw63+j2vY25+E+P7NTe5utRG5fmDKeZ8wR+0D6h4T4dpYOglNFFwAb23Jtux/UfE/DkJx3FGHpvnSem1ETDph9dHvGC0y2r193OkuOdvJD4SzhbtgoVAtPGIaL2ANRbtSY2AuQBqS5vtYgdZ3+JwmFx9IahTr0zurDS6+8HcQI84Yeljc5xFWil8MtIUS29qrghtf/ACke7T1nS5x2bYDEXPdBGP5k9U36+ra/xvOjyvKaWGXTSQKOQAAAA6AKABNjAhLMexdwT3Fe46OoJt/eBH+WaOp2S48XF6TdN6l/8lv3n0TKAwPn/LOyHFO38WoqL+hWYnru4UD95LHCPB9DL1tTHrHmxN2Y9Wawv7gABc9ZsOIOI8NgafeYioFB/CvN2PREG5/wHiROS4Q7TBj8YcMMP3alWZGL6mNiLalC2FwfAm3nA7/E10pozuyoqi7MxAVQOZJOwE5rL+P8vr4hcNSranYkKQrBCQCbBiLcgbeBkR9o/GNXMcScLRuKCVO7VQf7apq0h2PQn8I6b8+WpxOCTA5lhqSMddJqBqPc71CwckdF0sot0G+94Hv2qIFzjEah6pakT5juqd/+slTi7jqnldOnRpU+9qlA+gGyU0NgGcjfcmwH7ja8P9oebLi8wr1l/Bq0J+pUATXfoSpI94nWcOYJsZgc0x1UXd6ThfJaaAqF8beqB/IIHbZP2jJXy3EYw0wlTDghqeq6lyB3Zvz0sxA67HnI3yLC+lYTMcwrsWrrZkqE2dKgKsCjDddyoFvBQBaaPh929AzFBexSgxA6LiF3+Gq8yOEVxGKpnLqQ00qlVatdxz0KFCr9QuB4m3gDAlniziNv6BWs21XE0qdMDq9RQHsP7veH4SN+xkWzNR4929/22nY5vRGKzTCZen9lgkDuBfT3h0sq9Dp9T4Fx1nGcHYhMBnFU1TpSj6QGvzsurYDxJ0gAeNxA2nbtmi1MXSoLuaCEt5NU0tp9+lUP80kPh7GejZElYc0whqDzYISP3tIQ4jwletTGZVQf6zWqX6KLA0wPgHA8kE7LMs/erleDyzCetWqUVarb8tNQSEJ8GbTf3AD8wgaHshoB8zRm/wDDR6hJ8LWBJPuYyQODaf8ASWYV8ycE01PdYcHwpLcXAPItc/VUEibIMwekK9Kkp77EIMOluYDtapfoSAF8r+U+jeD8oXCYSlSXwUXNuZ5k/Ekt/MYG4rUFcaWAI/3y6S9FAAAFgNgPKXxAREQEREBERASl4MtgXyJO0bsxNd3xWDsKjXapSOwdvF1Pgx3JHiTfbeSysugfHmNwdSi5SojIw5qwIP8AqPObHhziXE4Gprw9Qrf8SHdHHR05H38x4ET6W4g4Yw2NXTXpKx8GtZgeoYbiQNx/wFVy5taE1MOxsH8UPgr2/Y/7IThwVxXTzKh3ijTUU6alO9yjdQfFT4HyPiDOO7RO1D0ZzhsEVaqptUqkBlQjmijkz9TyHLnfTD/D+a1aFW1Ou1EVQKdR15imxGo78iBuCLEeBE7HtO4fp4NMFhqI3YVGIFiWYmmoZj4sbHfl4DYQOmXMcfngCUnbDYZVAdkFnr1bDWeYtTBvte2+9zsvJUTisixZRWOoAlgSe6rIVOhtAPMG3mCrcwDJu4ay5MHhEQWARAWPkBck/ufeTIH43NbEPSxDFi+MZnSlf8NK6Lh1A8CVPWxPneB4cU0K+IzBaFSoatZiis5G2pwGsnSmobYDzm54DanSzsU02p/xKCnqVS2r3krc/wB6UzzA1MszEYqojMjU2ek9iV7w0Siqx8LN+1j7ut4Z4AWvllMVC1OuWNZaqnS6sw3BPPddIPmkCJ+GMRToY6k9VgadOpdmG4IF7EfG1pmcSYV6lMZjVFmxVeqQt+S+qUA8hZx7tMlKl2P4QKmtn1L+I67B9/zWG3O1ltyG84TtRbVV7ukAMPgyuHFtlNVlLPpHkEVT00CBZ2j8PLg6WAK/mospPUqwe/xNQn4+UkjgDAH+gmRRqapTrWAG7Fg2kAePO019bP1q4PCUzltXFOtGk6sVRaIbRpOmo4be4IIt4TOwGPzeojLSoYfDAadIJaq439YkglSbchYQIu4ayfGk1KFEIO/Tu6pNmKJcFrjwO1uvTfedLw5l+Y5NiKoXCekK4AU6wouL6H8bbMwKnrz2vO2XhvMHdi+M0A3t3dKmjKfa1X3+UpiOBsTUbU2ZYwXtdVxBVb2F7KFIG8CvZrw/VpGtisVviMQ5Z97gXJIAPLa7ctvWA8J78U9nGFxtcYhrq5trCtpD22GrY72sLix25zD/AOzmr45jjv8A7TfZLh2eVhyzPHj/AN032QOnxnDWHq4X0SogNKw2G1iLaStt1tYAW8NpreF+BcNgXL01ux/MSS3UC55DxsPLpNanA2LQ3XNMb/NiC4+TLLzwzmi/gzSt/MlJ/wDMogb+pwthDX9I7lBUuSXCrqJPM3te53Hxm9nALlWeJyx6P5PhqX+KteenfZ4gP/dKnkadVdv5W5n9vPlA7gEy8CR+3Emb0v7TL6NT/wAusU//AEEuTtDqL/bZZi1690FrD5grA7+JpuH8/pYxGamtVNJAZatNkYEi457H4EzcwEREBERASlpWIFAJWIgeGIxCU0ao7BUUFmZjYAAXJJPISMMRjq2e1DTphqeXq253V8UynnfmtMEX+HXZcnjnFHGY5Msd+6w6oteqWbR3xuNCBvYBsSR4g8ioM88945w2Epei5YBiK5XSppLrpoALA+rs1vBVuOvmEM5zlRo4yrhUOspVakp8WIbSPjy+MkzjugauZZfSJJ7ulQJ8SS1R73PhsgPx90u4A7PnWoMZjD6wOsBmvpbmXdjzfc9QDuTfYePEdQVeJaSj1u77tQBbe1I1Njy/NAmerh1ZGpsLqylCOqkaSPlOEwvAeFwlVcTWrkrSAVHr1BppoAQqrcKq2FwOdufPeZOKr5riiVTu8Gl7XUCtXtfe7G1NbjpqI6yzCdnFFmFTFPUxL+1Xdqh33I0mygeVjA9Mz49wLXp0UqYxxYaKCMyg+F6hsoHmCZr0xmcYpQtJKWBp+X9YrDfxJ9QX+Bnb4LJqNJQqUwAOQsLD3KNv2mwAtygRhnfB/d4ariMbisRiBTQ1NFSsxQuouoWmtlFyAOf5pzGf5OUyBKz71Klda7sRYlnD3J87Mo/lkhdr2r+icRpvzp3t071L38uU0/ajiKSZKlMML1O67sDm1irkgdNN9/MdYG57KrPleHLKCVDqCQCbCo1p2lpzXZ9lzYfL6FJ/xBbkdGO7D4EkfCdNApaViICIiAiIgWEy4CViAnk1FTzUH3gGesQPGnQRTdVAJ6C09oiAiIgIiICIiAiJyfEXGlLDP3FJWxOJPKhTI9XzqvypruOe+42tvA2ueZFhsUo9Ipo+m5DOqnSPHdhsJwz5/gcOWoZbhvSqo5ikFTDoer1QAp8eVwbEXE9hw3jMxOvMKtqRNxhqRKURvca2HrVDy9xGxna5VkdDDqEp01AXkAoCjzCja/nzgcQnCuLzAh8wrXpg3XDUrph16XA9aofM8t97TlcBgwvEwRAAlJgoAAACrh1QAAcgNvlJ2kM8PJq4nxR9nWfkEECZoiICIiB4YrDJURqbqGRgVZSLhlIsQROPwnZzhqdVHu7LT2ppUqM60x0RWJC/vO3iB5ogUBRsALCekRAREQEREBERAREQEREBERAREQEREBMfGYunSptUqOERRdmY2AHUmZE5riHhdMZURqru1NNxRLDutXtlAoLt4esxA6bm4cziM+xmaMUwWvDYUmxxBFq9YX37kfkX9R33HLdZ0/DnCVDBppRASd2J3Zm9p2O7n37DwE3WFw6U1CoLD95kiBWIiAmmTh6guKOLVAtVl0uwFtQ8/PYb89hNzEBERAREQEREBERARLWNoLQLoiICIiAiIgIiICIiAiIgIiICWsYLQogAJdEQEREBERAtJlAZUiNMC6IiAiIgIiWkwKE3lwEASsBERAREQKGWy6UtAKZdLQJdAREQERKQKxEQKASsRAREQEREBERAREQEREBERAoRAErEBERAREQEREBERAREQEREBLSLy6IGpzDM2o6bopvfk58Lfo8xMZs+YWJpWB5XY7+71Yz9wtSgW/CC1/HxTe3jaa7EYhdDAsCTa1iDc23YkE+Njc2P4htynJ9/f0zvUmuSM210FPGsQtwgLKGsXPIgn2egJ+B6T0OIcDcUx/6h6XP5JqXrKO6BpM/8OmboWvez2suy7EcywtrE80xFDcDC1vWViRp8Adxu+x2/a3hadTF7mWtN0cSw/wCH/wDIfE2H5ff8pauJY/8AD2vf+IfAkH8ngZphiKQZbYat1vvcH1CF/FY/i8T+U+G89kxFFyScPVU27z1ltc35bNYt49BvuJobcVHIuFQ/zm3+T3y/XU9hPrP2zWJmqqNK0K1vWOyrYbljzbnuTb3eBF91Ax9VT2E+tvsjXU9hPrP2TIiBj66nsJ9Z+yNVT2E+tvsmREDH1VPZT6z9saqnsJ9bfZMiIGPrqewn1n7I11PYT6z9kyIgY+qp7CfW32Rqqewn1n7JkRAx9VT2E+tvsjXU9hPrP2TIiBrMVjalPc0wR1DMRbx5Ltbbna8uo44v+EIb9Ha17XtfRa/P5TYWnhSw4Uk9SSNuRJJO/wAZKzXfl+Bqqeyn1n7Y1VPYT62+yZESoxtdT2E+s/ZLDiGB0kU79O8N/lpmXNPXpr39y9jqU6dBO4AsNXhewkvTVzJwbHVU9hPrb7I1VPZT6z9s8Dh6Z/NzNxZug07WlaWFpo2oMbjfdtuRHLpzlR7aqnsJ9bfZGup7CfWfsl5qr7Q32G43MqaijxHzEDz11PYT6z9ka6nsJ9Z+yeusdR85UG/KB4YjCpUFnUH3+HuPhMChkNFTcgt0DG4Hw8fjESevDz1e2drxszRG25FrbA2G3lLPR/1v9X+kRKPVfR/1v9X+kGh+pvnEQKCh+pvn7/8AfylfR/1v8/8ASIgPR/1v8/8ASO4/W3z/ANIiB6Itha5PmecviICIiAiIgIiICIiAiIgIiIFJh1MvUvrJa9wbX2uLW2+A+URM3E1+j1bBoRYotvdDYOmTcopPW0RNAMKlraRbpbblbl7hLfQaXLQvy+ERAr6HT39Rd7X252vb/E/OeqUwosAAOgiIH//Z')
INSERT [dbo].[Img] ([img_id], [img_name], [img_url]) VALUES (3, N'cookie', N'data:image/jpeg;base64,/9j/4AAQSkZJRgABAQAAAQABAAD/2wCEAAoHCBYWFRgWFhYZGRgaHBoaGBwcHBkeHR0aGRoaGhocHBocIS4lHCErIRgaJjgmKy8xNTU1GiU7QDszPy40NTEBDAwMEA8QHxISHzYrJStANDQ0ND00NDY2NDQ0NDQ0NDQ2NDQ0NDQ0NDQ0NDQ0NDQ0NDQ0NDQ0NDQ0NDQ0NDQ0NP/AABEIAKgBLAMBIgACEQEDEQH/xAAcAAACAgMBAQAAAAAAAAAAAAAEBQMGAAECBwj/xAA6EAACAQIFAgQEBQMFAAEFAAABAhEAAwQFEiExQVEGImFxEzKBkUKhsdHwFMHhFSNSYvFDFjNygrL/xAAZAQADAQEBAAAAAAAAAAAAAAABAgMABAX/xAAlEQADAAICAgICAgMAAAAAAAAAAQIRIQMxEkEiUQQTYXEyQoH/2gAMAwEAAhEDEQA/APU/gGuxhTRJ2FDvihBijgGTYsqu53qK9ixBigXxcyKXfH5FYGQi9jiymlruStaRtmqK7eCgCiI3rZI7bj0oTE4oKPWhMTje1BM87mikRq/oI+MW3NcPiCdhURJaiMNhiaIEjeHtU5weH+9SZdl878DvTBryJso3pXRaYbCMNb0jijrfFKExbGiVuv12pHaXZZQ/RrNsPcdCqEAnvVXXwfdmS6/Y1amxWkSWqD/WVkCdzSvmlew/ob9Ciz4WdeSDR1vJCOlM2xvYg/WlWJ8QXEdVW2WUmCR0rfun7D+l/QYmWx0oq3ho6Vu3mSnkEUQmKU9RTK5fTFcNEbQBvVazvxMluVQFn7CradJoZ8vtEyUWfYUc/QviedK+JxJliUXsKbYHJ0Tc7nuat/8ARW+igVw2BShsKSQoRAOBXQFMzlw6Go3y89DWCAsK2tTvhW7VG9lh0NYxyVrpVrW8cVxNYx04qJhNStvXJFYxyixXemtaq1qrGJFNbBqPVWlasYk1VmkVxW5rGGv9QxkUvS6ZIro3WDUI96H4pyeTkOdZqFT5mrt289KswzAICByaHYG0iXFYwII60nuYgsea4tW3uGd6b4PJyd4puiLVULkw7HgUQmU3Dvpq0YPLI3Io9bMGhkdcaKvh8lfkimlnLlQan+1N8RcVFk/Sq9i8Wzn0pKrBaeNBF/HbQuwoe2CTUdpJprgMPBk0jrWSqW8BWHsBF48xpNnebi0CW56CnLhpM8UBeya05LP5veuK/KmdUeM9lcyTHnEOWc+UcCnNzDI7kkccetTYbJbFkllXY9CdveKy/miqd1gDik/xWBm81lCHE3FSdOwnuaLybFatyZotcuXEKZUhT1jml+L8IMktavFIGwIkUJ8sZGbl66LJ8RI3Iqu5rj2B0pz3pBbxWIS4qPLT1EwatuGyQPDud+1PtsVyp7E2GzzEs6aEJRTDnoR6VcP9UjduKBfBKg0qYoe9hVCneTRfLU9COJr0WaxdV1DLwa601X/CmJnWhbgyB6GrJFd3HXlKZzXPjTRxFarsrWtNMIRkms1V0VrIrGODHauDbU9KlIoDGZitvkE+1LVTPbGmKroIOFTtXD4FT1rnC49H+WZ9qmu3QNuO56UtckpZ7CopvAP/AEAB+ahcSFT8O3cmjLx8p0nfv1qi+I7rswRw4UzJEkEdQYrnvkp+8FohDbE5zh0G9xPYOCfsKHwniGxcYIj+Y8A9faqYfDuHYmJTqNJ4+lH5VkmHsMLhZ3dTKz0PsKC5GvbHcS/Rekvjiu/iVScTnLK4de8xTK146tx57O/pEH1q3HzeS2Svha6LjjhBBoDEnzA0Xmd2VEUizXMQgH/KK6kcdNI4zTHhCY+bpSfCYZnbU9R2ELtrberTlOXlo22rZSFSdMnyvACJI2p7YtjttQzuiDzGAKnt3SQIEA8VF80Zxk6Fw1joIZhUNy6EBZvpQV7EMrks6BIEDeZ6mhb2Jt3Du59pgUlfkT6KLgfsDx2KLtNQ20mjbuFQdSPzrqxbXkMD+tTXJLe2O4aWkS4LCkmm3lQRQ1q6FUxuesUhxedXNYVbZYHfadhMb1rvOkaY9scXcVSfMMwdSAvJYAfU0allmXW/lJ4X96HVVc6FHnBBk9xUMPoqmir+KfFbKy2LWrXMEkHnrHenWFuaghcSVAn3pnicnQupbSX6bD9eldfCtWZZzJ49vpWax2M6T1IcMWAk8ACh8RjAAWZgB0oJ8zR1OkCONxQN/L7dwaSrDsZMUKbfQJlLszF41djseo4rlM78sT7Ac0Hc8HszA/HhR0A6em9M8sym1h9UEsTwzbxU/kUfjgX3MfcBJLkL0kUTafUmsnmtY7BvcOm2urfedh96dW8Alu2PiAMQPN1VfatMOjOkkUf+qdLwZCdSmRHUdor1PBYrWit3ArwY3br4t7iOUdXbQRwADCj2ivXchxDtbQXILwC2mYmuvib49dkeVKtli+IOKxrgFVDxFnBtQFYqx322ieKTZZ4gxDuEZhcQncNpVl9QwEEe4qj5KxokuH2XvE5gBsOvFA3MyA+clD6j+9C5fm9u4LiJE230NuOdIfYjkeaPcGgs0e5eT4KMiu0wzngew5NRdt6p7KTKXSGX+pIeG1exmp7GKRyFjf1qp5N4a/pnNx7xdyIIGy/amuKzJo8o4qVWl/I6nPRZwipvG/pSHOs4CBpWQN9zC7bnUewqu4HxBdF/4L//ACfITxInb6134lAOHfU4n5YMRqPQ0zraa6Mo+xd4SzDEYnE3nDg2wAWUTEbwE9dqe5ohmVnb+b134Vy61h7KC2wdnElp+Y/2FFPlraySQwb8APX3ocnyeECdMrmJXUNwA4ncf3oDDuCsO3m7QZp/mGXurM6rA45kH7VVLxcPJTjcRM+3tSop2ga/lT3MRbRQSrmDvEdf0q7W/B9sCJX6zNTZBhmVRceJI27ie5pk95Z4qi62TdPOhbmuaBEjljwKraI919TSZrWHtNcaW3Jq95NlKIuthxXo1ShZZ5cTV1gEyXJdtb7KOlE47O1TyIOsbfkPeosyzG5c8lhGbpsPKPUtwBUeDy5LZAd9dwksSO8bAdgK8vl5b5X8dI9Ti4Z4l8tsIt4YkF7xIPKrPA7t+1TYnPLVtJnpI4Eiq9iMU13EFAfIgOrUdifpTyzgLZQ60VttgRIA6c80nGvropePZWG8RWLzn4t0IvMLuxjpI2WkeaeIBpZLKELuQYJOnoSTVzTCW2djoWV48o5G35URcW0oJaJjTvHERxVVUys4A28gnhJTicOt29O/H4QdJgRHPFWNnRFhVAHYQKSJmSqqBQFRQBHyxtEx2qi5t4svDFaQwFsEBABHQTJPMmlXyz4gx9l/xeYqOD9aTHxC6XlkBrbCGP4lPQn0oLMb/l1ExtO/HG00vKlWCE69cGYjcidMUiqkO5nBfMfj1S01wsDC6pG49Iqg5Z4yK35eCrGPbfmt4pXKlDsP+JJjvv6VSMZhnS6RoidwBx9PSujj8X/ZOpwj2x8y1lWUgiJMdI6zVbzXPk+KUJEdJ71UcHcxYtsFcKhjaPNHoelJsVhrzuIJnpQqFT2zS/FZSPSzmCggEqs8cU+wzyBq7VQvDOUObs4ggwJQDv3+lXkq25kIggcSx7xUWvH2O2mErfny8sTAXqaZ4bLwvmcy3b8I/elvhrKGR7mIcsWcxbDbFU7kdCf0FI8yuYpMazzcNp4AAkpMRt0HenmdeVE294ReHCjmBSrMseoHIY8BV3JPQdqiXBu4h959TP3FQ3chS0jOkC4QdDOzFVJ/t+dF+T6WEaUvbEZ8JPcui6dFtdQLFeSOo459at7XktrCgBIgmYO/Xua8tznPcTbxCi8/kAhdDNoMQCQOe0z3q64/FC7hFdCQQ6hSpjUsQw25JDRW66Hc7WWC3LmCuX1+MXdm8okwkgSODq9N634nxmHwQQ28Pb3gyFXZZgn86hyDApcYo6KTYcsWImSxPHtAE+grXjPKP6gQjw3QsdiDEj8qKf2zUkqwiLLc3RwWRBqY76QB+ld4h9QZoIM7HqKq+TZVftMyunl/5BgRM+hntVjxjlE3AHQQZE7CYmTUrWHoM7G+Gui6qw/n07zt5gN/et3sI2jSANcclutUbFZp8NwFY7NJPbf0o6z4mDGS1DLxpBS2ML+EcIpuW4dSCrKwJBnaKa2/D1iD8VdrkMVk6dXJMTyearGM8SxBB2G4FCY/xc91BEqymZ+tFJtdBrP2XzCZRatEhXuKnKkkEKPtIFErgrrDXbvSvsNwNiZqnZd4uVjoZhqIBjv6AnY0yxGPZE/2SYgnSD9ZA7c0G/HTQPFvpju5iCqQzeYTEkS0bnaq98cXXkqoI4I5+vekv+oYi8dPw21KZBPG896Nw+Ge2jawBO+3I7xWeezeKQ2XFFzo1KoWBp1RO/bqTFMDaY7zVBvYsho5JMg9ff3qyWMZ5Rsx253p09bEc46LHlWQaILbn8qsD2FIgzA56TReIbSpPptQdxSbYXiVH3jf610/kVl+Pfs5eCfFZAb95QhK+W2uwA2k+kUsyvFO7ny/7YB5HUkem5rd/J2gIbnkncBST9+hnrUulLdp2E8FFknaeY/nSpy4UnQ0/Ql8TYi0mkoyqVPA9ep+81Jaz+0QFDgtIEmRP+KpVxCrlT5wTA2O68D3NXbD5XZZATZUmIAIExxBPNR/oo1hbBM1ze1bZtLAniZ2J6gRSK7nRI1dQRp3nnn61a8NklmQTbRVk9BPaoFwuD1wLBLg7ESST+grYXs2foU4JjfBZgVsW41zsXuchPQd6pHiPE/EvlvURHodq9os4S29sqyBVJbyAAb8Tv125pddyLCJEYZDzuV1HaOWaqTUytIXvQjGGtvCXG0qU1TydQgwB/OKgvY7XeGga3gayFOhdhwe8D86e6kB/wDtJ246dj3oR7aoSttFDMZhdhMdRPQCoOimANkMkmfSR0Pel+NwKGNXI49vSnGYONSwJOwKjc+oEc0VifD1y4ilFKNG2o6YkdQd/wAq0t50F4xsV2ltIkTL9e2/al2ZZvbwy7IrXG3CkfL6t29qtVjw46KC7IHA+ZdTbjqJAqs5p4JNy6WN1hqgliBHtHM1aWs/InnWgHIs+uXGfXDbTEAQOseleoeHsF5Ed99UFFPQHcE+tV3IfCWHsjSNTsxgs3JHUR0q9XLioPQQB6dBFNiW8k6bxgiv3iGCgwSYBid/4KgbESxQb6SNR6SenqaqviLNLqsptElw2pUAklBp+ZRwCS3mMAAd6fZXZ/20bXLGS8jfWd2iezbD0FPTykkLjG2M7b9AN6Q+IcObmxdgqgnSpIlh11D+bU6vXdA4/ear97FPcfSgK7GSV2Mc79vtUqrGhpnLyVC/k9+42lAH42cCfU6jvH06VcMnydbNgf1HOoOUBOkERHHPAo3LcILQLu0s22/AjmPrSnPc4KIxSS28DnkcQN6DrE77H3TwjWZeLLaubSEJBjpHqRFLsfmSuoIYkATP89qpr4S4zs+pGZiWAMiZ67iBzxRmP02U+Gjs40h5Y/jM647Kdo60rlvtj4ldEmIzog8xS3F5yTwZNV7Eli/mPPB/tRJhF3/zVf1pJCqw2xgjeDamI3mRQWIyu4h2YEdORU+BxjEaZIE8DarLc/prYXXLtE7Hy/Yf3NF050aV5FIcuPmBojDXCJZvpNXFP6C8QPhFT0gsJ9tyKHzTwmugvh317SFaNx2DDb7j60P2J6awZzSKVced+tMcDn1xNmOocT1jtSnEiDHBHIofXXR4Kp2S8/Fno2WZ4j/KQDM78/UUXisxOkw0kjb3rzG2xBlZn05pgmcPsGEx16/biue/xt/EpPMv9i5tmQRYMQOZAoUZ3ebdLblehExVXa6GILFo5IPFP7GaLpERFDw8UFtNnqfh/wATnE3Lg4S2gIJ6ljA/Q02w9/VyxBBM+x4oDLcDYwyrh0Gpju79WcD9B0FH28L5zv8AMPNPb6cUebNXolxJTGzm6ilACSZ4MxJ+lVTNBpB13kRNWkDcgbSTA6zFW27Cbem3Xj/FU3xLlLYgoiMltUTU7EEyzsenfyzz1qFLeOi/G17OMlzCwkwyM5mXBB8ogwoPeP5FOrmKR11odhtxyeo/Oqivg5AIW++wkjYSf/1G1PhcUWkRdhw2w5HPPJrPC6YXhsBxOKd7ihi2hTqgAjV0jV0Ht3pjbzr4YJW0gXqBIJgd6N0IEBZdU8TEd59IqC5YtGVCEzO4bfbb2A2q01K77JtNjDBYgOhdI0HdfWNv1mtO8yACW2BA3MkT09/yrvLcKWRVQBLabKxkkhdo3560QWRCyqNGrcsZOqPWalX8BQCmAafOwUQAF5P2H713dyTDh/isra4Ey5A9NlgSdqMw1okm5MKV0gkCZB5WOByPtVV8R4a47yjeSN1ElyRyYOx+9BJoPb7GNzPcPacKirrkqoRZZieg0ySTFSYjPntqr30+GpYAKSNZ1bDVB8okjbn2qmYDNf6bWBh3Fz8TsGO3/VohVO24ih85XE4q3qRWYSvlnzBtmJ2gRvtPPNXmEltivGT0L/UQ424M7kwD7bUlxNy5cdvg/NbILt+EA9JjzH0oHKPD+NuIpfTaXbUWMuV6wACB96s+Ie3h0+GiwgkndiZPUkyTv69qm5+wpr0UzNfE9zDX0QJqXSDcIBPmJPydoAEjqSeKu+W57bu21dWHG/8A1baQQeDVeTDC6S5tz/xME9+3PuaOw2gyGQg7awZBAAEGT79KzeljTM0sjNsYi6iksx3cgCT2E9p2A9agshwS4Yl9WyKZHyg7r1O4+1KbNlBeHw3K9CpGuTO28jeP0Fd4rODYuzeQEj5WUbkcQ0Dt035P101vNGqfSLO9wupDKVKxqBI6gHkbdd6Au4y2kSQCDI/v9Iqn5l42keQHsFCkdt57zSG/jr1yJ8k9zPNGm28pGmMdlwzXxMsQsD279/T/ADVPxeds7lUBYz043HeoHwCx/uOWJ4EwB7gV3avogAAAEdAAT7/WgpXb2PjHRzZwrsddxiOygwAOk1FisOkzJPuZntQuIzMbjV3J/L9qXPjWb5RHqftwKoopiupQVmbpG8SOO/2paAzmSaltYB7jQssx/nNXfw14ELQ+IYgdEWfzb+wqmZlYzsk8veCpYDCO7eVHfSQToVjEHaSOK9By3LbbsyXEJ2DCZHIG0iCRv95rjMcvu4Uxh1fR1AhhPsd/z+1G5JmTYo6EHw3TzOSG2jaAP7H86leWPOgJPDNtbmtWYwNlMQOnzDcbe/P36wmJbVo+HoQeUKoHU87bVdLttVTcTA/nFVi/mKanRNRudQo1MQeIAExt+RqdJvQyrJXvEWRWLjMYKOwkMOJ4AYcEeo3quYPwhcaCzKAeNPmn61a82+OgXWhBYwvyn1gwdvrFDYDNW1FG8okdgR35pp5LU4TA4l7Ydl+QLaQKFHqSNz9aV5p4cViWB37dAPbrVjvZqunYD3jp32oZHLk9Z2gCIFJ52nkZJY2Um9lT8c1B/pLe3pVjx7aC3MjjbvXCZIWEtcM9aqreBXMlzxWJYMHB8wMij8J4gGncbj6HihXw80DfwHpT1xt9MSbXsfF7l2HLKqxsIlvr0Fc4y6FQKdzCzxvAg/WhcstuqQd16d66xCTuBM/l+3WuXkmp0ysUq6AjekPAAgwBO8Rz68/lSq5ediyqokb78bRBn17UVjlDN1BUcjofX0oS2WJYQoMSCSRI67R3pJKjS3iQVBeQsTEkR0O/32o7J8MbrhYhFALN2HRQe53H3PSlmFwrOyoN2JgTsB3n2q54fBJYthATPzMepJ/QdAKpO3kjbwsIjzPMkt+ReFViFUHhRPA5HHuSO9LMju/FJxJYtaiEJnzNJDHT29//AAn+ntoXcBi7LoBO53nyqp4+vYULk+Bayt222ky5uSOCrRyYgRpAgdtqrTT/ALJzoPx2MJXbjpHbjil+liNueQI/UkVtwzGGgIJYgnc7cdhyPz56LM/8SraRghGvSdMDgkxqnrsD+VLMtvsfpaDxmKJIcjXIEEid53g+pHSn9i6p8wGo7Qf/AHpXz/cx7u+tiST1kzXqOSZ6jqqHYIvUkyNwCxPM81Zy5ErDLtcvT27xPSP3pDmOLtq4JEvMqF4AAI3PG0tXeGzFXVmUrs28mDpU9R7kn+bKcyzFPhkW1Z3uAgaVLmNUSY+UT9OKVsEpmX88fc8Addxx70sxedIzr8SFVttcTpMbDnrt96BybKMXfRrNwNZQNDsw3076QCPm6bA9/SjMb4GQrHxXEbjjn2P3qfhh7ZVUgvLUtlwxul440gIN/v09etFZhfVrbOSRDMqnpt1EjzCZ3696VpZ+Aij4RfRAlCIM9TvtE788cnipfEzzaGkjSBCheAo2EfaPpStLBltlLxGcSfMAQNu0/ehHzVSIXbbod/ypRnL6n9BsPsKkyKxJZiVCrp1FuzNH7/aur9S8fIm+V+XiOrFi/eGpRC/8mMfYUJ/pVx30M3HMV6HZw6lAiQRtxA9ZI5phl3h9AxOgSdiSJ+1Sm99D09bPObnhUgeUgkdqa4DKbJR1KD4yIC6Hfczp+XvA25HWvScNk9lJ8onkkgUItmyhLIiCZ3UCWIMHcUbttCJoS+GsiCIsqNZ3MdPT0q24dIG/ehP6lF+aF+1BXM8DKxtrKIRqdiApjeAN9RqfvLDh1pDTHOF5PPH70ryR00ME1Ea2ljyxndieDv8ApS45i+JJKEjaAv0BJjvBjanuVYFkVSwCn8Xf2EGBv/ett1/AGsLD7J7thmXbYme/61xhMvtYcMyoodh53gSfcnfrsKKxWMVB61Vc4zfnf33pKpJ67GmWyLO8aNQjftt+oqpZjcX5uDvI5Hp7dKIfEfEM7wDt+9JcZcVnCEalHO5G/wBP5vR4U08lLSU4DsyzrVat2g3nVtX5QB3/AMU7yK5qVXQDcEHzT+R4oSxgrB0v8NNQG0qIjpI4mmGGzS0o0B9HPlCgb+gGwqnJeekJKaFOf4V2bWpOteVjYxxvW8NfuFQWKg9t/wBqsC5iXZUXzSY2PvJMdoru5hlk6EtkSd4Jk9TM0k3rDDjJaEw01OuCB6Uxt4X0ohbUV6PicGQC3hYWgsZgwRIiafaBUb2AaW+NXOGGbcvKKJikO4G3el14jSO8bb9qvWPydHEH71XsT4SuT5LkdpANcVfi1L+J2xzy1sH8MI74lGbfQGJ9ypAntuwq4ZjYlY/EdyR0PI99wKQeF8mu4e67OwZWUjYQQZXf7CnzpqY6tenYg9x9Peh4+K8X7BVKqyhXYvsSBAV4M7SYjzHc8Tt/7Q2LwZLEfGffkJAHWdyDvv8AptTe9gV0Mlryahu0STzEEmWpIiOg84IE87nYRzEkcfp3p4lN4oVv2ju9aW0iNqdl1qrKzap1kKunVwZI4oXN/Ddm/wDNqG0Ag7juOIox8O9y6hZSlm2dfm2L3B8kLyFU7yeTESKkzLGrsqgk/wA2jrM03L4r/EE5Z5/i/AwRpFwsg520kDruZFS4bJbl658LCEhFjXcedExsQ0fNvEKPfvVrTAf7eu64RnE6WgQh4nfkj8vrXOGxhwlshXtNaQEiWUECdwDqOqZ7TNLN17H8fphvh7wqmGRdbm66yQTsgJ/4pJG3c++1R5wHTRiEglZBWPntluNveR/k1v8A+qLL2XbVyjQOd442/hqoeI/EN7Ekf00paURvGrbrpHFUnGMsT5Z2X9MzR7aupABBMHmQYMj+9IsTmhaQAOp46g/+detUPJLeJ+JyYaS5O5IB9e56+lWbE4jdYEbbjfoO/XpUeRb0x5RrEXST8xXVI6n7g7xtwK1jnR7MFpbYbwTsAAfaP0oUmQWPM9/tt0pdfvjgRM/5+lIvooI8ZYDTCD+c068O4QDSEQESNTaZ3HUzQbkapYT1j96aYLNIEAgRwOlVdPGEIp3kuGAsaW1NBboNoEDsKZPmipqkGFAgbddh9NjSfDYoFC0xCyee0xUOMsuw4mQD3P296j5NG8c9kmJz5wCGTXPVAwAHEFe8z965ssrorsslYhd9uw24pWcG7EyCOst39zRlq+tsBUlm/GFBYb7+bSDHPXmtnO2HGOjLuIVyb10Ei2upbDSoLb6i088bL9+YpfneYs4W1hlLvdVXYINWkOAwUAbDY/TnarplmHFxfiXUEfgVl6z8xUj7T71LjczCfL0+n83pvJSss01vCQl8D5RdsB2xC6CwGhdSE9TLaSY549TT7F46JHA7yP0mf/KruKzgjlt99vfpSXMM8Ybhd456D+GkdutJB8G3lh2cZlp1MZ5gDbcx0jv+/FIkQuNTvzvA6RxQ1pHdi9yfT09geKkuX1tpLQD6cncwAO8Vpj67KdIhxuJVEZh0mB36D71WsFcMwxhjvJ6zU2LxDXGnoOF6D196HNlmae/B7fTrXXEpLDOe6bei2ZbidIhwCNt/T9qeYYo7owCgCd4+oE9eKquVooABZjG3Sm6ZuiIpAaS5RgSpBE7cDjeuep3ooutlqWyhG0AmYI0yNuR02onBGEA1TzudMnfn5fp9Krz3diy8rMgbAntvsZIFcXPEgEDSzGBJA2B7cfyamnXoPiewKtYVroV1FeweYQlawiu2WtaaASMiuStd6a3FYxAyCkuf330gKCd1kLJMTvxue1WHRSnMrDLLIem/856muX8mW1lf9L8NJPDFmGzVnfQyMh3jWCCR3gjgd6kuYjTsoP22H1nvFV7MbDlviI7alBXQYgzvuTzBkcjn0qVs6QgAsA0eYMY3iJ36TXK6ztHQpwM1zlQplfNMNuNt+309qAxOeN0QAdyBJHagvj6tTE/aNgBtv9fypa+K84RAzbgkDcdt596XNP2NiV6NZtibrqVS2TqhmKyAdIAUEk6RE8bDekTZK7cqgjbmTueBA7n86YYvEPDIFIAfUpX5pO7JHDdTJ4A67Cj8vsEqWZiGmOen167fmKq20s5Dn6K7fwVyy2lAh4IiZ1f9RxImm/hXKi7u7Aqp3AYEkneTH0FMLeXJBJdhyZVgDxAAmY3ozK8yZPIqSJgsI/FwQPSKX9msMWpb2ji/lqJLKd9gSY442HQftSnGvpLKJM8GOB7xTHMcbq23McmO/rVbx+LA+X+/6Us5pjYx2ZfxJ6GT/bvQ1oDc9dyaGBY8D36VJiL2gQPmI/tyaqp9IVv2wDF4nzkDp+tBm80yNjRaYGakOUk8TVlGCXnkb5D4kCwr7E7A9D9elXLAZqnB55k7zPH615kmXujBuQDxFWPA3JGxjtvUOWMPKKS1S2Xlb1t93E9B5iJ+gNayu3ZUuqoqAHgE89SZO/T86QZfcUc7+p/Ln6V3iMQ7NKwB21QSedun3rn8minh6LPjs0UDSp+3SO9V65dBMz1nnn2P85rQuaQTqDgxBA/MUqx2MjzMwAO+5giI2A/nNbdsKlSgk3FU7QSQeneCN+lKMWdRkkADpIH50ux2blpCCJ/EefoKVshPJJ9zP610xwPt6ErmS0tjPG56FkKuo9DPlB9+tV69imdtTkk/kPYdKPFkVv8ApgeldExM9EK5KfYEjz1qdLhHPHpUwy4HpRFvJ36H7ihUmVI3Y6EGhsa5LnngGfUdvyo//Rb0eXb2P+K2+T3CoDIwbowBI+sdKVS1tj+aeg3A49nQHfggj/t79AZrViyuhdDsvlGof9vxf49IoWxg7qABbbmCd9MT9/ai/hOdzbefYfvUnP0iitfZ7MmeoeaIXN0PWvHV8XoPmR1+x/Q0Vb8W2D+Mr/8AkrD84ivRPNPXFzFD+IVMuKQ/iFeVWc9tt8txT7MKOt5nPDT9axj0oOO9bBrztM0YcMfvRKZ04/FQMXtjQ15ZqsW/EDj1oq34h/5LQayFPBrH4ULvAj6bbzVPzjJ0uNLLIEehG4JG3T07VeP9YtNswoZ8Ph3+V2WfYj7f5rj5Pxqz5QdfH+QksUeX5rlrW11W2dR1UExHXyzTHJsK66ZbSGGxgb7CJP8Ab0q14vwuHB0XkJMnzgjn2JoPD+HMSlt10I582jQ6kead4aIO9TcciWGivnxvpgGPvpZUgbmZLQJkgyTPTePYUqwGaEmCIBPO8c7CeveusRhMYki7YuEEEatDN7SVEH70Bb0hArsojo2xG8xvv96PhifkBveh887xIXbVx70FirxSNJ0+YHaN+n6UP/UooMOCOI1D6elLr+MQnmfSCR/nipTDyVdLGzvMMc7HSgkEzO/Tn+elBJbLR17n0napRigFACkkdYgH19KHZXfvHYVeYfXRKrlfyStdCyE377CB+9DIhJk7mjsNlLtwsU6wOQHlqtMY6I1eewLAYUt0qwYbLRHFH4PLAvSm1nC1VSRdCQ5QD0pdivDBJ1IxU+n7VdksVMuHrOEzTbR5jfy3FpwdX0H9qEa7il2Kjt8p/evWjhR2qF8uQ8gVJ8MlVz0ePm5iYjWwHYAbe200M2FcmWJJ7kk16/dyRD+EUM3h5P8AjRXFjoD5k+zytMKe1SLgWPSvTv8A6dTtW/8ASEBAiP0+9NjHYPJPo84t5U56UdYyRj0r0BcpA4FSrgAOlMpJuimYbI46U1w+Vx0qxrhB2qRcLR8QOmJreA9KIXBjtTZbHpXfwaOAZFi4Mdq6/oh2pmLdb0VsGyeT4nJf+u/vSy9lHO1ZWUDAF3KxxEmozl7J8rMPYkfpWVlMY6W7iE4uP9d/1FTWs5xK/iDe6/5rKysANt+KLo+a2D7H+0UXb8Xj8SOPsf71qsrGDbPi2yeWI9wR/amFjxDZbi4v3FarK3swxtZkD8rj6Gi7eYt/yrKyizBlvOHH4qmOcatnVXHZgD+tbrKBgdhhH+fDW/ogX/8AmK5GU4Bv/j0+xP8Aea3WVvFG86JF8PYU/K0e4B/apE8OWx8rIfyrdZWwg5Z2uRxwFPsRUyZdH4aysoACLWEHWpf6btWVlExsWfSu/hxWqysY6CVspWVlYxrTW9NZWVjGtFcm3WVlYxvRWaK1WVjGBK7CVlZRMbC1vRWVlYxGVremt1lYx//Z')
INSERT [dbo].[Img] ([img_id], [img_name], [img_url]) VALUES (4, N'tomato', N'data:image/jpeg;base64,/9j/4AAQSkZJRgABAQAAAQABAAD/2wCEAAkGBxMSEhUTExMWFhUXGBoXFxgXGBoYFRoYFxcXFxUXFRcaHSggGBolHRcVITEhJSkrLi4uFx80OTQtOCgtLisBCgoKDg0OGxAQGy0lICYvLS8vLS0tLS0tLS0tLS0tLS0tLS0tLS0tLS0tLS0tLS0tLS0tLS0tLS0tLS0tLS0tLf/AABEIAKgBLAMBIgACEQEDEQH/xAAbAAADAAMBAQAAAAAAAAAAAAAEBQYAAwcCAf/EADwQAAEDAwMCAwYDCAICAgMAAAEAAhEDBAUSITFBUQYiYRMycYGRoVKxwRQVI0Ji0eHwcpKC8RaiBzNT/8QAGgEAAwEBAQEAAAAAAAAAAAAAAwQFAgEGAP/EADQRAAEDAwIDBgUEAwADAAAAAAECAxEABCESMUFRYQUTInGBoZGxwdHwFDJC4SNS8QYkQ//aAAwDAQACEQMRAD8A5k5tSfdcJ7grVdOew6XD+ysLpgpw4uAIIgHknkbdVlxQdVa2oQN2gnYASpiXfBqKa9W5m5DDbkyCSeUECPnUG6Tyq/w5kzTYAOFor44ExCHfQ9i4tkGeoMj5FZdcS8iIpyyY7hwyoEEZ+nvVj/8AITp07BB1MyT1U4ay8G4S3dKPE1VhhNUDs06IBSq5v3O5JKCNeU5s8K4EGo0yRIB7HgrRAQJVWQULPgilTbeo+I2AR9C14kpyLXT0Q15p0k8FC/VKPh4Uqvs5jUXCTJO8/TatVSwJBgApNSb7N5I23TejXc2YPRT+Tr+clMNpB8I+FLIcKIcVGCR8DBqww+TYSNZ4Tyvm6P8ALuuY0LxMbTXUMN3jhY7lSMJ+VN62HPGVY9qsrnPbeXZL8xmHVaegDcoK0szEu5WyvauEHohC4VJEzRy0gEYo3DY/SzjcovJ3DqTPKyXAgj5HdNsLQBgkwIQOeudfkp/N39lhCQP8qzxpR4qe1NJ5HPIxip/L5xobDm+zqF086pZHuaOB8UwsctRqtGoEEbAAbJGfDZc/UTLu53VDY4Q8AAEcpt19DiNLYn0qP2fZXLFwXrlUapmDx3z05b1qum03Dyz80to3jqYIkwqG68PVQJAkeim7ugWmDyki2oYWIr0yVNrHhM0Q7LEiJO682GSFMkwSkb6Z6FF4a6LZDh9U4wyELCjUy8uG1tlDSsz8qKzubdUDXseQGncJp4ZvDUcHSR3aVPCq59QhtOR8FQY6wrRqJLeNgOneU2pSYgb151hm6Nz3hPhHPAPIRVDXdSdUbTI8zgT8gpjxJbii8gH1CXUMrUbVfVcSQDoBA4WZl7i+XGS4T8uiXUgRJTnGarW12Hl92hW5VI4gJj549DQNnfOdOqURXrHSXdOFlsx0cfZG1LQxxsl1RqwP+1R0LQnSVZA9qibqoS6U8wo4W+7xoIJA3KGsHaHQUwtwLbIFYt7dTbmsmQdj509zGOcGB4IBS61ZUcQ2TIO8dk5tK/7Q7S4+Vqd0LejT32Wtakp0g8OPDFTHLBL1yH14HAAbwdyep5V9s7PyjZZlcaAzVwtlXKtGzUszGcDmFqVSGgCk5NWh3xVq4VO17llMgDmd00pZdke8ou8rzV6lGstJE7psjSkTypDUnWoA7Gjr/GDUHB0OP4nbb/kvdtbyBTdUkjpJA/yq92AaN2k/Naz4d1Dn4L7vHZgJx51LT2AzEqeM+Q/D5TUw9mgxGkfiHJQlzTlU97iHBh1CdJ2Pp6Kar7bJdQ0q+9ehtZ7mIAIwQn9p6joRzyMg7VOXr3UztwhhfkqlqY+lV3JO/CLxXhykzzxPad/snC+hCfEM1GTb3Fy5LCoQeJ4elK/D9Bzjrc0gdJVrYXzGEFxJEgH0B2EId1CV7trEvkEQ0bl39vVT0vl10KA9KqXaf0lirMlImdpP97Rx2qlo+weJDgd4jqpnxfbNpuGngr1eV6ZcBwN9x/Ttt80Ne1g6A+TxuenoUyuNlCDwPPn1pG1vu+HhmSCSP9U/xk7SRB+P+ppHjrglxa46B0kf7CCzNBzjLRq/47/knF00EktHwW/FYgHzv55A/VdW8hCpI25caBZWj/c6NX7hxkhPH71KWOCuHmQ0sb3dt9lbY2zFGlEguPJPX09FuuNcxBPr6yhK2XdAZp8pcHPbEzAgQUdp0Pgq4bRxH4Kkdo95ZKQ0cmdcyYUBsIO0EGd+GaYWjw33mn5Fac/kRpDWzHO46r5SuWmCRpnffb7LdUDXtI5/3psp623GjpAkegr0tl2k1doDhJnOIPPfAIHxrxisoHM0OMKlxNKlplzguc3tu6i4fhPun9Fut8kQIlc0EEKTmqam0vJISqPKujVb2i3cAFAVs1BkbBRpyZWmrfOKzL3OK6mxbTuZq8Hi0tEASpTLZDW4u2lxSd90e680B7Qx3RYcXAWZr4NMMSpAE0PRuBO/dH6gPpsibPAukCIHfkLfe4KqBLW6h2G5+KM6VKIMERiotrbt2qCl1YJWZ5Z5Tz6TPKaGxWU9kSIEqgsMm6u2oAdw0xHrt+cJTZeHQTqq89ug+So8XYNpGWjykFpgd+PuAgt3CO9ABP0rXaLS/wBMvT+4CRzkEH6VJ4dr2Un06g3J/VE1nl7gSBMAfRVbsawzA3O/SRPcdEsu7H2ZmJCHcPuayhVb7JaswhLjaTnMkyRIg8o60pLSAmWOyukGm9oM8FN8fiKVcAtd/g9ihc34edRGrlvdbQl5oawMU6+ba4/xnCoIHAieVbLaxo1WiSGu9VK53E6XwwgkHotV4wuBeHHyn3ZhC5LJurAezAbGzh3CdDKVDvJzvXnz2k/bD9ORt4cydsSI+Mb1spipTBMx29fgvoq1Xb7r5aMkN1bx0Rek8AQk3igKhNeh7PTdKbBeEenDhxpZXvHt5JCy2aX7uOyNfQ/EJC8GiGkRwuBYIhO9MupcSZnFHWtkzoBKL9j8FptdPqvlWkZ8rtkv4dRCyaRuA6nLQB6HHrimH77253W21zkcqR9qsFVHAWnY1VLDRqzr+IhpIIlQ+Rrbk+q9vrbcpPkLnojthbihqM0lclq2QVJ3NNsG41Ou0hWNjbahp7KO8ONAYI4XScI1gaHE9EF7xPwdqwyP01k3G8T6nNLq2NcOAfklb67qXtAZMglg6EgcFWRuhOyW5bGGqC6k3jc7wZ9F803oVqaM9KQvwLq3Uy6InYjgRt9qlPDNgarw6qY6RHJO5hN/EmHNNmqPL3XizqVAATRdpDt43O3MJr4vyn8AMLI1biXCfiY2+UoziELBXOREUj2K2+wrunEQSr2jntjhmoa1uNRaO2xVlZMZpmDA6DdxPQBQeOqw8lX+JzFNjG+XzAGT6nsgnSlzxbfOr7iV9x/iGZP59qx2FrVGuc9oYOjeSB3PSUKzw7Vgxv8AFPRnGhpKXOzpJ9Oy+duUAjTIHJO3yqY32bq1a20qJ3KhJP50iOFa8d4fc7iCRzq59VR2/hxrqR1NDXhTTssRuDBJ+yyr4prBunWsJcYKtSkkyPT+qMm3uQ0EIUAE4G8wNvOBA9KQeLKHle08tH5KMoXY7qmyV1rmTMzKXWOMY4bN/UlGt1JbbIVtwolyl0rSW42z9PrQTbj1WVLxo5cnzbGmNnMggD477gJhc42k4kBo47La3UIAUQYobT63FKbSoSN9z+esVDm8nhHY270ODk+Z4VozOk7/ANZA+y2v8L0uzh8HT+ayq9Y2E11FvdAysg+v9Uxs/ErNMFFY3KuqVCW+5HH6jsVL1/D72+47UOxEO/sU48MkM8rtjvK49dFSPCrjRTaNrSoOIkRsciqT2g94x84B+R4P2W24yzGNj2emOvdajQDtiNu36pdd3DGQzS8hwJA5HMAmfdnf6LjThdMKTy8WBn85V569YVaoi3dVsYQQVYGDB4QDxx1rX4fzQ/aKukF4eQQB6CNz0+apKzWVwWOApv06hO7SOonaCpypeaGRTZpPZjd/lwJ9ShLM1y7U8nSBsHEkz3mdk1cONJSSognlSfZDN6HE6QUt84+8H4Uba3Bt3Hfad0bk/EOqi5nMpPXqSCD1BClbq9IkE8KeyHYKZ/DXtShknWvhQmTrOLxpMcrfaUuyX0qmtzindiQ3zHpwnXJSkJpe1ZacfVcRucVTYnCy0EpzSwzOqTWniEaIjcIijltXJhBKmUnb40yoPmcxTit4YY9vlcJ7KNzFq6kXU3DdPX5rRuDupvxBlPbO1HoIXFFpcaBB6bV1hD4nvDKfcGj/AAzWpvGl3KeGxpd1zO1uSDIMJp+939yjLJ2gUsEhfiCooAVQvTak7ASfRDeH8S+tDnlwp9O7v8K3scIGNJa3gLDq0Nr0DJrrD7i2e+WNIgkTufTr+Co2u2p0YUqqWtSZLCurf/HzE6ZHKV32HidllF4Ubpj41x60ZuP/AKH2j5VL4F8AA9FTUr4jrskV7YGmdQ2K+U7qesHshuoS6dYp+3HdoDKztseY+9Ujcge6LoZ57N5UoLpfP2knqhJYKTKTFGU20oQYqxf4pcBEN3Uvmciah3K021F1Q7cdSnNHBs6jV8f7LbjwSR3iiaD3bTYPdgA86iLW9AqkdHKjtbmE5OCo/wD82f8AUL6cAw7AR6hZdu2XCBEUG11MpIWoESTy3oL9uEcoc3nqh8ti6tHf3m9+qRG9KK3bBQlNbcvm0YPGqN96B1Qlxfzwkr7z1Wh13PG6Oi0pJztJtOJpqKheQ0byqDG3TKDoc0vPYAmCkGBB9oHcxuqzE2ep/wA5+6y6tLQkCSKH43ME6QRPX35b+tGC2lxeRuUVStuwRzXUw7zGGDr0n1TuyoUXbtc0joQQUobNx7xqO9CTesNJ7tHDfn69fOpzOWPs7Z7t9RAAjnzECdt0J4St3VtYe+YDQ3eeBDvqUf8A/kC6NNoY0iHtjbeN+h6dUnw14ab2TyWy7SNhqe4tHxAI+yaKGwko0zB+1RnrhZvm/HEid8RC/tTu7xxZ0SatbFp1/wAw6/oVQPzbasNDgwTpJI822x26fND5ltKYpGQBEpNxpDEuIPLHEfeqtreOXSgkA6Myr/bonkJ3V6DmAfD9/wC1qFhPmeCBP4vieE5Zh9T/ADOhvy6cbqFyDvZVg4bNcJ+fDv8AfVO7LPOLRLpCN34Q2MSN/jwNMv2GtfeJjaNtvLhw5VZUsHRBEmV6uMVTeNIa0DvKmxmHd1t/fBhYRdsj+EUI2lxM6qF8RYV1ASYI6EFcr8Ssca8NHvNBgd+CukZTIueIJMdlH3VNrnueTsxo+MknZMWzwLupAxHGtXralWulw5kZGPydq1YXCce1JggxHeNpJR3saTX6Hap7DflLclelzPZtcQDDvN3HAHYJhQqv/hlzd30425nUQD9E4psRrUahi9fS8LdkRJA4yI4iem88sVup2jXTBIWmqx1Prt0PRUWPtmuAG4MIbK49zZDvdI2/wpgUTnhXsm3FJ8JM0gdXnqlOUvI8vUrbdVi2R1Cnbl5LpKoW7EmTUjtbtQob0I3O/Sj6NVFCoktOqU2t7dxbMFMLRFS7S6UoQkGuqY+wpN0aAY0gR+Egb79kdfX76bJp0p+c/YICypPfq6E7pffUrikTBcQenQqc0tKRJH5/dUO0GrpWGFgxwJg9IPH15Zmvll4lIB11QxzQ4+zIJncANG/vclNbfI03t3Eu2+vBUjbYMVKk+zgkz1gH0HdXGNwYpt825PJK08sOAJaGfalezGX2ipd1IkYBOZnJjlU/kqQIOyistSLd28hdOzuLYxheHfJc6yTuY7Idu2tlUKq48pD9urST9jSduSI2cCCEZY1vauDB15Sl9w+tUc55lx5Mc9J2+Cp/DFkGkukE8J+5CW0FUZqH2ZcvXDyUKVI4+maqMfahrQAE0pojC2BmT2lNW2zDEhRTaKdSFE5POrj1ykKgZrVZaCzcTHKYU7OifddEpNmmfs5lp2I4Sh+bc3TopztJOoEgSRuB7swYlFZSsq7soGNzt7gVKu3kNIDhUYVMAZ898Y86f5fGQPMJb3XIvFmJ0ONSn7vUD811ilntVMhzQRy50wB0Gx+KjM9R3II5lMgllYWjY4P2rLcXLamnMHBHPofwkGuYvBW+zG6NqWQk/FDvtCNwqneAio4tHW1a4mKe464LCCF0HB3ftSHxHDfoOfrK5db1dld+GLn+C30J/MqPfpKUSOYr1FssOpgcqubSyaabtbQZPX1QbsM1n8SmIH8w3IHr8ETY5tunS4LdbXhqOhg8vVcZu20JShJ3xFTbyzL4UHk458vI/nWpTP2FV4c6BEBoiSOeo5bt8UHUc11tTYDprNgM0GdpgzHSAD8QqK7wXtKjtLYZOzZOn/rMIyywGkg+WPRFU87PgQeUk+9TrbsRhpQW65MQdIEfHJ34x9aTY3DncmSTuZ5JO5KOuMe5rT5VR+1YwgbfqttXLUmiHtkEJVVqyqS45mrJvHZGlGOAHIcq5b4lozRnq0z8uCp63uiFV+L6rRSrFo2LTA+K5426hFs0FbRHI087dJaUJxIqrZlOET+8x3Uab+E8w1i6r5n8dl122QgalYorV4h06U5P5vXrI5XkhfMOHGnU1M3f7swBsOIO/UwfRVVPFUwzaAUlrsAfP83BO8aRwduPst2LzbhKEiov/kCnA0FJ2kdIzM/GKGt8e0HVVpksEktBAJMbCfUx8k/tscXkaobAAgbCevykx8kpsqgqua8zIJ0UwDMDbXUPqdwqAUTHC+uXkMANqzO/DyoXZxcunDckaQBCR8zw6DlvHVnbWdNsb7ovxD7NtDzQeyj7yq+kdWolv3CX32Uc9sEyF1t5JSQlO9WxbKUpKirall9Y+0JgwpO9tXMdDgrWl7qEyVrraR16LdvcFB0naku0OzkvpK04Vv51OYu2kyVX22PBbMJBjNir/DNaaQnmYRnSVriaxYtJZYHWh8dnHCN1QUM2DyubMqx+hRdC9I6pFTS0/tNVglp0Sa6QL6k3zADUUsvM2ehUsckha18SEPS6o5x5YrSbVtOTnzozJZVz5ElTmRrQ091tr3KWVD7Q/l/lPsNRk1P7Ruglvu29zgVobXA06Z1fz9vSFSYK5G8cagllpjZMQnP7CaQmCEW5UFpKRUzsW1U3cB5Z5jz4Ve4K8c4wPwpsxpnlQ2IyJYQVRszIPCjE6f3HY1dubdWuUjFGeMKBdSY4bxse+/CiL2tc0naZAIAadA3A7OcDufTorNmWBaWvAM7R8VrbgmECHjfcpxDmtRWyJJienDjU5+3QptLb+NJJBHH15c+fMRUtirW4qMLWu8zveLuPiteYrkFzSZI59Sn9a7bba2NgnjUo/I1i90DclbW4VwlW4menSsM2zbJPdgwYjM/DlvQ2MshWLySAQVur4zoCD69EdjsYKY4knk/oB0RhoysPXKcBI9f62qrb2J3cPoOHrUu/BPJ2cz7pliGVqEh7QW8y0ymZtvRbBbENDpBnkdfT5IS7hS06VZFHFiw0oLQSCeuPz4dM17tskCeVUYLKMYCD1XPr+jpOpvKJsLwiC4wPuB12Qu4IhxuvrlttQ0LxO3Xy69K6e/JUoGl3HI7oR+ZJMDYKJp5Mb7/XlE0bwvPl6cn4LDrlwrjHlSo7OQnJz51Q1rzrKX3V16oUO+JXyqyRx9ykw2JkmjJZCaQ+JLrWNHfc/JR91QIlXV1iwdwd/X+6lsnRLSWuBB9Vbs1pA0pqdfMlckildjbBzhPxV9jHgNUVjOXKsw1WXNae61fArxRex2koYJHH6Yp7Rq914uram94cRuOo5+ydvw4IkLx+5SPeMJFdk4lUp286Y79lQ8R9KBtaTBwIR3sz2RtpaUmdZKc29xTbuQIQ02GsytYHvSr1yE/sST7VD5GlIIjnkKLq259r7McE7LqPimtRLQWCHLml3VLX6u3X5pi3b7pZRMjpRy4V2+uI86qsdj6dNo1kE9Uhzbmh508Ic5d0HdK6t0XGJT6yFgJSIilm1FMlRoQO/ikDuqK39rGzoHaULjqLZnr3TumBCWfeggCjW7BCTqO5oK4xQ6/2Sa+tnUjMagq+hkG1mNcGwTyD0Q92wEGQhB9SF6VGRRAlK0ApEcvhNRhvx3Q9a/Hdfc1ZCm7UOD9iltCg6o4NaFXQ2gjUNq8/c3tylfdH922JzWx9cv8AgmmPokx5T9E8w3h1rILhqd8OPgFQtxvZpSb94geFIp607OcHjeVk8N/T8nzpfh306QcXCT0XjM5kPZpiAiqtnE+WPklte1lwaBuUIXBJ0nFPN2SdILZnffzNC2dWY2PyTVlUtHG/qUY2lTpN0tG/Xv8A4QjxKE7FVmipQANeRkXA8BbLnMuIkOPqOq0VKQ5QFwOy4gJOIrD7GoSneh6+TO/KZYW31APPvO+zen91OVqTnPAiRtPwVbjCJ+yNcAIQNPGp9iC46tR/jj1/r604FKfK3gcoqjZorGWUNk9UUGhqK00kpClb0Rb8HSnhWiljgV4ytnTZRFRpBg7j7EJla3bWmSRsufeJb3+NULCdDg4xJgGZO3xW1BtMACTU+6LimHTqKdKSZ68PeIr7XcHVh+Hk/Wfvx80p8QVSKsiNPEAAQQAOB6JniLR9TTAJ4A28zjG0fP8A3smyk6ocPMHRB5mY39ZWUN6AExQW703q1PgwEJCQOZJBUqORgAc814sqpe4NHJXQvDtEMZU8s+TSPi7SJ+MSpzAY8M8xALjz/b4KppXrGsInSSZmCYgeWY6JVS9bkI4An1inXnlt2473iQPITx9AZ5UXa4nUA5wIlb34fsZPb+/olNHMuJLfae6Jgb+nHMJ1i7zUdLzpcWhwn4cfmuIbRpGpEdT8PnS7l0oqKUuAnkM4iflymll7bgnz/DZIMvjm1G6T091w5HqPT0Vrc22uRwUqvMe4dCuLaWg6004y6hQ0L+FcjNB1Cqabxzwejh0ITK3rwZCoPEWM9tTI4ezzMPr1HwPH0Ufa3GoSnEOd+jVxG/51pdoGzd7ufCcp+o9D8+c1aY3xBUbA1FMq+cfUiSoajXRtK6ISjjJiPaqiO6c8UCaqqN8e63/vMkcqUF+QvDsge6X/AEx4URSEbmKcZPIjukbpfwJleKLDWPoqWhaN0MaGwQYkcEHgEdCOJ6ymAEtCONLXCQtIkwnn9fLrn4TUucHUMw5gEzuT+gWg4is3fTq+BXRLfEHR/VIO/ERvv9F5dbjRpABM7vHP/GZ3+AHzRi+6lIUoYjiPPFTALdTqkgmQYjc7CTEHEnjUVZOggHY+qqLIUywF3KHv8bPvD9D8igf2aszZkubyCP19UrqS7kVUCIEVuw1JzTDjqaeBABHzhN8hinadTN2rzY1aZADh/vREX+TFJns2mZ+yaUgElS4I6bikmZbSlDYioDxHThpbC3eH7ANExufeQ+VranR6qiwAaHtlaJPdJRMSa0ltBuFPRkAD7/ameOhsydJ3jpBG4+6dWeTYGNLjJPPx6pfm7MOYXDmN/UD9VFPyrQXaXEmdh0I9EUJUWdKNx7jn51MdeCLsa/2rG/I4wfUkzyVH8arbvOgVHQAZ0/YQl9CrrqOe6OIHopz9oBeSTueR6Jjbvgg+iE+pcCTwHxgVS7J0LC0jcFXwLivtTNjfNCPoY+e604ykKjgFWU8fpaD0QrVCVzq4VQubgNkDnUvUxLydhIS7L4h9JocRsdlZ1bxtPZDeIbgVrbSBuN/oid2zBKTmsIunSpII8JPtXL7hvnpns/8Aundq+DKU3rIRVvWBAKy54kij2oSh1aTxz7RVXQzYa3dDPyNSpqLQYHJ6Qdh6BItS9iseJ6zHSe8d0IgkAGj/AKZAymJ659qZOvTEFxPw4+pgfcpLeUX1PK3UJ21Hk9YEbfJbQ71KOF0zQW8du4I3BHqCiIWEEQn51H7S7OduEKBdMH+ICQmeu5I6E0pfUrUdLgdwQQ4GCI4I323Wi0eatbU/czqJ33J6meTymORug63LuDsCOhJ3j5QSlGAf/Fd8B+ZTruEGK852G1C4WmFaik+mY+NX2PoagGgcoXLUHsO24gdNtv8AfunGBDDpJdBHMqjqWtN4IgEHqpts2CnUD4p9uVehunUatCwSPhnnXM751WjWp7/w3gEOiXaY3HrvHPdNDej+EaZc93untA43O5Mp1d4sQ5jhI3LSOfgPiEPQw+mCxpnnzAT6AduEa4uSpGkp/PzjUzs/s5th7vdf7Z6agRjO0RuImQYxkszev9mHOBB7ojGZno5oPoQvFhaPjS8S09D+i85HDGmC5u4QUfqEjvETHI708ruFEtqjO1BeJ6TC5tSnDQfeHYrleWt9NV+njUY+Eq8uqhPKlcpUaXaQ3cTLiduNoH0RLd4qcUoCJpl+2/wJSTMGB70gbXhbxcpjRxzHe8NSJqeH6TgIEf8AFxCZL7U+KgCzuk/tI9/saROvPVeaFYvcB0W++8PPZuwl/wDSfe/8UNi51kHkfylGHdlBUg0iTcpfS28IBPmD5H6b9KtMHbyArd9uylS8wkx91JeHHSW/FV969zWO6iFMTI1q47eVVrsyoJ4fOpjI5Z0th27gAIHEe8edjx9VSYOt7VgJa0BzdYgAT5ocYAABnoApW7ohzY91zXh4eQS0DTD2k8j+X/qqLwtRaxwY0zppAGDI1F3mPoTtt6J0q1JSqP8Ap3ry1uHG7xxvhBMncpEaT8IzxnmaYXuMDmyOinbizh0QrCjdtBhb6lK2edTgJ6pY2zb3iSoCriLtbOFAkVyCvUc2QCfRLquQJ55Tm6pxypXMjSZHDlq2AcMGm7xZZb1jbjWmtcy9v/JUmNuIIUWwOe4BoJJOwHKvcRgnaZfzG4/lHz6lM3iEpSBU7sy4W6pfLFM7nIF7YjYgg/MQpG9w9Vx8obp2AAgRAiTKrRYR6r6bRT2rzupAz50/c9lNXMazty/OealbTBvG0gk9QSY/9Jj7E0XaXEHYQRwmj7OfRA5DGuPmDjqHfhENyl0Qs5otrYC0P+IyNjO/Tp6Yrfj732btvqmtTxC9widlIsrwYPlct4qrCmiDiqQSy74iMim/7Y4mSV9ucmQCEq9svD3riW4NFWlHKhLx87pXTvfZu39x32/qR909IruXO0tAJ7BUmEBQg7V5vtS5UyoLQfFw+3rVLTrAiQV69ok2Nx1wPMDoHY+b/wCqZVGVByEBbaQqAQaoW14842FONqT5j8PtW01Voq1vVCXNwWj3HIBty6o7S0GTwOqKhgnNJ3XaiUHRmTwgz8qaZa7ZsynJY3aSIJJG7iJMdoQ+KcWu1cJnYeHODVJcfwNMD6pzRxDPwD6LDl00lJSM0C37OfCg4fDBnJk+u/zxW21uCAHTt19PiqbB54NMO3CnnWUADSIE+kTzEIepafhcWnsdx9einJ06tSDBq442l1OlY+FdPNelU82oR1CFqXjGbNMkTHrC51SyNSl5XTH+8FGU8sD1go7lw9tHrSA7Lg4VIq4p5UfRa7zxKA1zYBkKNdkw0e9M+v5oF+S32WRcXBEUVPZbZMqFFZG6hpM7qapiST+JE5K51mAV9taMrrSe7RnjTsBSo4D5/wDK2W7U1t2GFrtbM8QmdrZE9NkBwycCiOKSkUE6jPwSfMY6P4rRuPejqPVVFe3IgLTVojqstuKbVPKgL0upg+n3pNgbyCJK6XQfTqUxvMhckyNv7B+3unj09EfZZZwgSU3lPjRkGlnWe+gTChV67DUjI17HoTI+iKs7GlRkh0T2UVSyxP8AMUUMkT1S/fFKp0Z8zQjaORo1YO4inN1X0u5Sy4vyXTP3QN3ktuUkq5DflDbaUqYwKbbYSB4qrPG1Ck0zT68hc5yjZBHoq/xO5oeWsqB4jkFR9Ya3Bv4nQqqDLhVEeVT3CP0uiZkRnrR/g/Gx/FcPMePQLpOMxpqAE7MHA6KaxFAamt4Cvv2xjGBreEkp0OOlxZwOFfOI/StIZaHr8z5k1pdbMG0Ba3WdI8hLrvKjUe0CAe8mT+WyVXOSJI822rcDtpWS+VKgAEb7dKyhpwp1SRmPeKonYamepaek8fVK8pin09nDbv0Wy1yLwIa6PyTQZKo5kOYKg/pMkbdey4kMPbApPT+voK3qfZUJMj4fOPc1zfMWM8c/ylIad/uWnykbOCtMyJJIEei5z4gZFQEdR+WycsocGg+la7UfWw2H0byARzB+x9sU5FyF7bVLtm7qWZWd0JV7g7DS0Aj/AJHrqlEuEJZTJofZ18u8JxAG589gKF/c5fuXSIHSN/j2TCzsWM1NayADvsJ9Cdt9gFTuxDmUhVGmAYLSeR6diP7rQK9FrmupjUTOzuJG2x69V0NrWIKoBG3I+XWlnb1tpzAkpJJPNEZIPNJI1ARgGMEUvt7AudpDDPMHbbqtF1ZiT06JnWzcva9oDS3UI/8AHg/NEUcY6qwvJgk8pRbIx3cyc55Zqjb3ijq1kQDG/QHyMTFR95ajgcphgcIynL9PmPJP5BHtsGMefNqdx2+MJ7b8aQwOAEb7c9ZHVaOoeAn6+mK264kw4EyRxwPMiceWRWi3tGv2aIRtPETwtVJtVrpbRkduT+aIGfZxU10+kOH6hdDKCPFE+o+YpB+6dR+xCiOgCvYE1tbgHEdEvvcMWgy0p5bX7HiadUExxIPH3W2yzbagh4Hw9VhVqxIE6SeMgilrftB1zUUZiJBBSRPQ+vwqCurMQQRspy8Yabo6dF1XN06Lx5I1fb/36KH8S2WkFhbuNzPI2/LhaQwtr9xlPPr96qs3weOhIIXExyHM9DsOJ4CATUzVu4G5DQg/3nq2Z/2/sEZXxHlnuk7aHs3R0TbSW1TzpK5u7kKTwSd+f9UztgqbCUQUhsLR7/dG3c8Kkxdm+mQZk9uiUecQlWTVNk/44FVFrZCATt+aY0aLekCUkff1CIMD4SvdK9cOfsupvWQqlHGXFZJqioYtjuUFlMA1g1AoN2ZIGyGucy5wg8La3rdQIihNsXKVzqxU54itdbC3rBj49FD2uRnnYq7yNwDuubewLqj2t/EfzK7YgLSoHbeudpuuM92pvfIjnxH1p/Sv/VGMuHnhrvoveEwzGiTue6oA2k0DU4N7TM7CfnsCUJa0a9KBPwHzplN0423qdMeQJ+VTRoVXcD6lYMRV66J+P+E1rZmi1pdSYXtAB1E6TJMABkST6Ej4phTrEidA+p/suuKda4Cl0XTV2SE6jHp6/wDYMzioR1+e62Y0OdVDg1xAnzRtx3XxYnXAENkikbR1TziQs8Z+FWNtdho90k/RbKmUd+H7/wCFixRdCTkivTJQDQtWuXbbj12PG3C0XPl84EtAZuImdJ1SOm/5rFiZZXBiB+Ck722SW9SSUkQcHnBPv6jMETROKFSoSQ0gbHrH34VTirHfzn6FYsXO7St2TQnXClGhOBj3E/nvmlHiyqxri1u0DfvPqua57dwj+pYsTdqAHSRzNA7RH/ohPPT8xWrE0B7UT08y6NiWyGjoYWLFy9yoV3spIRbEp5n6VQut6jBAMtjcHhRmaZ7Grra1xiDpa48T5m79+/xWLE13YQ4mPzekr1feWy9YGPmCM/m+xxSp2T1VXuDDTpFwIb5nb+jiNztJHAlW9ll676TWspAgHkkA/PcLFi6uA6kRuKS7OZLlsTqIAOwiPlM+tAAuNQh0B07xxM9PkQq/FWWxJ4WLEkkTcE9T9at3CihhIB4D6UQ25axwCQ+I8iw3LBVZNMN3juTsXntysWLKHlL8J2n5Uo8gJaUsb6FZ9OFIb7I06NesWim4OA9nqGzAR77dMQQZC+Y65Lv5uZMDvO/w+axYm1sIWBI2ryzHaL9sSUHKhEnJwcb8qeYd7idZIIb7sd+5KReJr4uqEk78LFiUcWVaUnblXuOzmENlStzuScknGT+QOFMMeKNS2Yah4YBPqNvmUlo4hjna3Cd9gf1CxYuXrpTpCcYrto2FJUpWc+gp1RpALcwwsWKMc06c71taidEhYsQF0BdaH0u6U3zSw78dD+ixYmLdRkDnWkKNT+QvYkoPB2YHmdyYLv8Ay3WLFa/YzA40F0BTwJ/iMesz8vnVE17gNhAXn9kdXP8A+xrHNBLRpEudv7pj3omB19VixcsVeM4/JHrUftZALO5x9ifpW21t5p03tuKxAM1aTmMLfdMQ4jZs/Udit9J7d523MfDosWIN68pw6TwrfYNo2kLUJ3j6/Wv/2Q==')
INSERT [dbo].[Img] ([img_id], [img_name], [img_url]) VALUES (5, N'candy', N'data:image/jpeg;base64,/9j/4AAQSkZJRgABAQAAAQABAAD/2wCEAAkGBxMTEhUTExMVFhUXGCIaGBgYGCAeIBofICIdHR8dHSAgHiggHh0lHR0gITEhJSkrLi4uIiIzODMtNygtLisBCgoKDg0OGxAQGzAlICY3LS0vLS8tLS0vMC0vLy0tLS0tLS0vLS0vLS0vLy0tLS8vLy0tLS0tLS0tLS0tLS0tLf/AABEIAKMBNgMBIgACEQEDEQH/xAAbAAACAgMBAAAAAAAAAAAAAAAFBgQHAAIDAf/EAEsQAAICAAQEBAIGBgYIBQQDAAECAxEABBIhBQYxQRMiUWFxgQcUIzKRsTNCUqHB0RUkU3KCkhY0YnOisuHwQ4PC0vFUY8PyJZPE/8QAGwEAAgMBAQEAAAAAAAAAAAAABAUBAgMGAAf/xABGEQABAgQDBAgCBwQIBwEAAAABAhEAAyExBBJBBVFhcRMigZGhscHwMuEUIzNCUtHxBhVikiU0coKissLSQ1Njo7Pi8iT/2gAMAwEAAhEDEQA/AFbgPCJWyjZgKDCkh1b7/q713AsYlx8QdkEYmcINgniOFHsFJr8BjzlvL5mfKeDCxKBtRS1UXf6xYgn7vSyNumLD4LEmQy4Y5bXKoJaRGjNi/vay2vTuBQXY9j1PQ4XE9FhpaVAKJZhRwG1f9aw7l4syZaULSlZLZRRwCKOTY7ucV/HkZYV1yxOuo+QsjANXpYxN4flZIfDlYSRSMdSObW/dbFMKPT0PocNvD88/FZhHIiJBARI6gliTRCqSasEXew2B9sD/AKQOLHMyjLxV4cR8zdi3Q/Ifd+N9qwYjEzFzBJUkPUq1AGnMnW/nBEvFTVzBIWgPXNuA/PeKjTexheZpZY2EyJSRElx1JtV+7+qKJvc7106YWub+YW0wRwOUBYmRlNeXZKY/s3JfyGB8sWjJ5kamLCMdT0uSPoO2FriCyyCKCNSWkOkH1JsV+1QAJNenfCidhkDHBIHVAzHVgK256cYUbRlolTVJQGFKcTX1iwODc4yGJqe0Cko77voFqrNt5mL0tEjr174mrxrOr1zAIUsrfZoBaqHJGkPelT5iOlG664WuG5FcrCFdCpBXW7oWDqNyvlPk1MAdxexHbclkszHLrVZmBIe9KAKRIysRHqakFitJ7E0b6rZzomHKAbXA9jew5U0rLOGXLGc5S5s9qasQdRuroakp/TGbO31shjo6woE+0VnVb8K9WgAkGup9MbT8azSjU06sPDD0sYBbWaUfc2vdq3NDtYxyXh0rag0M8iMzuSClWyBNiBsVXYDTQ3odK2i4VNG26KxEkbDXKbqJdCbKhv8AWIoAdPlm8xVGH8vy96xqEYNJCip2amYMWvuIcPysImjjE7brMNH2rCTwgQyRqCXrUpA1Wg62fTHh4tmStB1ZyItIoL55t0Urvvotj5vTpiOeDMST4caDzEq4mCANVqN1GmwDW1EWKx3y3D9BEv2ICEN4iqgoqDTEvKf312xUomNlp5acePg0e6TApVmAJ4Va76HUULa1A0jJuKTkgrJpUsV1atQtWCijpHlb1rYAn0wQgyrzwuUkk16PIGdd2q+mna+vU9PjgWuTyrg6pEZGBB8LQSi3rNRxq1i0B29Md8vlhBRR3XVJHGmt7Rwx3KkqWtVthRo12xjPKwpDcXblvAbSgPfA31ZUsotpfuqXPukLHJ+SLZxpWMreApjlMhB83mB07k0WJ26eT4Y4cazEa8RhkVqHiKTXbfEjlnONDnJYXcNHnJZJEI7OSSCBVgMNt+4X1x7xblCV5tamt7Br0N4Mx6FJWkqayTSzN7eMZDMQOIiB9L02nL6SdTSyE36KugAD4tZ/H0wkcq8GkGZgM0ciJ4gI1LWooDJpF9SQtV71iy+O8pfWGjbM5hY0RVQbbA6jRJIPmZmA6G9hiY/KWSRKlZJQbtqDE0pJJIUV5R2+WM5i5hUFSxTW/g0QnKn4jEzmDNxQ5KXxJkNJpjMbU1gHSARXmuiPff4Lv0bZtzHLNLNI12sZkZmplUAFQTvfisDX7IGGbMcK4dCitIV0/dXdn39BV0cdYeFZJt18UdjRce+9HrW/rRwAjZwThl4cksq5AAYUcAVAdq3ckmNziQV5yPH5RHjz0QzU6FxokCyHfu3QV1AAh+BLe+OfDOOpN9ZbWpUvpXc15Tvuva7PvfocS34bkU6vmB/5kvsOzewB+FdsRo4uF3tJKCBX35ga9OvTb8sUXsmWtKgSpyEJJ16mWvM5UvyiwxpS1qPrG/B+LxCMWQyvmGYMOmnYhgRsRYry3V+mOXCeMxFDqkChMwZCWBrSsjm7rp03O2/XHeOLhe9SS7gk+ea6HUnfHSLKcL1Bg8gY2QS046KWJsnYBVJvpQxE3ZEuZ0pOb6wgm2jmlNx1ffeKpxjEAM4YX5N5RAyfHoWEhDrTsAuq68rOCdu21i6FEHocK3LGSTNvmZJBJpExCCNgLBJ83mVtq07UMOub5a4fmNmSWUJdFlmYLdWQSCKO24NYj5Xl7KwA+BP4StbnRKQCB5Sxo1t0vtg6TIGHmLWx6zO/AABqDS+p1iqpipwASHbdX3aKs+lJlbMjRZWNBDZFbx6lYel/9jDpxD7TieWNba0avh5v4YK8y8h5KdY2afwDuzMpBMt+bU2onfqde92L6DHKfKBOJZYj7uoKN72oqN8Wmq66Sd8UQBlI4RLyWbK53iNAWmuTfcbiMix6bfvxM5peTwc8Iow5+tKGGgtpU5eHU4/ZIG+rtgBxDg0s2fzbRZhoRfhso1ee0jNNRHl3voep9MKDcWzALqczP5j5/tX82wXzb+bygDfsAMFKU0Zy0PUGLc4xl5JpQkcghdM4oWQLY/1cSHWuoa7+5ZPQ18dMllhE80yRiN54stLJGRsHZ5A5o9D/ABBPW8VfFzBKBvmJmsgk62PmHc2dyABR6ivbBTLcww3qlmzbMwAfzdaNruGBob7G+vbFc8SZZAhp578UZPMCNAw+sOJDpvQmgsXB/Vo15u14G82F8xn8giyeEXiR1cb6WZibAsXuo2wFj5ii0srz5w6mN+e7W68wJpiydb79qG+g4xlj9+bOE0ApIQ6ANJ8u+1eYAbje8eeJCSPHxgxz1y+ZZYHBjjlkDLMSdAYowVXC3dsNwBe1b0Lx34ZwSHLLTFnZhRZibPakH/fWiThQ4vx4sQ0U87WDqExDVv5QCNyAOt98ccpzFInqPdaPsdj29sVN4sEkCLd4DwsRqrxWPE2Zbugb328u3Xp39hgXyfCRxBiSP0S9O58Nent1wJ5R5wLyxxk/fYq19dwSCdq67bfh6l/o51SS+N1H1eEk+7RIevzP4YsT1SYxVRQhn5qVyiadP3u/wxmOvMKL4ShgCA21/A+xx5jBo0MVjyNkUGQWVd3eWnFavuGTTt+qdxudqo1g3m4yuXmsaah79KLxkAeUb0T36nCryJnhFl2IRmNoxIKjSQz1dut3q2q/fB7jfM4aCSGRG1Oq6bAIFMrWadiLrpXphrh8PMK5bV+HuYG3AQUjDTDiEtX4S+6x8IW8tm3ik8sjxak0kq2m9+/446QZFhfhuQD1sAj8e2JHKXMUeUndzHrUrpu/Mvfy32PcbYbZ+N8HzCtrj8NyOyaXPwMdgn2JrDybPXLmH6okFqir9jPTnD6diVS5p+qJH4k1f3xaOue5bgk4cGhXS8sceprJLWUY6t+tj8xhdl5HtR9qAQNg2kgUbsBgRdbXXQnBPgfHyvDnjZWBiZPMehVpFsethidq6ViNnco8usoCdQNULJBIFAd92A+eOP2ri52BxLAkmod6tcaF3DXhfJ2d002YicpmNzV9xuNGMF+G5R9PkniZ9g7EiQMQW3oEUaIHy7YkHh+ZO/iJZO+zeldNdYr3h8E5zCogtv0ZBsAEEgs3wNkjrsawTzsKxPJ4wfw1UqsjMyyzzfqrlolYUoOwJU6tt2FnCafthcleVQckPQtq1jq9N/Chj2JwMiTQKruCRTtzAcobv6FnFHxF+Qb1v9v3x1ORzX9sPwP/ALsIwnohW8QSUPJ4bhjt1C6dRXY71Qo3VHG0ObsPtJ9n9/7OTyf3/L5TW9Het+m+KK2uv8P+Ls3W9YJ/dcgD7dPcP90O0vCp2FGUEHYigQfkcRDyr9myeTS9BgEWjW++3bqPQ4VJs2Rp0pI2qyto6hqBPlJXzk7BQtltQrayNTn/AD+GEkMn9npIYd/ukAnbexdjEDaC1mkt/wC9pbd+UVOCkJLdOOxP5Kr4tBY/R9CDahVPUGhtg9kOHxQskmYnVmjJKa3FAkAE6dt6A3wsQR5klR9WcA+oP8sGudnkEsa+E5UAW1GhchHpRxr9InBKl9HZvvO/lZniokSJi0yzNcHgzd++DWU5YyXiDMpGrM1Or3YFDy6FHkAA6UMSuJSaVxvwZKy8I9EA/djhxeIlTXphmqcqakKUXoO6FCpYRMKRoSIQJuIvPm44b8nioTteyur9B8MGObspAjxzRTKdQYNsfK1KAQoBPS+vQ0TtiBwnKSQZ1Z2jLKrWQDudiNsF+apFzcyyaZVRU06dK2TZP7RGmiP+xvEiaEoIUYidKJIYQEjzJkkCkOoPYrQvu17kDQCR3rtiXFn7sXuo82+kLsrEtasuksehU7jZrKpj1MuF0lPG8v6pUelXY3NDt3NG/UfmuHs2oCxq0jUAQaTSdRULRlJX797AnY9cMDjpDKYl2pQX3GkYYfBrzpzgZXrrTeKio3axMM7Hw0AppGYAmgQ2lFjtkVBQkJQ2PUdgcb5V43YozyqgLGMpp3WKNnZzqBALghiaJ8w7AY5nLarDKK8ExgDWKuTxTJ+jPmLEbdNuvYbTQ6m1afDqwAA7LRjSIoQAlpojArY9bNGgPNxrKJTMoDTfbLYDdpZyTDGXLw+RlyqkEFtOtmDEl7kB3+FIDsYk5vMeHr8NWLxzRqyvZdgFaQE1SlG0HYKDQ98dVPiCZYNlWOtKJTSAp1KogHmdtX3ug0has4HypIdxmDGSbtcsSQaItWd2daBIADCh0rEHMcMkkoPm3kA6BoZCB8B4tD5DA6sZJUevNVXchfIfhEapm9ElIkyA4sSoULgk67jYvUuolmN5lFAmRpFV90iIZSCvlGg6NUlFVexQUMd7J2K5InUZFhdtUWhlK+U3IZGJMujUGXynyjoaA2wBg4jLDEscABIFG4qv3vxLH4H44n8P4tmnIDhSDswJcAj2IQlTv3se2Mpc8LqhLf2jep0ABHbvgabi8etLEADgx0A1Jezs1CTviXKCnE2R7+0iQId9I3YEel6d66Fq7G8cOIcBk+sQNEo0ROjUT2Qjb8BWD8fCZJJIZWpfCBF2Dr3SjQ6CgdvXBpkAwVO6+WtoElOnNxhHPAc6s08qPB9q+oa42JA2CjZwCaUDpW3xJCQ/R7mlGnx4T13aAE7nUTfrvXw2xaRxlY9mUbmJcC0Vev0e5na54T2/QD29/b88Qj9EsxP+t/gn/XFvY2rEF98TnaKdb6JJf/rD/kH88bH6Jpf/AKw//wBY/ni2Js3EvWRF/vMB+ZxDm43lh/48PykU/kcUK21jZEuasOlJPYYqnN/RZOosZy/jGP54OcrfRtEYS2YJnfUd1YoAKFCgR8cNc/GcrICgzERNdNYv88J/B8wy58uptYj4ZFkarv8AGgx67YX7QmtKJK1JG9JY9/prFghY0ruMS4vo/wAsJbHjIUIIqTv1B3BOxGGngHCxlV8OEUDpBuiaUBVHyAxKzGcXV5BJJvTFAp0nYjUCQQTewAN4IZQKRY6g0QRRBq6PoaP7xhR9D2wmaAtahLcVzCocaAmpf5xAmyVil4h8w34QoA+cdSB2b1xmOnGACguvvd/gfbGY6l4HrFC8GzJiUDWqdCQyudwCvURnsT0OJ/1vyhPFhKhdItZdtqveLrRw6/6Poa2GOrcvR9wOuCk7RnBISAmjD4d1oL6dR/QflFanKr2ljP8Aib+MYxMyTIg+9Hfrr6/8GHuDlqLewOuOg5ai9P3YK/fOM4d0bp2lOB+IdwhD4hxRBlpo9aM0jR1pa+j6jd0e3p6fKxuUHi8KEsQ1xbrp1Gzp20iz+oDhB564KUQOijSu5xI5W4m8Ij1ggBQVYgjsD17YQ7Txy1zBOWkE07g1QN7ekG4VC8XnU/WbSj0YRyOcY5rNLD5WdjpYbaFNl9PcNuoHpd9qx2SWFZlmUSrImTGWjLCFvBYAjXRmt26g/E9QTQ/JZxVaXM2uhnohmANAnpfXykChfwx3zfALlaRI8swfciWHWbIAO+tdtrHcEn1wmxuHT1VrV8QUKUswLk6GrCjV3mNZ8pM1a8qCSnLqBccRo3a7vG65gCB4jsxRUV/Dy7DwwSxj8IOqICTf3nvu2wA2izKGxOrZi80k9OYFKlAqEArJpclVAA0qKu6wNbgj3+gyVDt9X6+/6W/341i4I56wZPY3/qw32IraUbb/AIgYFMiURUjfoK8CziwoCA/AkRj9CV/yj/MP9sHoc231hZjJIwWczECGAa7Qx0dM2vVofSHY17CgSHbNDKTRuqomkMQosDSxalJW91U6b0nfffE7h/DBES7RxBnAWoIyigAs1kajvvRPoF+fLi/C45NJPiAgbUPX2rGmDVLlTXNjQsw36BnubjupG37veQcoZRahIIvva8E/9PV1UYQaBu5GP7JreL1YdK74Pcxc1LI6RiPdxV6j+3Fv93c+cGtu++EGHlsFwfFeutmLbdgdzqHcDE3nS4sz4oksLK+ldHoV2u/QKPkMNCuRMlqQh68Dxa4gWVgJ6ZiXTbiOHGLe4Qv2EP8AcGJEkN4RPo+4pJPAzyGyH0j2AAFD27/EnDRhbiNvHDzDJ6N8rB8zaDgYym4XNMUc2p04xNbIr7Y1HD19sQ8YzV1wMf2l3yh/N/6xT6GfxeETlyC+2PG4ct9t8Qg4PQg/4scs5m0iUu7aVHVidhew99z6A43l7cmzJglokOo6Zq2f8O6tdI8cM1Srwgl/R6+2ObZBfQYD8L4xFmAxhfxApAYqH8t3ROpFNGjR6bdtr6ZziKRo7M6qE2YlgdDHoGVdTgmumm9jtgg4/HZsv0U99P5my+MV6FP4/L9YJScOXsB8zjhNw4DcYX15jUrNKp1RpMqRabuQMD1LtSnUVOqtumnfBHJZ6QsqSRGJ21eQsrMNNENagAo1kAlRup6g3gnGTcTh5aphlpIG5R8HSPndoiXLCywJfc3b5fleFDmGeeNjQdU281GvTc9OuNOD8VvNxMys+qMgsztWwAAB1DSwq772cOnMf+qT/wC7/iMJX9HRXEoLglCK7NpYkn+8e/rgXBYtU+QqYaXoHNt1L86QbmVLlKy8Bbe/EHfaLHlzhRApl8Mkbaje/cWwJv44Sc7xTOazpzDEdtLkA+4qtsG+W+Hx/VCzlnjVjY6ljYXr2A2AquhJNY75KHItmIhGvmZWDROCV6ar81rqGkigSCCfTBuFw00jrTCU/dcsopJoVAEjuNtxpFcBi0Ss61ozU/ACx1ckuO6m+FmLP51moTOzMaA8Rz+ABxORpwCss86OpJZB4nys2aFb/P5mTxLgyQCSeWQxgyMscaUDp1HSb7DQNVV0/DDVw7LxwztFqld5YtRaQ3YQ6T0A6ax274MThVKoVEdsH4vakkJzSwG4JaoZ6kEMAd19YUNzGG8WZhVkqrFR2+8SKN9iQfh3ic05eSGJFlMtGS6LWpQA1e+5sj0Hxw28GzkTQ5qNINoixMbN97qQL3r7lX7Xj1VTMwZEyoNJItW81/ZudJPfzIL9a98TLwdGUsnu31agrujAbTVJm9ZJYE3Z7Eptal/Awr8r5ZWiaVoUk1N9kNmOwNsAdgLoeu2GrKcMVgGWOONyAAKsr6/O/bEyeSPRNHriEiBggjBDRgr5Q1WQfhQ9BiZlM8smnRS+W/CkQowo1Yuth0sAjpR9SsdLTilU6qfwg7gwrQhhuua3hCrpFnPO6xcly9XrVyQw087Qh8+8Hf7KOJNSlgjtp3UMQAG6UDv5tunY74CcOsZ+ZQTXjgnp00v1vfqB036e+HGfPNLm5YASApLs3qEAVUHpUhs9Og674Ssmf/5GT/eL/wAsmOfxuHlScMtMq1Tu1tvpbsejw1mZ0oRKWGIBPfZ+LDubV4Z3ZvHjl0KW8JSPJqNkEEtocPt0B0n92HDJ5RYowAWOqyxZixJ2FknfoAPgBhNz6Albs/ZKD9gsgFu6gklg25NUv77Aw4cMhIy8SkqSEG6kkHobBO5w/mkr2ZhlPpLDb2ynwr/M8c5ISBiZgbeX8PHsjnxDdR33/n74zG7LZIHQYzGAMHFMIvGOO+ECNg2k6Sel1tfteEbN8wZvcPmCD6LS18wAcHvpD2QMpoqQQcIscjTsJH1kk3qv7zXdkf8ATEHVzDrY3RqUUFAJuCat4W7dwie+ZnJB8diT6se/rvjRpJu7t+Jx7GQdgu+OaTPXQnf0xiAmOtEmUPu+ESuH8OzGZYxpK7WCG8xIA6G9/evnhlXhfEA2/hOmkqVK0K6XY6H3+O2CP0YZcFZnrelA+F2ffqFPyxx+lEkwLFr0sXFCyAw8wKmviDvttjdGDk4hSUTKA0c6OW5xye1sWqRiVIlUAAtrR/B6coGZblTMhClR0TdbntRvb2wSj4PnR3Tauv8A+uKx4Xy7mZiPARns0NPrWojr+yL+WDJ5H4r08Fhf/wBxRf4thvM/ZqSCRMWl+LeqoVK23iVff990OUnCc96R/v8A5YxuDZ7sY/wP8sJmc5b4plU1SeJEpvfxxvSlj917vSp/LBT6Nos7Jm1kM0jxRhvEDSMRurBdidzqIPyxhM/ZuSiUqaMpSPe8x5O2sSS2fy/KD44Tn+tw/vx5PwzO7ebL/vxp9I8qjwpWUsqeVwKsBiPML2PSt/UY4vwISNHonBV0DLY00G2AYftE1t67dSAeemyZEtYT0QrYsb7qAsTxbg8P8JMXOlhasRlOoyW7Y4E8QiOqMoWHdTY/Lce3TC/zRnJJDTx6DZY7+vX5fL0wzPyrNl5UK5gBr0hafawxogqBVKTRI2qsAOaT9qcbdEhFgze/f5uIznYmYgjKsKBF8rFh7pDj9FS1lnB/tf4DDRxriAgheUiwougaJ3AABIIHX0OFj6MD/V3/AL/8MFOeDeUkX1eJf8zN/wC3HOIkom7XKFhw5LHggnzaBJizkza08TA/i3NpTKQ5iMKGlLeRyToCFlO66NRJA6igO2+O/GuMyVmY42KPHJAgIWiPE1FqcsTvQ2pa9+yrLy3KwzUarLKMu4iiVQW8ztbHyjsqm+wsE9sNGdyDePmGYxqJM5E4LyINUcfUgXqPoBW+OvlYeXJHUQE8gBvesAlRWQEknxo4ag4eLx5k+OXmZoiSz+O8nnLHTGiWyoAwt2CsACaHWjjvx4u+TAkAuSSHa7oF3oE99iBeIWTykSEP4hMi5tswWiiZgyNQ8Il9G9A79BqPXE7OZcNl1jlUVt5Wl0Hy3pB8pLWD0FH43gDF4mSMTKWpQpndqlylgHAJavlBMuTMTKKSlj1blt5LAs2/TdeBvHSnjZ8kqE+t5cX2AXVfsOp/DG+dzAZZ5wC8cmfQgqL1hdJIX9o7kV62OxxJ4dlo9DRJ4aRrv4SQmVSbUam8UNrboAewBqheJ6ZWUE142rddQk8IaVulChVXSeoUeXfr1qJm2pCCzF+ICeLuojf7pFRhALrGlnO7kNHueDxBuQxTE5aP7bMFvBzZ8Jiiqg1IWZdJskarPsDvjvy3lymhAwYJrLFSSi69FRoT1C6bvpbNXqZeV4QysDohAP3urMem1nbBhEAFAAD2wj2ltvppRkoSGOrvrwpcPG8qTLl2cneaCzWrpS/N6RG44oOWlB6aRfw1C+4/PCJxaRUale/s3pl776h7gjUdsWLOitG6sdKkUT0oWN9yBhZzPCYEnACqV+r6lLaW1Mz0TRFHyj06XWD/ANnysYcFLXI79DwNjBUmZKTLmdI51YUsGd9CHenbpHvIWZzJy7SQaGiLbRknUrClYLuBp/Wpje/ww1z5wKkEmZCJL4oCjUDpLErse1xnfsLqz1xT+e4jNlsxN9TldEJsiNFKbKLIWio32sYm5XmYtGTPA+YlY1clEVtQony+4AGHq8QJaD0YcigTpfQsbCgc7hvMLFbIxKEJUhBUC1qqYj71X1qe9rw6cx8x5GYZjK5iZFArwpEt+q9RpvzK+oEDsR6nEHiXPUYly80CO5jQrKGBXUr6SdJPcMl7jf52FPO8Y8QUMpEtdyQQPwYN8rx7JwydIzP9TZ43Iq3NKNugoAA+pB+O4uJeJmKqtIBpYhXkQPGGErZwQkdKheoAOVIchiK1qzsAbWhn4fzM7Zl5splR4cgCSxu6x29sdYIsajqoiiTe/UYMZnPylBHL4WWUsZE0MS4IJfbYLQPqNxtW+EjI8yr4serLLHHGdqrWNtqtgOtHp+/ETmzjq5mRfD1LpBBJIAbp0XzV8dv3DEKxQVOEspKUVdQIz2LMxKBVqOSxuGJIh2Zi1rByFJazOKUDqYF25dzQ/rxzMzKyLLlwteaUKwsdNjZBY7/dBHXAleb83ADF/V5THaLIwaxW29MNR267XXzwnTcbkaFYHkZUCgJobSSQAAGOqtNe12BjMrnXiDNGW0E+3vWqmG9n95xjKmTR8S/JzxNABy8TDSTsllETZTp0Ad31c8tAIf8AKSWVlFKdCP5RWq28OW/Wz5q9fjhWXOeHxFvKTqkRTXUWG3/HBPh3HFlgkVixZVKqGG3WNgep7odq+PXAHM5opxElbtnShXUUxI+NdPhgfGpCpSgK698ZY2WUqSSG+Ia2ADXA3+MWDnIFYKG+sm1IJiVZEoOxGuM2eoBsDsPTDTkDcMV1fhgGhQuluhQoe1DCXxqEHQx30symlViCSHA2kSQGmulPTth4y4qOOwb0C7v0Hrv+OGiR/ReGBoerRmZm/WOTl/1hfv3rHECrFd7x5jsxxmM2gx4p76Qz9lhN5c4cZzHGDTSNoskgDQGk7C+xHzw5/SEPsmwp8qaPEh8RyiCQ6nDFK+zevMKK2aF3jSQnNOSN5HujQdg1FEqcsXCFEezDRl/o0mDL9uN/9pt/+H5YIZfk1Mtkc4ZljlkCOyOUBKUhGxYWDYuxhoyHD4lSNoR4t7gtM7g9+rFu+FHmPmOSP61l3gUeKlA+NYQFdNgaN/WtsNuonrOwDX5tYkwuTNxWMIkjrGpbqiw3sPODvIICo1KPM3X0pFbb4k4XvpUfeL4nvXQHDFyKxMKMRWqSQf5Uj/lha+lRqeLfprP4K2EmFzZUBV6eYhrtVDYpT3byp6QN+jN2E6aTvrND3MMwHf1rscOHAOCQ5qJ5pzM0wZhJZoit6HqarY99qHTCd9GUlZhf78f7yy/+qvnhi4nlmkkLRLnJcuj1K7Pu29EKNO5Hz9wuHv7QJAxblL8O6utoC2IFKlTEoXkNOsCx16rum70D1LXAMZxNJDw4atYQTSCLxPvCM5eYL3Gwb/ptWI30YtUUnuW/cIv54l/VCMjKQGRGzA8NWrUAw0ea+hIat6/CjiF9Gv6Bvi/5QYvhj/RKxub198oG2gB9PWQddOQOhNta3eAHPchM2m9q6YcOUWbWoN0qiiX0aNWs0GoFRTO1ne1A71hJ5vN5sD4DDhyYDrUhlKlULF6AsrteoVpot1vqAN6rm8R9mGB+JNr3B98Hhvgh9Wv+yfNIhr5hUCUA2aTysW1Ht3+Gr9/riqubIftCRi1ePxlsxW1eHfl6ehr23G/x9MIvHOBSO+xxVfWJ5nz9twjIlgh/wjzPs8XiT9GcwTLuSCbkrbtt+4Yb5kMgBRihve1Una62IOki9iKO/vhL4HHPlYmRYo5Az6jrv4bYIpxrMg2MvADXUau9fyH4Y5zE4HF/SFTpIIOhBA0beCOMaialq+TwVk4dI+0jTSb1cs+1d6AB9Md4OEhT92ED/ZSyfmT/AAwGm49mxQMcAv1Lfzxp/T2draOE/wCb+eMV7P2jMqpI7VP5kjwixxYIYrLe9LQyDhqkUzO1m9yPQqQAAAAQT0xvFkIl6Rp+F/Dr8/xPrhXXjueIvw4fwb+ePG43nv7OD8G/njL90Y8//QHlGfTyd/hDjYUH0AvbA+DiBkkCoRuOmxN/Jr/D+OFr+nc/+xD/AJT/AO7Gx41ne6Qf5T/PGmG2PiJawpcsKYg/ELC4sb2jyp6CGB8IcpBoJ8RSLbyKBIfL6mjqu+puhj1JIi+kFjbVfm3o7gGtBNCqA1YSpuK5tvvR5dv70ZP5nEbM8czSefwctddfCN/82H5EoWwaf+3+UCBCj/xPOHji06xwSsVNLEzFXVqNWejbkEAA1ha480fEPCkj8FFVK2Iu79NqAra9xZwurzpmnbQ6QaX8rUhuu/6x7XgFyrKI0zMrReKsT6IoyTuzvpQGtzVHbDfZez5U/DT50wGWkKBCQxplSGoQxKq3F6vEKx8/BzUCUxUxqXo/ypbjDfleEFQy+JAdVXZBO3odW2NsvwQDYSx1d7lT/HHTgkuXkiilEI+1njidGLfZkkq4XzbnbULJIDD0ONozlV65pPfyN2/jt8/3YNTgMAaFZFrpGofR7awNN25tf7qSp3dlbqVoL6R7Dy/RDCaL4MEI/A9cM0HEMzWk5jLEHsyivwDDAkSwwFJTmggdfKFDHWvqQACm+xJ7jp0xOzXFckhqSSPcKdNFgQwBBBC72Nya2vpjKZJlSwehL9rP3A9npFU4/Fzyn6QDrvU3eR2tvDPVouY5SWZi5aFWbr4QoH3pnaj8KxHT6PYWJ+2s960bfuxN4rxPK5USIvhh9rjBYqO5srQBI7dx1wx5niyxziAGOOMRM/pWltJ6bBaB7Yx6KWQC1ddYMTtLHAMJpYWuKctPGEXiP0eKCD4tBelqMeQckeQq0q0Te1Xh4yvNeTKtc6lRV2D0Pej1X3+HqMcePQa2bLRSRx6ls6RTKCQNQAofeI7jr3xVUlLdUOffukaJ2rjUnrTSBq9TT5RX8/CMpBJGj51hrNeVFNnpWoAgenTbA/Pu0WbnZQG0BCLX0vfaq2s9v3Y959fVnIzFsUZRGAANJVtI29bA64ZMxlx9ZnIcIdSb7f7frjLb2GkYXCy1CucVfmnRida33NGEjaGJxSlCeonKTQ6XHp5RJ4lEWCziNwxDEq2hkA0IzMFkWtRUDZTvoY9QcWBD+ij7+Uf99T+eFdBFOVjYlmXbVG5X7w3ohqboBVGj6XhkysY0x0+oKhX3NECz03FUdupxjhNpJxeBlSiolaGdweLMTejDTeamBBIMuepQFDGzLjMeD+OMwS0bRUf0hfoWwp8kyOs0Zjj8RhK1JqC39k/6x2FCz8sN/Pq3C3wwpcKfQGeJvCmisrIoBolYwtqbBtTMvTrXpePSVBMwKVYQVhlES1oAqpKk9pi38nmJZAqvl5k9SJY/zSUN19sIXNPAJWmmaJJXSIKWZpNTdLIGo6mob0O3TrWGleEZlxG0PEJVLKHp0jYbi9tKrte3fATmqGbK5MM2ZcySv4czAjSwKvVWo0+VQCRR7XhzNTLMskkEfhGZ6V15bzW8AYCdNlYhJlsFWdVq0r39mkHOQ1rKwf7yT/ljH8MKH0ugkxAAknVsBeHLkoFctlwRXnkHzAUH99jCn9JG+YywHUsfzrCbDjroHFPpDjaywcQtQ/i8FK/KAnIysuZUMGUiSIkEVQEsZN2Ntvh/J44tw+5pTmsrmZ38QmNkvRo/Vohdq9O2EDgOdvMGWQoDSkarFkMmlV8rHVsPShZJ2w3825TXK4TKyeLquSS2ZQSbOg0pI36kAdgAKOHn7SoV0iVEdlw7DgX8IE/ZwkzVJBIcVIoQHGoUggb2d6Ujfiip/Rub8HLPAQY2JMhYtUg9d1oX+OIf0cfoG/8AN/8A8/8ALEuHJGLLTssLhFi1t9YhapSpBC7SLS3vpF3+sSNscuRHuF20hdXiNSigLMewHYbUB6DEYY/0SsNrw10sPCkD7RY48kEm1yTpvKlnvU/AWhV5gN50HbZl/wCYD+OHzkVLIayU0xgldFALGoOrxPKFtxtV3VdDivuLsTnLAshl2+Dr37fHFg8neGCAdQXUNARdywEVL0NBgCT8Nqs3zc5TGX/aHDQ+rc7awywweStt3qn3yd+LbnEBzDDfaM7GtrKHt+PzxGOTBLfH+AxM0f1mTy6aRdvjR/647lMWl1zHir/MYHnn4R/CPz9YBZqEKvwOK75j4tIJAqMQLANdcWfxDLWD8f5YReK8ou7llbr7YhYMVlkA1hc5py2VGZjR1YWqWQVF2wLElh+ySASasC9huT5XywEa6ZXRPKVC+GRuCZWJGryJ5b1Da/UEDpneTpJGWR9JZAtEFhsDfZuuOsPK86oqh/uhQpttQC0QA2qwoYXp6X2xaWcoDxqJiQtzUV1b2IInJylrGaPUgeVWJrzBhYWlIfq2m9Q0lrx7l+HlmDtO2ox6gWRAAg/WIJodAABZNHfTRMV+DZkAWImVR0KihfWhVC+9ddvQY8XhuYH6gbYqSXskGzRJUkrZujtsNthiTOG4++6N+lkkMxbn+r0Yn+IH7pABuHKjUF13q9AB1DH0H7DCtmBH3epBnNRw5WLxJTqY1RIG3r18u49cKeUhzMb6xCt1+0B2rsgF1361t6Y144ubzcZjlSlO3lYDp8sCzDmWfiykM2Y9pqXBs0ZrUg0Tl7gPIexSG6BYZ0VopEDMNWgLGWG4HQA7e/Q4W8rkg+YzaSSM2iPyg7KCDX3RQBI26XgHBy/N9kBGQyMDqDdQDewJ8p9xhj4TyzMs8uYkkFyfqKOnU7n59vTE5VkuCW3Evw3nyEVzICSCz8AH5UEJ+fyYR7HY3+GI0JjitBKiq0yzKxBNmIkhSiglQWJOo9txeLDj5UVyS++Ow5Gyo6x6vMSC29X6emG2zsUcPLWhTsrKabwffcBAOLQJikkaP3H5wj8Ml0swd0EQzUeaRl6Snq6prZSG2UHVWkgg1tiRk5Y4hADPfhCayAnm8ZSoI+22C6rN+lD1w4f6D5X+yGOcnI+VsfZ+nc/zxKZssXSffdGTKOvvthSy2Z8IDwsyi3AMvJrVHDjc6lAlGk7kUxr1Nmh5Ll4jHNGs5USRRRrYVivh6QS1SDUWq9gKv03w5pyVlwbCkH2Yj+ONxyflxTENYFXrbb9+JM6W1E+J3NvijTPxN2A6vuHnChnYjKs0EeZVYcxN4hV0VnVtvKrCTfYbCrodupl8wxnMZia9aoYGiDCiSzS+JqUBv0ajYliuroO5DIeTMvvaHr+038/XEr/RhKA8Sah0HivQ+WrFTMRu8YhImantbz0eFw8KlnjllzEgdzl/ATRGEoWCrVrbUwcKd6AAO29gfJnHysJ8aa8w+jU3VQE3RE1dRa9erMSeijDfPywK2lmH/mt/PEPhvI8OstKplBvaQ6uuxO/etr64lGIQhQOV291iJklcxBRmYHw5enFiXZiq5rMpPn8q4CjxGjJ03THxDvv+1V4hc7xa81JYJFUaF9b2r1rD7lOR8pl5fGQSEp+jUt5Y+uw7nqfvE4SeMcJnzEkk0JvTKFMZYL4mnS21++3zxjtTHyh0RKmCQzmlT38o1wsgoz0uXpBTknh5jCJQPi7g0Lb069FAAO93qFbYtPLshCaaPlIv13FkeoJ3v4euEF86cspNVIoCxRnppbctY2DAdasDbffBnlTjokKxAhiFYk/5aIHUKab93wxz2zcUqbOU4orXlWg0oTWrtSDpqQzjSGaRQcZj3GYfZRAuZoqPnxvsW+GAHKEKzTpG16Glo13KRl9/YhSp9jg39IH6FsLvJcjmWEQhBJ4j+ZgStFOrAEEkIZaFjfTvWIlIC5gBt+sby84QtSLgHs4xYeV4fl55IllizeqFtMRkiKqAp/VZEClG0j753B98AubsjM02gRzvlRIrOoDMgUadRHWqXX09sOUPGYVR2aZKhOiV+yOTVH/Ft7YUuZeYs3l3aFzAYmKgsEYERyWur9JWoaX9tge9YdLUW65ITbWzh2pYvUavxhfISrN1ACqvu9xpDXyWbySXV62J9j+sP8+rFffSbNpnhIBNE7AWTuOnvh+5IFZWid9RJ9msh/8AjBPzwkc8+bOQjbr61+sOuE6VZFJU1mPlDLFJebMHOEPUV37jf5jF053Ipms/JFmTJpChoUGyla3O/f3HuL2Awh8b4crgkrR/b0kD5lm8w+P4jDTxfjGVmj1jNZgP4QAjQkKrAVR2oWRZo79cN9sbRlY2VLUAxSS6TbTWx1bXhFNkyJkucpKXdQICkgkg0LgCo1B4Eh9Y94hwwQ/XosusogGUcvrvT4mmxpPfy/P73asCfo/kJikXalSx/iZ7/wCXBLlpYGVqXMmZ4HVmcAoLUkiwdWk1tYq671gL9HrfZz/BPzkx7BMdlz+aSODn9YptRKk45IW5LAEkMSwIe5d2vC7nH/rbEdR8fj2B9PTFjfR/mxI8jRmUrrkA8PRqK1Ab8/Re+3m6e+KyzBLZlwOpD/8AI2GXlaB4ZkVWkXodJUFWHci6KtV+ajte43vnp5bIrcX8Cnjv76Udwwkj6ojf5ce6LZyqDxptm6J96if1ruvfHuYl04h8A16XdxRZhW1Egb2R8SR8APgBnM3FxEhOLILIfeSe8kwNM6y+7wAha5xz2e+shMvI+h1WlWhR3B36jpd3+WFfg/Gc8Z0qd286qVZtQNkCqNjf2wwcCX6/4hkbwwhAB3Y9zQFgC++xOJGW5WK5jLvG3iIHViyjpRJII9Dp+9/HbGRztn+67O/Z507YeYabgeh6JZAmBJplO4kdZt2j1I4xYiZcbbY8GUHSsd8zIEW8LGW5oaXNiFaEaqxY1uSPfsBicTiESJZWrQPHPS0KUaQxjKD0xoMlXa8doc1TCxakWPcbURjtmJwT5dvXAEzbGGQklTggsU0fmKsRyNI06Jbt4xEbKj0wOzmbhj2YgfHBB5z0J/64jcd5Wy0kTvLGWZEZgfEcUQCRsGA6jvi2D2gnGEiUkgC5IDVtYmPKT0bZvCBfDOaMm+q20Mp0lSLPbfbt2/HBE8fyv9qPwP8ALFP5OMmeau7sN9vTvhp4VwvWyxqBrZtBL99rO2xsLbFBRobkWMay8TOUyUgae7x0mK2Pg5IK1qUNWBFB2h+W80FYfI+O5X+2X8D/ACx0XjOWJ2mQ/j/LCZmMnIkcsw0UhKRlkDtKVJ1FEI0LGCCQ2noCboWYGSz2bkkSFZpVdiAFEjoBfeloaQATYHQHG6ps+WwWm+4dn4t8L5eAwk5KlSllk1JKm0egyF6VIuLECLE/pWD+1jHxavzx6+fhI2lj/wAwwpJm87EkjmdXjicxkzOXWVhsVS1JYhgVO43B32Nd/qUGeiLwhYsyv3olYAMavYeh7MAPe8WVNmijB7sb9jFXi0YJwmHbOVHJQFSagE1DgpQebZm1Y0g5xTmLKwKGeUAE1Y82/WvKDhW4/wAzq0+T8OSo2kvUNuwHxuyMKvHHP1YWT94dfnX5nbADiMmlcrXUSE/vQ4zl4pUwijfKCMfsaXJwa1pWcwoLNU5R7eLx4hn8wIFERLl9Wpl02BYC1dbH1/LtGHG5HG8DxkdWFAD5Gx/w7YW+DIJwwhzWWoWWQyG9upAUjoPf49MRZOFk1JbxjssUjBn/ANpjIzBFPULpZqO9Yb4fDTZxoW524cfe6PnyPpJSJi1qQ4FCxsLsQ9bm5cwxSc0sPKDGXP3VkVwT3F0BewI2HX1wcyfFFMYeQohIJC6gLHqNRUkfLCHM8kUCyq+aVWZlIXMsCKrqGUqb32odMd5oGzUNGzKgBNqUaRSNiwv7xCnzAkNVg/eVdcVgV4eUZimLel/YgyTiVByVlVBTKB274cc9nVMTFSNh0sfw2I9xhf8Ao8lEsEqvRKTkivvAFVIPwJ1fvxE5Wysfgu5iCAnSxZieh3ssdhdfh8KLDluPXq8CP5BdvwxxG0seJ2aVKSacHFGLaE8beUdNJkDICo3Y+ESuKctJPEV8R43GyOpsrdXYJo3QsfhWFngnLXEcrmEcSJIupQzAjzR35gV0gjyE1VUfnbLDy3A7ECEAsNwp0fjVAg++COU4cmWXw1v1oHp7fvxnImLwssrSoFINylq3YEqubEC1yKRC0BRbXd79YKxttj3EWSTQAG3/AD+eMw2mbbw0pRRMoRp7EYjCqVURVP0gn7E/HCzyHE5zEYjYK/isQSuoVoYmwCPvKCvXvfbDH9IZ+yPxwrcr55Im1sivoYlkajaEFSVB/WUE/uw1lqCVgm1I0w2bJMCdUqHfFzZLh6h3Yqh8TSSpXbUtmztudVb1YxV/PAd83IshDm0ClQQAKLBas2fOd/Unp0w08J4Jl4Zo80+bvxZNUAB8NTqNqtXbb+WhQ9RhU53jK5xx5QWaJhQrrY82/Xbc7WKw1xqR0ZyqzUTViNR36RnsIgYwZxouh4A/MesOnIeekA8JgKIZjY8wII+HWz2wnfSRnmizMciiyu9evmw9crJUsvSx037b+mK9+kUB83EhsAkAkdreu+2FmHQFTEoUaEt2O3zgvahT0pUkAOkEtvIzesEIsxHmYhLGdbdzI16fVSL29uoxF4blZ3lVoC5dSKdTpC3fewADpIq/bviHm+CHLgzRyhk2sKKqywUCrvfqcMvDubW+rr9mpIUqD5lOv1uqJ09x0ur3IwbMwCpKOlKnTw8i9jo1bXasKhPC+qBWOHHecOIwPUgiNAAFkPXSQ3RgCx3sEdrGOXIG0M/sI/8A8uFzi2pw7vVlg1j1shq9iWs9yRhm5AH9XzJ9o/8A8uGyFoVsiatIYukG+ikM7k1r8hApSU4lI57tx3QqwD+uDa7JFfEMNvffFs8NghfM+HIxWo0UdL1MSSmobA1pF96qycU3xGVkl1LRZTqHqKvf8cMHJXFkDsdZMjG9LNvXemehd36k2N7BOOQxMsKyqIBA3v6Q9lFktUODaLrzLjT5dOkixp6UQN6IHe8VrzzP5axYObzIfUe42OKz54fHiTks1/OM0pIUxiJylxHwYnPlAadUJYgAWrNqJ0n9mgK6kfDD9y/xRpASFUKVJoFSQCrEFgoBViNJo9Qe2K65TlIiltiB4qgkNGu2lzuZPLXlJ+NYsLldtdkStIh1EFtBrSiivKOpEgOk1p01V2cKFAHEKCqgEHt6oTYby7ndoHg1QSJBUQH31/T3vaDnHG+zPwwh8pRE5tvUxuN/lh54032Zwo8pj+tn+435rjfbNJC+UA4eHhRQUEjsB7/C/wAsRMxxJY38MpNquhpiJBNatKnbUas7eh9MAec5og2WV5jEUk8awt2E2YfeFGmJ77A7Ym8UkvNuLctqVYihk1JYiJKEeRQwZwbF2LOxoLMJssY4HErcBRNOVL3uILkBKphQqwBNOY7Nav8AKC8EniRiVAa7Egg7Guh3BsY58RzDNlpgT/4Ulf5TgwmTEcQjS9KiqJsn3JPcne/fADnQLHk8yU/sJWHx0N/3+OM8fsqbg0shZyFnD3JUzMLhmvxPCMJc5ExXVHLlxip8ps0v+8Y/gTixuTcnpnlkc0Im+rpfd785/vMQGvr5yOgGK/4bA7PKqKXJkagoLHqewBOG/L55nWGHyxywTCV0kbQ0rgjZSQFDabFMQTYPbHQYIhMwqVwbjS3ZfsEdNt5K5koS5fEn+EMC/a2V7MoizwUgXxnkMvlMkpycSBiAsaajKFqr1KhBvug7ADEnh0Jkz0mYlQRBEVI7ayxckKSCfI2jbRQI1++FbjmRzjTu65fMopfUgpjpJqyCp0glr3B742kzUsUMKtDmEZZ/HlkkWvFZSNIBJLNSAbmj5VwwTikOUqBprvr7PZwjnF7MmCWmYhSeuGYUyhnL6WGUu7qNHNYaFgSUs+ZSIQxmQRo2r7OOIlHegNOtno6ifu9O5PuRjXLRQIbjSMGR5CbpmR3ZfukWq/rHtQHXADPF3llLzmGCR6EZdmDatmUqprdrYiuhbzCjcDmaSUBEZ3eNgNr2FUdIu6X7u1myo3oCqzMVLqwrvpWBkYVaglOehYkdZgeViQCbPzrATmGbXDrqtUhavTUxavldYCZwgHKPVhZtxdXRjNX2+PbBnmtqiQsbtv4fywLzaFo8rQs+ONvXdNsL8M+bMd5jqseqX+71IQbZR2PR+wQTOS1OfDrwkuQ9HGhV8SjVBiRQI23O9b4I8PygdopXkcxyxTTP2YeFruzZBBZQb9CcRRA+Xhg0yaHJJNAGgy+GxYEGwbFqbFX3BwR4XmSuWkMqNCYMq8QNgk+JKAGEZo2SxFlqNbXvXf7OOXC9U1JIO9y43P8AgtalI+bYmWlczrD37eCXL2QmeGXLThQFKsULWyk6aIABAu91LX6gat4fMk7RZ4vHIyyOJW0kDygF2jNgkMCVVwPQKCO2AsnNg8TxBHIWsn9M6C2OpyFj0ldR3I1EdK2AwSyvE485pXS8DI+tm1vIjLZOkliWQl6O1jZj7gwyZyVmbMT1SC4DMCRdnJ3ceIFYw+rShk3FuxzwEMnDpvEgnsabkYkAVWpEcVvtswN/PHTgHHVRFSR1oqAutgCem3v8BiLksyscs8bAUGToNv0ar6DsvpgBPrjbQjsspikVCrG7A8UU225MYX/FWPksuU201hJy9Z0lnoUmw8O12jrT/VQ40HpFg5bi8aMfMC9dEGo/HSttfwGJOW4iBIgKaWYWQTqYG0oNX3WIcbb9/Teu8pluLZqCICSREGrzSSFNVMVFgecjSBuw3679cd8nkp+HzoZJEJkBYEeYBgQCSGomr2PrXYHDyXgMizNUSpRJIJYAE6gb7a6c3BMx+qKcA+nGLCzS6W1MQS2/wHpjMQ4swWAYvRYX1sjoaO/qx+VdqxmOWxeOm4WcqVLIy3DgEsrrVJUDrqKWg5CEqSCq/B9KaRWf0iH7P5j+GFnhfAppoRJHQ87UxNXXX5f9Rhm5+S0rvY2wGhOdgjjVVj0G2QtfwaiK6MT19cdhJMvP9bbhE4SVi1IUcMkElhXjWnFhHDO5Jo5BqUKwF11qrNA9aDXXsQcQsqPEI7tYbfYnfb8scJZMzNI7Fk1Ai66Door2GkDf198aLw6brrH4YwWWcJPLlo/ZDzBieqVlEt1ChpStxfnFscnZzU7EgqzrYB9qv5bg+4wjc8n+vRD/AG1/5gcSuSc3LFmEVm1Bm0kFbIJHmI3+H4Yg81cNlzE7OUkC2QukDp39ME7PKVzk51AAGp03+JhRtqUqWsOliUppe1O6nPfE/mLOwqjx6gXaiVBJqnBpgG0r5Sfjt0N484PMskDSbLpNOpfyqBR0pvYBUjp3vveFf/RiTb9KPx/l2x7HwCWiuuRQ1agQ29XV0p6WcPsdJkT5SUpnJcF3KtCA9N4agrzALRz0rNLJLGvCPOLZwyyav1Rso9sMnL0rjKShBuxUfgGwuZfl62CvM8YPUlXNb+gX0329cWlytyr9WVwsryxsoOptIBbeyqglht+1RO3pttjZ2FTgDhpChpq7soEvxN48hK+lC1e6QkpFKp80Wqx22P49/mDjpw3gtt9nBos/tdx03r+GLSbhC307YkZbhyr27n88cn0aXdoeI2liEJCQqgtYtydz3QK4Vw/MRLck2oFT5CS1G+oJoke1YSOeJN6+H8cWdntlxVHPDb/PFVJADCMl4hc5edbPwAHlGcogHLzbMSZ0AC6OyOdzJ5QKvfr09cWJya9rLEVcaDrU0hA1DSQWj8uqiTWxr4YrnlJv6rKoUsDmV1aY1kIHhsQQH8o3Fauo39cWXyIQIZ1CuAN/PCsd3fddm6V6j54XYaTnxK1E6t/hHv3UmatsKx7O+/c/u8vjD/Zn4HCjyxPomler0wM1etUawzcab7I+2F3khgcxJ/uz+a4z2wf/AMyzw9RA8hMQ+H8XeWb60hhkMgUxiQ/o6Gl4gDe4YhtQA1Bj7YZczIHzIYiISa433cHUCIQsYGsE7l2JI6AUDdFAyrGebxAFZRM8teD5gFNeGCPvWhUDpvV0SDixM0oGbSNdayB4/O+YQhgui9SA6tRAO2xJN9Dh3KQESkpSnKKU3cPd7xpgSelUf4TW1KXcinfvhxyCx+GPDKlN6IOoHc3vZve8BeaiwyObFXUT1+BH5i/nhhjUAUAAOwGBuay4lilUiw4Kn3Bv+BxfF/Zkc7X9R3wslqdT8r17zFRcqZyGOWUyuqhy4BZWI/SKwvSCR0O/tjfjOcgllLLmNI8osRyUf2mF9gSfjW2H1+ARdNC/gMcG5bgJ/RJ/lGA0oUZXREBrw+VtNIxZxSUkKbLccOBrSEbJ8XZBSZ1oxYAFyKK9etD4f/OB/EOYmLDxpvGK1pOst1ptr6V0PoQeuLD/ANFoL/Rr+GI8vKUBJ+zGI6FLN6mMp20ulVmKQDyS/eADCDNzP4iFGCkbDV32J6E/E+2/pgZnOI+Mbkk1MNwS1b9f2jV4suTk2Gq0/gT/ADwOzvIULKQBRrEiTlLgxKNoyRLEtcp2cu5F2ezbhvhK41NLJBF5SAtGywYel3Q77Ym5RhpyylNR1M9V+yi7/Kyb7VfasNWT5I0r4RlbRRWhQ2JsjcEdd+nXfHD6omXz0aIwVIIt2kBbdmAs0L1H2rp2GLSpRCw/GLYjHYc4daZYLnLetuPbweIPEZY0EI+/alpFYaHA1Ala99Q8wuwT07SJM9FMkysbM7i3GlDoU6lHm8rUdPltSAALqgOvGsik/lCuNMhCs42Yjygx6ASvTqoQGxt3xB4Vy5lJE0jOKZehj01uBt5mZAb9Rtv3onDuRMXIOZB3eDEa8BYxy8wBfv3x/WsQ8twGJjtJM9dRoiT/AIvHc17hWw0cI4WqUi6Sx2CIbAsbtqNF2q7YgBR0AGxE5jlVEVbZhqO7KrP8KKnZep2/zHpiVwiaPKoyos8jOBZZa7g0PtbA2+e3uCRidrTZ4yrUAOz8/nxikvDpBok90G5kUSNW7FQzGqu2cChWwobD3wt8QzgjkhmK6Ssqg79VBGsj2C1fxGCEWf1T/fotlxakboVatNHsNWx779OmFri6eNmhlyNRZSqVsAWZy/foUr/KuOOTJSdozFj7ozCrfDD0zcmETmBrQsK1g9OvFc0XjWeRTHI6MTUSkA0pVlALXR6XW19RiNmeXcxlUXMTvHIxYKRqZj+0N2As+Wtsa8x5viUjAJI8cQgWRm2RY/IocGQCy3iahQJJ7DArhfB3kOuXiCOQuukLSvo/W/SadLAXYN1VkYfkCwHaT4wCk8RyAixOGTyLrQ04R3UkeWvNaVvuCpJ9tsZjfhc0Ehcwqt0jSUB1YNQs/epVA/8Ak4zHDbTmSzilFEkMWOuoBJ+IXNbQ0wiR0QzKJNddxNOy0AM3wfxZVdhekggfA3g9nkjkhERy9aRQKv0qulrtdf8AdYk5dMdqH78dchZTaF2rwtDl6NnLiMAFnYD013t8sTMrwRACGVevr/0wRbMhbGFTmbmkRAgHc7YkzlCxiQHhlaVIo2KKWK1qA6C6AJPTvddTiEeMRkvULERqWZtSj7oBYVexBYCr/WF1gMnEq4fJGZS7NIRajSTqEbat6IKtYoWetDY1GEQk+ryyOi+I/hzGPZXVxaMbBAJdVU37G9qxYoKkBSTU8mipJBL203wePMOV8JJ/Dl8Nm0qTosnTqJADHygUN6NkbekU815W6EExI/u/wvAXNgpENWWh8OJhQ8UsVLeUMRFIDvVWR2HXHR2UxadeWXxY7h0q/wB7V5SWZPKNSlTv6364yderDsbl8TQb9BWUZ0soVsc1qkDI4dq1IDawTfmmAH/VX/xMo/hidlubNSE/V1RfugvOigmugsDoCCewsXVjCRl+Ds6IZZHE0iErGUAVCHZArHUCpLIR92hYJPWpy8NSOCRWSR2jWOZgzKNDSLGGAHh2KtQbJO3be5AmByWp5s7d0ZSsOpakgA1qKi2YJdzRiogQyZjnplYg5YAg0QZTYI6gjwscl56Y7DLr6/pCa7n/AMMYDZ0qyLmUgik1JqlQmTUgBKEipK8Py/eAtdr7E+ZTPp4ErRRkrGlUyKzNJKzBPMFsJH1BGmyg7uBiqgp2zfpfhp3RsMHMylRAZLg1sRRiKkElgN93YPBLK83vJOkMkekSE6TRGwG5vpRYEAb3YFg7FY55Hm+eNOGvLMv1YIdamM6r3UeJGx3H+Mnv27HG/PB8w+OM6hNYxSzxy5L0CJ2ljDxCZS9h9qRtho6MegLeUYsDliRUjmIQRFzCpWMuVBYs2k67KvoADUSKKdDYxX3K8+jLzbEgSBtyVAIU15lIYMelA/EYbMk0weIstKxFnXIx6kqv2hIFFW6E7qbI6YER0gnLp1X8wB+b6WuXhrLGeR0ZNL3LU61nYm4dq0FNTfMEtRn54CcgG8zKf/t/+oYLczn7JvXesAPo4YmWcjtD/HAm2P6uvl6iBJIpBKXhiJnWfMRJHAZUaCSLSrGQhbUgdQaYm/TY2Rg7no5DOWWIsBmSKMgBZmMDdPDJCAxq1g9Ls1tgq0Stp1KraSGGoA0w6ML6EHocQP6JBm8UyE1IJEFDyHUrvR76tAX2Wx3wLs7bktEoS5tG3AtQBt9TrYctZkpCJhWd3H0I0er0DkB2hmklIUAimI3rcL0veht+F/lwkk3ADWK/niO05K6TjEFb+2IxO3DiZiESgWJQ9wR1qihYjR9YGl4fIHPGAnNvMRygVliEmokG301Qv9k3/wB+9KUX0oswFZPr6T9vWvC9MSfpPl+yXf8AX/8AS2APDoQjQ5jLRzCMNuqAPTb9GO+zkCj+Jx0eGVnd/d4zmBmhoy/OOYYWOHuR0H2y7n0+719scp+enViHyjAjZgJVOnetwBt6fHbG/wBYLgs0elVYGnYDQQUr7q0unQoF6a0miDsB7RZcymZ/A1ldLMZBIBV7skZLuSpC21DYXe4JGXhGKS5YwR4dzo01+Hk5XINHQdX5L+eCcXGJW2OTnX4LqI+WOfCuKRMPDDRyBVJZWQqQP2kGkIFHVlUbDtW+OPFpI4Io3ZHlQMVB2CitBXcxNsbHtamumISoGbkKSAzu76tYfn3UeiliqQetoGv2/L0BI5rjcSKGYsAzaSdJtGPRXH3lJ9ar3xXXMHEMjLK7XPK/QhFKjb+9p/deHfLTnMwM5y/2GmreUmnFUI6K6PMALC9a9xgAmTmEM2Yy0UEcSOykhVeZqaiWMkbWATdWorotddjLQ9HiUKU1bwlZuOEIJEhetQA1TVRN0eh9MNnBeVYZMuJBJplK6hH4td9vcb96wzcvIhynjPloy2opKsUHW/MJKjUu1qVUqvlO5AqgEbiORh+u34iIp8E0CxskJYUFOmu1pwKrcCtriWjUd8RmJo8MM3JUTA3bf3iT+eCHBOVYYDqVQD64aCmxxyfpheY1STFfcXcR8RBI2eMr+8N+QxCgzaw8VQtVOlaj2Nn+Ffjgrzpw7xJYSv3jJXy3Lf8ADZwMi4TqzUCyOPK4LsR+owZGB6dToHt17YCZHTkEs6SKafef5fpBJJMgtoYM8w5tI2lLSS6pEkjiWwkSMgimUsXbyszlDdAeY364W8zzDDljYK5iZi7OwlJhaRgyeKVKbsUYroUha29Dhn49lcsQWzhkVFmWRVQl9WtSoRjpsKVg36dhd7kK/NOQiJOXyIFfrMqJfzGpsOpSRKlpQSzACtTYXhcCuYHKXOrFh79kvDfyZmxLF4lKpZEvQoUEgyLQFUAAB07k4zA76OJg0MhWgGlZgo6KDRoeg3ofA4zHMbSxSUYlQbdrvAO6GmGltL7T5nhDNFjd8e4zD2AoF5zqcVvzvGKJrvjMZiIuI3glIhzCgkAPCa+LEfxwRiyiEvCRcWuLyEkjeWzsT0xmMxdP2PYfWLj4Dz/2wO5XhUvnlIGn6sNu3lktfwoYKSRA8LRiPMuaKA+ilAxHwLC8ZjMQr4f7phxsc/Vg/wDVR5N5U5RG5pmYplCSb8MC/g81fP364nZHNO/jF2LF4xrJ/WrKTsL/AMSqfljMZj0r7Xu/ymDtpAJwHVoz/wDlTHDhyARxuLDJ9a0kE7XFH0/P479cDsnK0Lo0ZKltOrvdgWCDYIPocZjMZK+ySfekb7PSDtOekihKnGhpr3nvMTOGjTxKVB90TEAHeqLqNzvsu2InPH3h8ce4zFDdXOOSl/CI35R/1DO/3x/y3+ag/LDXPEAMtQrWqs3uTENz8K29N6qzjMZiZIovn6wxwpObsV/lES+Zv0TfPAr6L/0ua/3I/M4zGYzWetAp+yPZ5xYL7E48xmMx8+xYAnLA3nzMbiNm64IH9F8sZjMP9h0xE4cP9QgXEWTzisvpI/RD/efwOFHl6YkzqaKrlZmUEA6WABBFjYg72MZjMdRgACuvH0ik63vjBLkrLrmM2sc1ulHbUR0G24IO1n8cSOT8qjcTeJlDIhl0q3mA03p63de+MxmDJQDJ5xlMJ63KO/DUEfHNKAKomkUKBsB4cm1dK9sdc7mXfI+d3bxOHRzPqYm5PGXz7nY/DGYzGn3T2xko1HIR25YlYcFztEjSZCu/QiONgR6U2+N+Sc478NzzMd2jd2IAFsYR5thsfKOnpjzGYunTlFVa8/WO/wBEUCzRZhZbYeKj7k3qBvVYN35RvfbCpnmvjGg1pGYiUAAAABlAG3oBjMZihsIuPiMW0fu/9+uI8mMxmADF9ISePyH69lhe1vt/gfHThChuIqpAIYaSCLBBDAgjuCNqx7jMJ8WSJzjd/qhhK+wPvSIPN8hEObUE1HFDoBN6adRtf94/jhu4bwLLRhCkEQOlfMUBbsfvG2/fjMZjr0i3JPlCVevNXnHmUjC56cKAAYomPuaO+MxmMxzOOJ+kKhlJ+zEf/9k=')
INSERT [dbo].[Img] ([img_id], [img_name], [img_url]) VALUES (6, N'bread', N'data:image/jpeg;base64,/9j/4AAQSkZJRgABAQAAAQABAAD/2wCEAAoHCBYWFRgWFhYYGRgaHBoaHBwcGBwdHhwdHBgaGhocHBweIS4lHB4tHxwcJjgmKy8xNTU1GiQ7QDszPy40NTEBDAwMEA8QHxISHzQrJCw0NDQ2NDQ9NDQ0NDQ0NDQ0NDY0NDQ0NDQ0NDQ0NDQ0NDQ0NDQ0NDQ0NDQ0NDQ0NDQ0NP/AABEIAMkA+wMBIgACEQEDEQH/xAAbAAABBQEBAAAAAAAAAAAAAAAAAQIDBAUGB//EAEQQAAEDAQUFBgQDBgQEBwAAAAEAAhEhAxIxQVEEYXGBkQUGIqGx8DLB0eETQvEHFENicpJSorLSFiMzghU0RFNUg8L/xAAZAQADAQEBAAAAAAAAAAAAAAAAAQIDBAX/xAAnEQACAgEDBAEFAQEAAAAAAAAAAQIRAwQhMRITQVFhFCIygZFxUv/aAAwDAQACEQMRAD8A9JQhCQAhCEACEIQAIQhAAhCEACEIQAIQhAAhCEACEISAEJr3htXEAbzHqobTbrJvxWjBxe36pNpcjSb4LCFUb2jYn+KytBL2gzpBKtoUk+Aaa5BCEKhAhCEACEIQAIQhAAhCEACEIQAIUdtatY0ucYAEk+81jbT3psWCQHuOQux5uIUSnGPLKjCUuFZuplo8NBc4gAYkrC2Pvdsz/iebNwyeCOjhIKxe8HeCytLRjWWg/Da0uJEiXV8IvDGAP7ionmio2tzWGCcpU00Xtp7e2l5IsbNrRMAkXj1JA8kyy7zbSwEW2zXiPzMN3XEEHyKXsnbNnuCXNa0gGL7RU1wmp1nVb1myl4PYWZS7HXPjQLlU582dEowjs4mC3vsB8ezWrf6S13rdUzu+thH/AE7bhcZI/wA61tqtNmAl77NpEAGWn/Lms/aO1djaPjY+h/LWI0FYkLTuTS3aJUMb4ixLHvls7ollq0mgBYCdfyuKdbd7bFsQy1dh+SMeJ9yqB7e2RsFrLxzLbOhFcjBHuiWy7x2WLbAyRBNxsCecnLopeeftD7Ef+X/Sy/va0jwWFq50Z3WidJBM9FQt+8W2O+Cyawf0lx6/ZLb9sWxI/B2djaEVaSa5iIjhJSbPbbeSTTd/y2iNIkGecqXlnLz/ABFLFGO9L9shb2lt7iBfuzQC4wTwvCqltLTtAVdb3B/MLIDkbuKksux9qeZfbPGsPc2SdA2B5LR2XsBgq++92rjJmamJNOMqOrI+Gxtwj4X8sxhtW0xB2kuJwugHoWtHqk/d3Dx2lvatFJcXPz18Rj7rsrLYWj4WjQ3QJ+wUPa1k0WRc4RQyMpnGBiaRzTlCdW2KOSN0kZ+zdhWcBzg58gEOL71DnoZ3StBvZrGguaxsAVgA4AnouG7td5nWTnseZsQ4jKWeI1E/lg1HRegs2u+0Obdc0gRdkmsxU0II+auKg1xuTljOLpvYyu0OzGPB8AwkCBFK1PMYYLhXd5LfZLa61wdZkzcJpG7NpxqMYwK9LtmQ1xpUGYM5e+i8a7cN7aH8Q0Hlh1nop/GWxrhXWmnuj0zY++Ng9jXAOvnFmbdTeMAjz3J7e9lmBL2WjNIAcOsheTbPaOY5pbiD7nkvTrOwFrYB5Je4jNxxEnMkY7sOCt5pp2hS02ONX5LWzd8tmeSDfZE/EyZ4XSSrtl3i2Z38Vo/qBb6heRNvNtXCcCRNPcKT95cJGIqajOp98U+/P4Leig+Gz2Sw7RsX/Basdwe36qyxwIkEEbjK8PdtRzaIkZcU9m3uaPDScYJE8eqpaiXlGctCvDPbkLxey7dtGCGvtGTQ3XmBvEFa9n3ot7ou27pbF4FrSToReBMc1X1KXKZm9FLw0eooXnWz9+ragIs34VuuBPQwDyWpZ9+QQP8AkjlaD/ar78PLM3pMq8HYoQsXvZtNzZyAYNo5rBwm87/KCOa0nLpi5GEY9UkvZZe9to6o8LTDYxc7UcIKc7ZWOiGgzrQYTSleSqdmtljaQGkNkwSZBvHdU8TzW2+za4QSeBNaei5UutW+Tdvo2RhbR2Mx0l9kwDUurTMU+agf3X2d+DOVK88FvWbWuaGEE1kxGRkA+XVO/dxeLi90H8sCI0wk9VPbXopZZLyc0/unYD42ls/zA5Y0pNE091LAAOdfAnAiOBqIP6LrAGmt0Aa4Yf6Qi0YDJgHi7HPon2kHen7OWZ2Bs3xkOLJIwDagxFBPmpmdhWAhwZIzvECMAAd3Bb9xriGubwF2RyOCcbBpdejDSRAG6UliXwJ5Ze2ZR7KYCA2ya4DGrYiRrVTWPZzb0hjWgVgGs6SIkcZWg2xNSHY1O7dj6plo0kgNaSCakOid1clXQl4J7kn5I7PZjJmCMhx9+SexroqACdPnKne00GZgxSBzhPDDFT0+S0UV4JciBjThM7zGmUJQ3eDWK4DM4Zqdrd8xuhDGY49IjhqnQrGNGFI97lzvfPartldFAZmsUGhXShkADIVqvN/2jbbMtBzDcdDJ97ljme3T7Zvp49U0cHfoTWCT8/su57gbe/8A6cy2TQkwKSSNCuCDpZGhM+X3XZ9zGFj2z+YgxjEiBTPIrN7Nf6d+ZXBne9t29yyfLqkYClM+WJXje3vvWhdmSSaL0/vxa3LA8CesDrU7l5NJInfXdKOZN/onSxqNlpjPGBFJHuV6P3efesHDL4mzpp5LgeyH3rQQ29hAOB8TRljSRzXXttfwmiZgmAZ4CTh94WcnQ827SOU7Vs4tnHCSYGVQdeaqlsHjUcZEq12nLnvvYgk+/TjKquEtnMVHCPsiPCs3QhaL0ZYjkg2fy5e6JrRNdN+XBStcTU4ikblQDXWALRTf9fRQ/hkPnQVhTjdl90W4wOeHSkoTAbYMiTvEDqSqzmgk1OJ9Va/KDrXmNybaWJJJ1qixHua5TvwHO/d2ATL3HfIAAA6rq1y/bwv7XYsH5GFxG5zoicvh812539jPF0/5p+rNewusAJ/KDgKCSJGG4dFpMgi84/EKCIplOag2dzzAveEYkj4sDTCmKnu1wk78AP0WUdhydj77RDRAAGX0SXRMhonMwfWE2xbUnwzFQPKSnvIpiMOdZ6K0SNcD8VTkBlxFJ5pGBxHigN3E+oT2vM0HOMNyY9xrPwiIPPIIAexsUHrQfNSxG/oqlm1wjGK1OeeCnaTWSJCaYND2ROU5+9E4g1jSlaKNruHplklDpNABv+ydiIzZvMEGKVArwg4KVj4EvEHPPcE5hP5h0RWTlkPuhKgBsTQY76b6aonL3yTowGcKMN1nmUMCPa7UNYXZAE+kBeJdv7YX27wSTdnqan3xXrfebagyxM545Uz4LxjbfFaudAF5zjHFcs3c/wDEejo41Fso2LvARnj5/Mrr+6gLIDjUn65rjbMkPgajrK77s/Zbt15/Kx2mJNCBwjzSybG2V/bRp9/drBYG43m3aE0gXpjyqvNbFtHTiZjkug7Z2wWhZLnXmyRoQXZyZBgb9FkCzAdEVk9D+pUQezb8mmOPTFI0O6r5tCah103YwBJGOkUhdP2reNk0udUuwkyBUmdTRZfdLYYJJE3ncg0UHOSdcFq952S1ooB9qpTZjJp5aOO2m0P4rjGJvRT8xr802yJa6uHlBT3tJaCAZFK7/upraz8IcK0u894TvwdBVZZkm6ThTgKR8k+zbgNaKe2soIOoqJ0rVPtWGQ+MYnik5AQajWnMKvZPkEe5Ez1U+02ZaRBxAM6wqwaS6gjMe9U1wBOALtDhv1xUTbYewpW2jRIIgn61KqWlCZPkeXkmlYHvS5XYH/ibbbuIoPADMfCAzzM9F0u02l1j3f4WuPQErA7pWQuX5NSSd5y9Z5rqzO5KP7PGw7Rcv0dH/hAFBQmcKZap7XyDSPXkmMZIBBqTju0CkiPfmhWSxLl0OIgZ1E1+eSY5rquJiMBknPYDiSYrj5KK2YZls1iTPwxuSewIcx4dFTGWQonWhZ4mzOANdfQJGsAqZnrGE4cE4ADxFvQSfunvQD7NkAACkwEWrDdgEA5kD0TXG9IkgCMDFdE6zIcDQipxz3p/AhHNGGP6I3/Og15pbOwhsXupmkyn+m7yToBbGzAM3sZONP0UhPVQNfuM6dSFO8YTnI4JrgQmW8zimumcffsJRGHuqHn69EmCPP8A9om2xDDhGEjEn01Xn9tQgnMArou++1B73/1Nrwmarndpf4WniuKO7v22e1hj0wSE7PsL1vJyMiueAXaPIbZOdqABT03Ln+xGS7M3qciAJ4fRbHa7zcYCRUiYOQGHGEpuzOe80jntvZDm3Y+IjofrKdbtgg6geWe9D/E3WCDrAwT2Wd4sblJB3TX0SukjoOq7H2U/ghwJDg/ADCbpr57vNP7yNqxppj1y8/mr1hZPBbiAb0ikCggjkCFkd4Xn8RgP5W3j1HzSktjjxvqnZgNswHuacJieYIS2QLg5un+qv3T7ar7wwx4aiQmi0LX0wJBE9Keam7OoVgpGJFRxzw90U1XMO6o9FCW3XAZYzUZ+s5b04QwnGPWUmBUtW3mUxbEGcs4RZsgGhwJjjl5qyyzDXVw+RSNbdeRpjw9+irq8BZC7Z5AOcx9FINnaccU/ZvESBnOPkmXY06n6ItibPT+8VsGbNaE5tuf3kN+aXsjZQ2xYwZtE/SNVU7zPc5rLBgk2jpNMGMqTXCsdCtnZxdYBIEADmu2X3ZH8KjyI7Y18sLS1iYaSYoBGuA0jFTjPp9pUL3maCaEg01oBmSpA4wC6muYG6VSJYtmTFJrlFPRNaXCZAI4qUDOaKIOMigjU4k8MkMBHMcQBOdYjDQ66KVoCYMQCQYrEYZckrCcKZoQMWKTO/SeiRrDETUbkjWugSaiSRSOFanjROYJArMdExCmc8Kzomljr2IDTTCuac1pPDEVnpuT2PGBxTqwFa0AYocSKYnGuuXJD2AkcVJNTT7piEZQVNcVT7TtLlm92gPNXDUblgd7NqDLEycd+UY1WWaVRZpjj1SSPLe1iS97TINTWRM51AnAdFnWh8GpBHGtFae69aud/iM7iT78lDsbBeIMwDluP2XNHZHsrZHRdjWQDRuAwFYxjiSYVztJ4L2trg45UJOPzTOzXV+wqZwHkqPatqRaGs4Cfe5Zy3OeC6plHZ/zN3QrHYzA55aaCv0UIF20J1MxyVzsaxvWjxMCAJETBdhKfJtN1FnXvs4IEi6GtAGYJM3tTliue7abD3YG8ym4fF8lusNIa0kfkOYE4kmuCxO2XAWwGMN9+qUzlw/kYrB4Dq3xDXCvOZ6ItatylrpFMo+/knsFwlsddCaYIaCHEGPqCErOsc5ssnAtpyMfPJMebzAaSCAeHsJxNwuaagzTUZJuzMgwdIJOiQEryC0OEUkHeP1KhtDInPA/JWLCBLXH+XjWnyVdjSAW5n5fdCEh1n4YcDjjjiI+3VSusAazjVR4tLYrjw1UH4zgirFyel7M/8S2e+7SzFxp1gmo5rScwOc2cGgxU1Jiqo9mMAsg3EVOOJOJplVaDLENqKmMROnl912xuSt+dzypUnSGssBPxGKQBgIJmDv8AknvsGOi9gJjmKnonWYAwHURXWE6/rTGh9VdKiLYgcAJoBlrjSBonOaR4iRTKMJOM44USMfJitKzpOGOaS5pIJMmTuwjAcN6AEa8HA0IyGKeyzDRFRjjrzQLMCvnuxickj3RdaRU4Z+Z9U+OQHPi8eEceiGAAeGA0UP2RG4cc80rTu5piC4KCAY113BPE1LqDJI7UCVIw5RyToQNNToIQ18mMDExuyqhrh1SpgNcMvdFwvfzaDBoCBESJEyKruHuge8PmvMe+G0F7nCaEilJN2ecCSuXO+F8nVpY3Kzl7Rxlrt1VLsFmb7jHHnOG9QPdLAdD60+S0dis5jK8WDDUgekrJ8HoTdROg2BkNmkQBGlJ5iOkrI29nxu0cOgH3C1tlZcYQTWDnIzJjRZhszgRAfJHl5U8lk3uZYuWylbm8wO33R+vNavYbal1BRvUfYjqsmz+F4rIBPvQLW7IZLPESINQKOMmRyrhuVIvL+LOlsXwTA1IE7wB73rA7b/6xAxuz0qfJblgBBA1LSCa0DS3GuE9Vl9rPH4rT/JprA+YRPZGGF/cYdsbzZGQhw3ZJHi80GMIBjyKVngc5p+GoywwTGm44g4Yct3vNSdQbQ68yRNBB3YQUrvga4DxUB37/AFUbPC4tIoQJ96wprGhLTnTpMH3oh7B4C2FQ4bpzwGqjcCSHTjjjiOSkYZvN5YZiqisa+Ga5HfoEIQWjrr5GBr1xSY4HzKVwltZBGHDAqBtodB0CpID1yysQ6BURGGGIPyjmrVm0AQIuiacMPJMeBS8JAM4RBy41Tg4xQzJ0I68l2qkeQ3YxrYmhGc1jLVOYDjeltI6VMypiJbGB3hI6lAJy3R9VVCsR1sB6cOSAbxjLMapxZOU5DEeaRoGE57k9xbA59R4ZFRM4EGlEOtIEnLQEyTkmuYJ1wOuBonuaACYAOf6o3AjLzjFI5p7JxvCuXuswi7IpoTuSWDCGxMnM7zoMkldgK5pBoZBJJnKgAAj3inF0ECpnHhikFnyAGOJyCLNkeJ2JHGBomBI9wSFxzxTmCleiQnRMRW220utcdBPvovIu1rSbZ4madKmQF6h3h2oMsiTJygCTv40Xku3vm0vQROE1MSaU59Vx5Xc6+D0NJH7WyCzqwj3RbGx2bS0TIgzIml3DnPqspjfHcyMrZ2BgcQ2DFd1MT9FLN8r2NNnwQTqa78o3VWNbtc0tdONeoHlBnktnbqMcRjmKHXGMMQsXbXhzQGmQ0jyETz1WT5DFxZG9oDxod2RxW32eP+WbpmtQRShmhzpdzXP2r5ZevYG6Vq7LaG4YMXmxJgRq4YYESqQZvxNnZqzN48QZmWmZ0jrdVHtijwRiWPbE5zOeB+i1NncbrhJIkXZyEYRGeM1zWf2vZtdcM4RUUAmK+9UT4MMT+4wrVt9gMwQOZCY9wc0H8wFd+9Kx9x2Ig0xpE58k0+F4pLSc8wZjE6JHYMc8uF6YgQfUHzCnvUnMAT1UEXXxiDTzHVSthpgxUe9xQxMc+oDsT05prxW8Bv8AqksjdlpzEIsqFwdmgQ62dDr2Rr1qVUtCJOKsP8QLTM4iqpXxu6lUkB7cZOIBbxrjTkm2LH3iXwRS78xvqMUtkS5oyOYjSlFIGmIJnKV3c7njjHVMipG/DjCZYsqauMT8VMTgN2akuzSNxynLSuaA40FYFMa0pzCXmwB0EjxRBwBjQewlfUaHKiRlkcwK4wB9VIG13nT5yq3EQWVkboDZaBXGeVVK0TlnnVSR7yTA8EmopTHCOGGSEkguxHsJEYb80MZAiIAw+vFK0mZx0x8/0QHEb9feSe3IDmsAyr580jrTAHH54BLvlNaBn75o/wAEK4kGB69U20kCnvBOBxhMdiTVSykcn37tnCzF29FK4RBqd1AvPLeoDjBrnlMLtu/VsCLuWgIxHn0XFFwuRFRB+RC4ruTfyepgVQQ5jJtDvaBzJHoJW1sTK3icK0zIhoG/M8lkWLZEnNa+xO/NhEznXwnHGdyCcr3LnarDcIwM+LMGThvosKz+MyIDpEbiafJaXadsQ1ox8XkJWZtLT4HaxMaisqPJpjVRIGTVpz+WHHFa3ZV0uY0mDEmRQiIp1WXbPAe1+RqPfBbDLa6JEEh0YTllqAfRWicz+1Gvsjngm8QXHQ6HHnIVbvA6WCgHiiK1rB5KLZrSACTJuw4mZkgFopwHIFS9pAGzgxnrNIxn0SlwYw2kjAtXy2vxNpviijdaX2gZiYy5eaj219x08tN0454zvVa1fDg8YU+YKIx2OwsNfIylpMcMfkpw4OYdR6R9FUtnxDgKEz1Ur33CDkY9MPVNoQOtZYcZAqp3ElrXRUGD9VXu3XziDGGmancYc5uRCTER274h2NKqr+GDWlaqwxshzTiPLJUrhHs/RNIR7xuqIwNEjJ/WPYXAnvs8GrWccvUqJ3fa0dIbc0pPqAujux53OBaXJ6PRC+eXn1xSQ2Kx/wBwGu/JcDZ97XtGLeZceMA0Tmd8Xk4tHL2Sp78fKYfSzO7ZbCpEHfA9lMO01IXD7V3wfhLTIxB+oooLLvbJIuNnc5seqO8NaWXNHeHaN3vnzT2W+ghcKO9BkeCmGMz74q1Yd5gaXN+IPzKFmQpaaS8HZtfpPSOiRr5MH11zXMf8SsH5H6UB+QViy7y2ZMEFp0rXmVSzR9kPBP0dAHBuZk4YkpWvOs8Bhu381ks7bsTS+3lSVOztFh/O2NxFBHFUskfZLhJcovNYayZnjT1lI52A5qFlqDMFvLPom7RbtY0kmumOAok5JKxKLs8/71E/ig1iXcJBB9D5rnWWdXDj81qdsWxtLQuJJEmJ4nyw6KmWw/DEelFyJ7HqxVRSI2WgHgrIGmEwc90LX2BzaRSM88KCeRWKww6hpIHWN1Keq1thdQCoOhinTgqMZ8h2qQ8NGZmtBmRl7qqTheZEfDWffNatozxhx0+dVQf4Z68p0WfVvRrD8Uik8gtGFHNjgSAtCxcCJderUf4YnOkxxWOLSrhkJ8jIWnYbRImJMbqQQRx4LSqFnXBoscBBmSSXAASSQQD0j11S7baSx9Kx8goLF5q4xJECYzMnlA8097gWFoPGdTP1lEjCH5IwdsN9l0kyIieAWa0G4Run2Ff2gQ/kN36qCIw4q47I7GR7La0IPEfRPtbW8xw/w1GWCY+xg0omvbFfeEKtnuI0bMyy7NQZHBOcfCNR6KvZOwcPeqfaPpx9lZ1uIkL88Jofkk/DB06qNzxONEz8TcihGG7bi4GXRvgfWdMlNYbeGtHikxphU7vcrbf+zHbAR4rKujjjoJAmg3KWz/ZptJNTQThcE7h4zjqRHBd3aTOL6to589o3jUmPeild2iBgadV0dn+zi0Ji7aMxlznWThhQANMzl9FDsvcG3Hx2FodB+JZxzuun5VU9lDWs2Ocb2jxSfvMYGvvJdjY9w7Vt14sLzpPgdaMIFMTWCDOs0wUVp+z/AGl2Fkxm/wDFH1cq7I/rV5OYZt+Kns9ru/mjz+a6Kw/ZvtIxNjze7/8ALFbb+za2zfY/3PPyUvAw+tj6OVs+0LxkupyCtDtktpeMcZI+S2rX9me0fltbLmXf7VSf+zXbBg6ydweR6tUPT2P6yJVsu1HXiQ8kTQ6jWDnuVz/xkAHCvHyjArPte5PaDf4N4atex3leBWftPYG22fxbPbHhZvd6AhS9NfgtaqDOksO13gCHDrO4iprVWbbtlzxAeREZ5aHX7LiH/jtFWPaP5mlvrCgG3QaxKh6Y0WbE2dk94IrjNaprHDE5STyEx0XP2W3k1IeKUN018lNte3C4WkP8QIJa2YGBxjESpWCV0VPNBRbshsO1iXFxIqSYjoAtHZe2wXCjdKTTf+i5q0sGR4bVwOj2OH+Zs+iismGaPZxL2j/UQumWBM5I6qPlHoo7RaYjCDJ0xnHE7lVt7a+69llw1K4yy2y0a4NqdA0hwPC7IK1Nn2l7zRjwf6THnQLnemcXsdEc8HumarmgPvEgAVPL9E3ZtqG/rVNt+znPZBe1pkE0nDDMewqTuw7cGWvYeZHyK0jgk1uY5NTCTqzcZagivL2c1ZY+lIia+86Lm/3baWCSyQMYc0/RXWWtuWAtsSTuIFd8mPVRLDJbUKM4PeyXaRXy6qtdGfJRP2XanGrAOLx8kN7M2n+QcXk/JVHBKjR6rH7JCZUTwLsFSjsa2ONowcnH1Th3ZtHY2s8LM/7lawSJergU7K2u0OCV21DWi0W90nnF9qeFmfupm9zXHFu0O/7Y9GKuwyHrI+mYZ2gRBOKT9+GoXSM7kT/6e0P9RerH/Ax/+MOv3VdheWQ9Z6R6qhCF0HCCEIQAIQhAAhCEACEIQAIQhAAo32DHfE1p4tB9VIhAFB/Y+zuxsLI//Wz6KE9g7MT/AOXYIzugDlBlaqEAY1r3Z2Z35Lv9J+spo7q7LEGyDt5J+ULbQlS5Hbqjnv8AhLZSQRs7QMwXOkbxBIPBTN7qbIMLEf3O+q20JiMlvd3ZR/CH9zvqpWdh7OP4becrRQgCk3smwH8Jn9oTx2dZD+Ez+xv0VpCAIBsdn/7bP7G/RObs7AZDW9ApUIAQADAJUIQAShCEACEIQAIQhAAhCEACEIQAJQkQgAQhCABCEIAEIQgAQhCABCEIAEJEqABCEIAEIQgAQhCABCEIAEIQgAQhCAP/2Q==')
INSERT [dbo].[Img] ([img_id], [img_name], [img_url]) VALUES (7, N'tea', N'data:image/jpeg;base64,/9j/4AAQSkZJRgABAQAAAQABAAD/2wCEAAoHCBUWFRgWFhUZGBgYGhoYGBgYGBoYGBgYGRgcHBgYGBgcIS4lHB4rIxgYJjgmKy8xNTU1GiQ7QDs0Py40NTEBDAwMEA8QHhISHzQrJSw0NDQ1NjE9NDQ9NDQ0NDQ0NDQ0PTY0NDQ0MTY0NDQ0NDQ0MTQ0NDQ0NDQ0NDE0NDQ0NP/AABEIALoBDwMBIgACEQEDEQH/xAAcAAACAwEBAQEAAAAAAAAAAAACAwEEBQYABwj/xAA+EAACAQIEAwYDBgUDAwUAAAABAhEAIQMEEjEFQVEiYXGBkaETMkIGUrHB0fAUYnKS4SOC8RUzogdDssLS/8QAGgEAAwEBAQEAAAAAAAAAAAAAAAECAwQFBv/EAC0RAAICAQQBAgUCBwAAAAAAAAABAhEDBBIhMUFRYQUTcaGxFCIjQlKBkeHw/9oADAMBAAIRAxEAPwD6YtFFCtGKsgFhS2WnRQlaAorstCRVgpSytMQqKmKKKjTQB4CvAUUV6KAIipqa9FAHq9XoogKAFstRpomdRuR4C59BS/i9FJ8YFJMKCivFaXrfoo9T+lCS/Uen+aoQ2K9FJh/vewqIf7/sKAHaaiKVL/eH9v8Amva36KfUUwGFaEioGKeaHyIP6VPxV6x4iPfaiwo9UEUZXny68vWhoELIqKZFARTECaE0RFAaABNC1Eag0AKIoDTGpZoA6NaJaAVKmszQaRQmpBqTSACKBlpoFSRRYUV9NRFMIoWFMQEUQFeFSKABIqBRxSXcKyA/W6p6yfwBosAcXFvpUS3PooO2o/l+FCuGT8zE92y+g/Oa9hkAEt1JY9/P9PKs1uOIzFMMh2FjF4PfFJteRpPwamkChfGUbkVVw8u73doHQWq5hcNTmJ8b0nJD2srPnE60P8WOQJ8q0RlVXZQPKjYdBS3sWwy/4o/dPpUfHb7h9K0lHUj2oy46j1oc6GoWZP8AEH7jelSM2OYI8q1QehEc68WtsPY0vm+w9hmjNKedEHB5irGJhg7ovpSGyifdK+BimsqE4MFbGRIPUWo/iz8wnvWx8xsfalHBI+Vwe42NKOIRuI5d1WpJiaaLbLaQZHUfgeh7qWarNmShkXH1A7MOhqwzCSBcQGU9VYSD+XlV34Io8aBhRE0JNMQs0JomoWoABqW1GTQNVAdADRilrRA1iaDBUq1CK8aAGA0RpIpk0gIYUBplAwoQAEV4UUVFMRE1R4xgF8JgDpZSHRujqZU+tXiKrcSn4bxvEjxFAzj+Js2dZcIucPEQn42WnQcVrQyMD2l3JUbzIkV0vCuGYeAgChVjc2HrXOZjKYWZKEoH1WDq2h0I6MNiCFsd5rRTh+bwwBrTNIuyZgacQdB8VJB/3hvKs2qNE7VG1/1FDZJxCD9AkT/VsKaj47bKif1HUfQW96qYHF1AAxMHEwCLQya08nwtQA7201pZXNo/yOj9dDq0eMG1T2OqE4mVc/PjMe5Qqj8zQDIIRcufF2/WreMaEmjagtlYcOwh9PqSfxNeOSw/uDpT5qBRtQ02JOQw4jRHgSKWMgg2Lgno7fmaslq9NG1egbpepVxVdRCOQerAN+lU2xswN1TEHcdDeht71o4gmhjuqVGMehtyl2Zj8RRfnVsPvYdn+4W96s4TBxKsrA89wR0I5iq+f4vlsMEPiov8uoM39gk+1crmuIoWnKZbGZ5+ZZwcIn+YGAR6Hvq010yXF+Df4qiphlviDDVGUOHJJQTJCt9YMdnneKp8D4u+PiFwhGGxIQEAHRh6FEHmTqnp06nDxuE4uK4fP4siDowkkYa9zN32+WZ5muz+y+WRkOIYTDBZAoME6WI02uFhVsPw3pX5IaQeZzBNkQDxeW9KpDOOphln2Prt+FdNi5zBA0jCBXYdlQPIVz+IVL6CpGoEoTcEi5UHkY5VpZA3Dxg4lT+oPQjkak1Ww8PS0jY2P5GnmrTJaBYUs0ZagagR0GqvTSgaJTWZoOBqQ1ADXqAGTUg0BNSDQAeqvE0NSaAIioqSa9QDBJrAz/FJfQsaQQCeo2IpnHcZ9QVGgRJvF5rBzeqJMG0MR1rkzZmntRNnJ57N4uWzDNhtEMZU3VoPMde8XrsuA/bvAxITFPwn/m+Qnufb1iuV+1ODL6/vqr+ov7g1zDYdKWVx5XR6EMMci9z9BJjBhIIIOx3BpGPlsN/mRT4gH8a+JcP4jj4M/CxXTuBlf7TI9q6DI/8AqDmUtiImIOsFG9Rb2oWeL7G9HkXXJ9K/ggPkd17gxj0Bilth4g2xPVR+lcll/wD1Iwj8+BiL/SVcfiDV5Ptvkn3xGU/zI49wCK0U4vyZvDkXcWbjfxHJkPiP0NLL5nphe/8A+qp4f2oyZ2zKeZj8aYOO5Y7ZjD/vFVuj6kbJ/wBP2Gl8z0wvU/rQsM0frw18Fn8ZoTxvLDfHw/7hVXF+1GTX/wB8H+kM34Cluj6/cpY5v+X7DjlMwfmzJ/2hVPkQBSn4Ejf9x8TE7ndmHoxNUz9sctNi579DAfhWbmfto5/7eCB/M7T/AOK/rWcsuOPbNY6fNLpP8HT5bhWAnyYaDy/KkcT4vg4A7bgHki3c+Ci4ri8fjeZf5sUqPuoAg9fm96zyl+/mTcnxNYS10VxFHRH4bJ8zdFzivFnzLxGhJss9phy1H6RvYdbmu64HhaMvhjquo/7jP51wGSwSzgDckAeJNq+mKgAAGwAA8hFdWllKacpHFrIRxtRiQxpOI6Lpd9kdWtvIYRH4edNNZeKTjOET5VNyPqP6C9dlX2cJp5dNSau6aSas4maVR8NVZt1ZwOwpAMrq5m0Wqq1Jeo36Ak0DGialMaYjdU0a0kGnIag0CmjBpU0YpAMFeWgBqZg0AMBqaWDTBQALsAKU2YXSWmwpuKIBJECsHiOMERluSbjlXPlyOL4LjH9rZkcQZnctr0jvuapZjHCIWLMyCA0ARDEAx1ImfKmJg62uZ7uQ/WsDieeJVk2VivZ+6UkHT3Gxjwrz5y5tmaRU4/xIOxRANKYhCRtoAUKB4lSx72rAdjJ79z+Qq1ituoHaJv5/SKU+XK/P2Y5bsetht51UW32bRm15F4TkaQBHUn3oy6yBqE+v4VWxGHKfM/pS8NTqB6Gae1Pk7cWrlFV/yRfKVGihXEJPzE+AAHtc09WJ5eZP+KimjthrMc5VTF6akJTStSFrPcdygAqUxEo1SmKlS5GiiCiXq0iVGDh1ZRKxnItRIRKkrT1Sl4jACTy/YFRG5SojI0kav2Yy2rGBiydo+I29z7V2pqh9ksjoyxd17bmT1UDYVdxLEDSTJ5RA8TNq+gwSjDHR8tqbyZGylnHZ+wgsTDN/9R+dXsnkwi6BY/WwMEWnQp5GNz9I7yKs4WWANrHafu9wBtrO/Qbm26sxiz2FFtrSZvMSbm955m5rdScuDmaSEZjFBhVsq2AAgeQ5DoPzmqxproRYikk1oiCGNKajJpbUAbSmmKaQhpgNQWNolNLFFQMYKKhW9C+KqCWYKJiSYE0m0lbAbUYjsFlZ8BWW/GkWRB1KYZZ5feU7EbetSeKK5KK4Ug9kkdlpE3PLw7q5J6vE1ti1ZUFbHvnsPE/0yxDXgMYmK5/iknsMSGB7J5MOnjWg6qTpdBqInVMK0dDurCsTjWMVITElkFw/1p0Mj5l76wty4l/k6HFVwRjMqYbgkhthG99mB6Ax61yebB1Cx+o3tzuSfLeugd2C9tlIsUMz8xgEt0rL4tkW+C7sQoFpkMW1OurTFyY6xvXJNfxKXPjg55JLo57+ICDs3c7v0P8AL+tVHZjO5nc9fOrJxUHyL/ua5PgNh71HxxNxPWtk/YIlZMAmrOFlR18jf2FEjKbxp6CYnv7hWnl8FAARBPXn671Msm3s6cOGWaW1FT+GbYsY6LYUbJVxlpZSud5HI93T6WGJcd+WVdNEEqx8OiXDqXI7EhSJRol6eqUwJUOZVEIlWEw6lBS8xm1QdT0rLmTpBJpIPGcKJNTwbKHGcM69lTqjlb5dXS9U8nhvjNew9gOZ76+nfZzgGhAWHzQbiO8T393lyru0uF37nka3UUqA4ZjYjYarpURZipMWtvyHhWvl8hAkmBzY7x3Tt4n0NPw2wktaReBECOfSfU1QzuM+Kig9nUWIjYaRInrXppxjz2zxncvZHs3xFUZdIASDfxPf19Tzo00M6OgFz6mKr42Ar6AdihBHXYkjwr2QGhmQ/SwIjkNvealybTaf1+he1dFb4bOHeRCm8nv2FVGqzxIsmExSCGxRJ7riwqqDauvFLcjmyRpi2NLY0bCgNamZrrTAaUTRJUlDgaYaSvPxqMxmVQammNrCaic4wTlJ8IYeLmAo3UEg6Qx3IrluKZ8vIkgMAHS7oSDYiLg29qVxTiWqUZ9YBtCdr2sPAkVktmXPyQo/mGpp/pMhfC9eBqtXLM6jwvcLLmGGPykMOQIJI87GfGrCahcqR/LG3geYrExkeNWJiFR1ZiAe5VG/gBVF84EJOEXJG7szAHuCA3HifEVyLC5dMNx3HxGdfhyC0CxYBv5WWbEj3g0tHxFBDCxAXSYdDuCUm67E+VZXCOIpiCcTCXVPzLK2iZIkiw51uYRJBaHZQJBMNNrjsjeAPaurJqZQxUlz1x+TZTuJlDJnExUw0Ahbm1pAsBGxEk9LjpXLfaTE1Oy7hDp+aRIMEiLV0o4gRLqWklgOzEn6rk2PdyBrCzWSLuYIJa9o6chtFvaowNxS3dmTMJMITEX8bVYw8rB7KBu+Rb1Nq1hwEkdogWBtuDu3oN/ECnJw0oAFktuSTJv94bCtvnx9Roym1LBaCPqgzY9/dVzHwYuPIjYyLGruHw2RJIA5kkR60a4DZd1TEHZYdgmDK27Lesg1hLJutrwepocqX7X36mJ/EkWI8x+lNTMKeY/CugzPA0calOmfMf4rBznDShgkHwNTDLjn1wz11JoYpFGorN/hyNpo0Q9T6mrcF6miyGnIFBiZlRzqouXJMVpZLgRfcx61lLZHmTG8jM184xso86bkeHPiNYeJOw8TXVZL7MILtLf+Iq+AsqikLqbSDHZkfNt0FTDOsktmJfV+hy5M0UrbC+z+QwsMgsJCqXE2DFL3PQdK0cxxl3UFiUWGLKNVgDCywvc9bVUxcZiIBFyEW2tSgvsJIma9h4qsCuEpVGcICGE9mzMytcC969fGtkaT/wBnkZZb5OTLKq1hrhRhyNWkzMwJ351ORWEWF0nQ5fSx0xEAiarZojSyzr1uuEhdCJCmWFgIXa/vV/DgBkX6YwxpDQCDcTsDyqukZjkBCr22bsMDYSpI35RQ5bEN+0CdIUsFIvIANzceFBxPMMitIPYQKNBBJmAZBG8GkYLGCzK6ABdSm91WSRBI3AnxpchwV+IviBVCojoWJksVAKi5jxJpatzj028u6r+O+GRLlXiy7AgmRGsnuHKqGIYOnTpG4vM+B6V06WSvaY5o8WQ1KNEaFq7jlNWdqIGlg2oppFFgc65bjnEZchXhBAOowgI6Qb+G9dFiYkIxHJSetwOnpXJPwRcXtPmUV2I0rqDaAT2pvdjHKL89q87XRlNLHHrtjpvoyH4obwsj7zEgHwUXPr5CqrZ3FbtFgi7dkaWPcD8xPnFaXFfs+Ukq4aWC4aXLFfvElQvpa9Zn8C4Y6pJW0mSJjYdd/wB7V5rwqHghp3yIOGD2mJvtMlj4E71DS0chyHTlJ6mrGHkndiACSFmTtHXw6Vdy3DyWE6ieyVMbkN4bQG7ovSQUWsrkihuzLNiEEAqRBQmDqB59e7noZZ8IEoMUIPnYOXACDcdm7ja3cOVJzBQTMjTMkASYF4g38TG/eKwsLLYuJiSilnMwARaRHMgQNXtWcW5zfp6GsV4NrMccw1ZlLB1aC6aTpbo14IPQzIrxxsBV+Kh0h9kfsvfmJHyR9Q5dapZPgwRmfFUQhAUMpBfE3JE2ZRbYxVPi2GXYsTGkgAzN+d+u/wDbQ4xT2NsuSrgvNmw19YYn6cM7bm8kEi/P0pGJmmAMrAuYL2HiAonreqBAHZdQCI7QH/yA2Pf61XzMkxqLDvM+h50LFGyEexczrgMzC9lW4B6wTc7Vs5rNgLhlyH1c47R3B7JNgLDp31gqCDIMcx/madmcTWo1GXA+eIgD6R3+A/WuqNJUdmCSbpnU8OzbCyDWCbrcOpG4KbjzAq5mMJHs+G6nwv8Ar7VxeR4gyqC6fEAgagf9QbwSw5QLSPSu++zv2nwCoXE7SgR2yAbm3zkA+RNYz0eKUrTaZ6Cy5YrhWvuZJ4Un0sR4qaJOCIfq9FNd4uNk2uFP+3DePVVinYeJleQP9rk+kUn8PyeMiF+t45izjMtwFJFmY9yn8hWxgZMrYYZ8IA9t/auiGewALK3nhso/uYAe9YXGvtjhYSsANl1Wg25XWV/8vKofwtPnJkv6Gf6nJkdRiZ/F898NG1gKBPZW7E95NgPGuXyHEiwJYGTCJoIIWZLMBbzmsrinEcXMgksqqD8gJHhqkSzd23Sq+H2R2f8ATOkoqk6WP3yymx/zXVgxYsK241X5Y5YpONy+x2WWzjafiIVaD8NbFSSR2zfZhc3nceNXsDEAZsU9pcNCiAqo7bCC6m19/GBXEriMhP1KgIXUnZOKy7qFEaZk3nar+DmvhhEYhVIGI5V9JB5KSSJJEdIJFdS55OaSS4OtfPaXCSpRF1MsMCC4kL0iYBJp2Rd2ZFdyiojYjxEMWIK9qBBFrVymTxGgBmdQ51sXh9KAE6dUnfkD3Vcy+cR0YMVL4vYTUjJ2VMQrFY57juptEGj/ABHxsRQhBZ3LBm1/KtgTAAMQ2x5DeruFnHcG6lmJJZSIVC6iYInm1gTtvWJh54orxrGgKiaRqJliNQEyfqJJ5mr/AA/iLPYIjNpZApAUyh7Zi4jVrIgmdHdUtCTKf2jOHiqFc4mGEgK4QadRgkvPa3YAi23dVTgeO/aR21FSbzI8v0razfEAFOosWZQ2jEBsdRJsBJsQIB6daz+D4L6AzxrMk22m8V06VNtsxzvijQmgPfRGgY3rtOU00NGtKU0wUFDENU8xxREkkReJNpPQcz5VZSsb7T5tUwwgCl3JCyJ0gfMw77gDx7qxyy2xcgEZnNoxLlipI3YjX4KD8oqkmaLA6FCIbM7iWbrpn5vYVUymUdrsC+m+kldIjYt18K00yrsNeIV0iIAHZ/lJLDbuHTeK8l3PkQCEESNWp7C0semq3tt4VdyeX0iZJIsTItt2RaquSzyYjMUjSog4jyNRn6Oigc+dWXfDdyq4msKA7AKCFtaTzJMET30SxSS/saRi3y+jI4viEnQLMxi8QAt4tzLFZ5cuVbWQyQy+EuI6ozNZN/iHWgEK82EzyNjzmq3C8FEJx8ZNRLD4IOwVRq1tzhmc25xV5sH42IMTMfIJCITpYnckDkfwG5o0mCKjcjSKceSvxTAYYfxSAheECKQS0X7BgFFudR5kDurncQAwP52J2ib9/ea7bGyfxWLs2jDRWRVUQigL7gE72n0jj3wJ1NhksiRLTAZmOk+4aByHvjqcVS3RCSb5M7EK3UgC5jv8TVEoRcczsdo7vatDNIBM/wBVv33VQ1TvY+59ayg+CKDLTy8RsR5VXbDVonkZAM7irAIZdQsRa3KlOTzE94/SrXHRcJNMrCFJDatIu7aQxYHcAjlJjrVvDaO0dKj6FkrYfUdXId+5NJAB8PEj3F6tLhEsbsFjVqJDIij5gNQsTbr71q2metp825ULTDbVIVmAj61CtJFlJ3An8a2ctilQuvEfU0nQod7yQIUfSI8zSsPCVgGVGYAFkWQJGwIgWDGT0gk8qt5DQxtpUMCzujm0RZQfIaoHdasnL2Ovjo0sNiqS7BtRgghhqGyoqMSB4cukyaRxBpIbSoupIKsAixclksT/AFWpjOkHtAAAMGILKoNhomCWN7iquNhsNOllCKJCjtM4fYsGB0jV9QBsYFY7pN0yltRkZ3JKWgr2ZOhWJ7ZFlZcRSbn93vR5fLspKi5AIVm/1Ew79rtxqmAYHWOdbAy0ds2xIGvQzKqAfKFQ+AERv0vVYphstwyamhAUbCZngS3ZMtvJMcxWim6oUmjERVMSp0LqZdD6WdjFtBveBedppeoQ3xGdYOp1KoxKj5U1Em0nY93SrmddpAQmVgdkDERGWZEkBlNpLHcknlNVcIlV1AKyCJ/1CA721KqtOkDrbeZvXZjbo8/MlZc4XmlfUgIbEdh84OEVRR2YXnAA25Ba1MfNYhYokaUUKhQKUd57Ri5GmDPWB0rKxcQJOL2i5DOzhEZVS2oagPAb8hbaSy+aRiGQYJkyg06HtE3JCiJB5yfONkc0jdy7iU1oOwRqadBGITqY6baoGnfoLSYq9jZpMNUVgyatSmWIOlQARrMtziR1Y86yw7DUJxEIUEkoHDGZmLhBq08pje9TxvN4S9vEQ4xVVWVQx8gPzhSBJY+ppU2yT2JxmX+GQrlrqQ6sBH1AbrvEG1ayPboa5PL5HWwJBBUyrC0jvA510SMQB3V6GGG1HJkluZcLzQlqQHqWcb1uZGuppoNLNGtQMJTHr+/zrJ+0eQbFQ6AmsRBYX06pIVuRPpWlNebeolFSVMZzS534SfDgzADal0yRuY6b1TzHGyRAgc+vdtXXsiv8ygzIrLx/s1gkGBHnsalQiuEM5ZM+5QqDBN9Q5eVXuF4y4eEUY6ix1NZQWMAgMQJPS5qyn2X0n5iaoZnhGKpPMChwvhj3E4GLi4+P27YasGA5sQLCela2BnRiYjux0YaWYkmXjkJ5C1huazMPLuFNj+96LDybmxEqdx+v751PykVvZrZfN42Z1KjBMsDYr8zxMqCdh17waPiON8NChCqWOkKsGFtvbebkju6UeA5wkCotgLKLCBVfK5Vmc4uJc8h0HWp+TFqminNlLO5IOhfTolQoAnlz9QvpWP8A9LJZFBkx2zyBBm34eldBxHNRJGw27ztSMAFULH5m9jFh6R70np4PwTZz38IUbttC9qHG9p7MDnNu+qGZxwjaZ1dqJEwe8A/vxroM/hgKs8zJ8D1/fKsbKYX+prsFWTy2A3vtzrGWlgk2VGm6IdNI1Ehe4mD4x0r2SdXYKGgAjUw2A6Hx6TWLmMfWWvbck+9WWxURLkFhZV3gncnq3U+Vcvya+p2QUU1JG/ncwoDMVMGwEgF1GyiPoHSINVkzbYg0qdCLd9Kwo6ADmeQG8+3O4Wbd2GoyZABOwvbyro8tmcJIGqYkzMguR8x6gch1vTeHauezpjl3Pg0ctiusKgGuAFQ30j778iwnwWruUxo7bQ7BDrxlOx2CqNmYxHLeRWC+fQQimVPac3BdjeLX03IpmHxHUwUKoUTAgBQefZ2Pi01k8Lfg1WVG3gZn4izpJtbDddRZwIkuTECeRA5c6PFdhGhAcTZip7OGdgYJjVB2AtfblQzPEgqBEaHYdt2YLHQL3bmBVHIY2Dhy7vrcT2QCBq+8WsSL0Rw+aHLIujQbLImkuUOo6QVDJraZVVkmFMCe8TUAOBJwyzmdAkEJNiDO24sZ8r0nh2M7s2K8BbadSBmMfcB27jSszxFMUkKNIES+lS+mSTHaGkeFbRi7oxm1ViPgsRoRyty7uWkACbAwAwFzFpJ7q08po0sgadelNXZLGbqnyiJmdz70pMqhZV1qA3aRSrEsAY1vsTceG3U1o5rMIEf4TanNi5aQDzIC7HwrW/BzNeRWbxnTUMLES28LGpxuG31CSTYTyFY+Lxx3cqx0EMEJQ2cGbtbw96y8z8r6He8kLZ4iflbUCo8j0mkfZ/h7/E1vJA5m/gb1tix27MMk9qo73JppUDoLeFWSaqYDRbpVjVzruRxs8f8Ami1UBPvXgaoRvFqMGlUY2FQyj2qpmhO9SdqQAOSDNGmLyoGpbUDLSYtS6AyPCqZNH8W48I9P2KVABoAMEW2pqYKxt+/3FIzDfr+/egwsQiR3/v8ACgCw6CP3z/496RiYgUeFG799UMw8z++786VDsDNKjCDyuO8c6oZtxIANjt4jb3/Cq+Mjf2/hWdmHYHu/d/entYWhnEnLW2rPzmEPhm0g7j8aDMZkmRVX45gibUbQ3GRmMADakHBJ3NaLrQBKTgioyYrCWKPxpqrRhazcLN4zoUjdKerkVKpTAlS4FqYIfmd+XcaDLFQ6s4LAGSAY1Ux8NulLdIHfRsT4Bya5LnEeMl2VcMlF2vYmf8WHdTsrjKjrhomtVUF9Ntb/AMx+4PesJUuSasZbEdVftFVYQ0fVG00vkqqRLzNu2bnFuKpodhBd0CM/JVBMIg6d9cjgZ11aUJUDpuYohhnEeLx+VarZASFirjhVcmcsrvgLJ5xsZlBQKQZZgIkbV1uWwQBA/wCf3+tZ+QygUDr1rUwzaOlbRioqkYyk32MQ09HpLmb+vfUo3776ogsKeXKvMT5/iKAGiF99xtVCNoPemB6RzprcvCpZQRa3hUg0sc/CjFIAlFCRRLy8aikMU4/D/FCwpnXwoaYhbih0fv3ph2qcLl5UABFV8bCkVbNC35/lSAznwbzHcfOqWYyMqbXUx6H9K122NA31eX4UwOUzHDucVTfh3dXUYvP986q4vPx/SrJOaxOHkVVfKkcq6jHqhmKTNImJ8KiGHV5qE1DNEVQlNRKM1NSWiIqPh0VEKaQmxDZcGoxsqCAo2qyu9NWrSMZFfJ5BUGrnRjDlpq82wpK/MKbJTNHLpb8asRHiKTh/LTTy8fyFIQ5SP330p7HuNeTbz/Sixdj++lNCCR/WmzVbD2FPFMD/2Q==')
INSERT [dbo].[Img] ([img_id], [img_name], [img_url]) VALUES (8, N'snack', N'data:image/jpeg;base64,/9j/4AAQSkZJRgABAQAAAQABAAD/2wCEAAkGBxMTEhUTEhMWFhUWGRYXGBgYFRgYHRoaFxYXFxgdFxgaHSggGB4lHRgaIjEiJSktLi4uFyAzODMsNygtLisBCgoKDg0OGxAQGy0mICYtMC0yLy0uLS8wLystLS0tLS0tNS8tLS8tLy0vLS0tLS0tLS01Ly0tLy0tMC0tLS0tLf/AABEIAK4BIgMBIgACEQEDEQH/xAAcAAABBQEBAQAAAAAAAAAAAAAAAQIFBgcDBAj/xABFEAACAQMCAwUEBwUGBQQDAAABAgMABBESIQUxQQYTUWFxIjKBkQcUI0JSobFicsHR4RUzQ4KS8CRTY6KyFjTS8XOTo//EABkBAQADAQEAAAAAAAAAAAAAAAADBAUBAv/EADcRAAEDAgMGAwcDBAMBAAAAAAEAAhEDIQQxQRITUWFxgQWRsRQiocHR4fAyM1IjJDTxQnLCFf/aAAwDAQACEQMRAD8A7sR7IKkePxPnT106iQxGAcbfCn6X1jkcDy8PnXPOFYlOZA8PP+FETlDaNmG58f5129rUoKggAb4+e9cCqnSNxn+NdUxqYh+h+H9KIkV1wxKkdD8aeFXCAMR1Hn13oGvSMYY59dq6ff8Ad5DZqInLnJ328PA0DVjcAnqB/WuSFdLHcA8/9/GuwGMDV+m9ETmAzSCjrQKIlooooiKKKKIiiioXjszq8ZUuFGktp1Yx9Zts5A/YL/At50RTYWgmqxxe+kET920moSTe6Hzhrebu8YHLXpx4HFM0yM8oLTnE8G4eZRpe5kR1AwMAR4zglSNLbHeiK00VUHnuVWUgSkmUMoDMx0xvNIT7WAqsEVCoOMcs6sV67hXUNpabBabPtyE6Q0YGnfI2LYx50RWSiqxwySfv4QTIYiBnVq2KxSe9nnq1Kd+qDrVnoiKKKKIiiiiiIooooiKKKKIiiiiiIoopQKIkooooiWiiiiKP9kliCRz6eO1KFIVQrDc+OP1pWzpOpBufT47UpCllGCDgfz3oif7WvcAgDngeHQ+tcww0klMZONvn15UsePbYNz8emafpfSuGB8fMfxoiQouUGSMbgeu+9dI85Yhs+A8KXfUfZGANj1rnldG6lQTyoi7tqAGwJ6+lHXlyHOm4GQM8hyzzHLenAHff0oiQYx4Z+Hl1p9IKWiIooooiKKKKIiiiiiLxTX5WQJpG7KoOsjmjMcjTt7uOe+elc7fimpGfRgCPvPfydy4wdsD3D161IECjFEUcvFCSBoHvKudTdYu9J9zoNv1xTYuLFgCFXfutu83+0ZV5ac4Gob+o9ZMCgKPAURLRRRREUUqihjRElFFFERRRRREUUUURFFFOAoiAPGkJpCaKIiiiiiJaKKKIvJo2UK/n610GrUTtjG1DAawNPIbHpXNdOGIYjJ5+B/2aIkJ9j2k5ncDb408qusDfIG3hTtLeyA3LnnrXg4lxpIW0sCznGiNBqc+o6D/YzSYXQCbBe5B7xDZz8hT/AGtuR8f6VCd1ezA7RWyHfGNb/Hp+leaSEKcScUw378af9uqs9/imFaY2p6An0BCttwFciYjrZWYczt8fGmqBjwz8OdQcVrdY1QXkcw8HRcf6kyad/b7xHF3C0f8A1F9tD8tx6b1JQx+HrHZY6/DI/FR1MJVpiXC3n6KdpJHCjLEAeJOP1qBW5urneL/h4fxsMuw8VXko8/zqKmbhyPpd5LqbwBeUn007H0zXip4hSDixgL3DRonz0C9twby3acQ0czCtDcXtxzni/wD2L/Ou0F5G/uSI37rA/oaralCPY4JdsPH6kT/A1xuHsshbmyntSTgNJA8Qz5Ff4ioxjq2tB8coJ8pXs4WlpVarjiiq4XltUEsUhubbmQSGdV6lW+8B4dPzE7aXKSIHRtStyP8APwPlVzD4mnXbtMP1B4FVqtF9Iw5dqKKKnUSKKKKIiiiiiIpQKAaGNEQTSUUURFFFFERRRUXxfi3dssUSd5O/up0A/E56D/e1cc4NEnJdAJMBSlGKq9/bhQGv70rnfu0bQvoAPaceeKiBd8Gz/eNn8X2v8qzx4kx37THvHFrTCtnBOb+tzWngSr/RVZtYHC95Y3PfoOcTsHz5BuaHy2qX4RxRJ01Lsw2dDzU+B/nVjD4unXB2DcZg2I7KGth30o2sjqMl76KKKsqFFFFFES0UUURc8Nk8sdB/OmHOBlc5O4HTzpQowcZAY8+W59a6N7O5OwBJ8xjxoih+O3xRlihGbh9l8FXfLH03/rjFeOFO4kFvaxm6vpdyT0zzaRifYTyyOmTuK89vf93BPxGQZeQkRA9FB0ovxI3x0XNal9G/ZX6lBrm9q7nw87nnk7hB4Bc422JyfADKLfbarg79thiL+87WeQ1vfor+17NTBb+t1+g+pUHw76Le9GvilzJOx37mNjHCvlthnx+L2askX0dcLUYFjCf3lLn5sSfzqzSyBQWY4ABJJ6AVQO030hNFMba1hM9wMFkBCrGDy75yDgkH3BuOrA7VpAMpNtAA7AfJUjtPdJuT3P1T+J/RVYP7UMb279Ht5WQj0ViU/SqtxLhHELPOpfr9uPeKppnRfF4znWPMZzucivaO1PHOYWwA/CROfmdf8ameyPbOe6ujZXdoqSrGZe8ilyoUELnHvJkkD3iapF+DxsskOPxHQ52VkNxGF96CB8O+nwVf7O9k5uKAXF4zw2R3igU6XmXo0jDkp6Ac+mNma/Siy4XAxjjigRV1MQuMAELqcgFnJJCgbsxIA8rLWX/S1YzSoO7hkmVLmB5Y41LM0KxPj2Ruy69fxNW6dNlCns022Gg/M+Z7lV31HVHbTjf8+CYfpTmI71OHSPbDcyNIqMVHNliwdsb+8R5ir9bSRXcCyRnVFMgZcjKlWGcMjbeo58+VY5ddomkRoobS6MzqUWM27DBYY9rwAzWp9lLI2PDreCTeSOMAqDzc5ZgD4Ak78gBnlVfBV61YONVmzw/Pn8ApsTSp0yBTdtfn59Vm17w1LHiCRRDTBdrKe6zlY5oSRJozyQgZA/axyAFVS24i1lcyou8Wsgp5Z2K/tAY9cfK0T8RF5ftchgbe0R40k+7JI5LzSL+zuQPIKetZ/f3PeyySfjZmHoTt+WKrtI9teWZBon/tJ/8AP5dTx/bNDuJjp/tatBMrqHU5VgCD4g10qt9g5y1uyn7jkD0IDfqT86slagMiVQIgwiiiiuriKKKKIiiiiiIooooiKKKKIuc8oRWduSgsfQDJqqwXbQ2z3ZXVc3LBY157ucRoPEYGcdcAVL9rZdNpMfIL/qZVP5GltbMNxDhMBHsozSY84YtSfIrWbjxvalKho4knmGiY7q7hTu2PqjMCB1JhXPsf9HcFuomu0W4vHw0kkgDhW/DECMADlnGT5DAFwuI4wh1BQgG+wxj0IwflXqqm/STx02trJIvvRoGXr9rI3dw7dcMWfH/TrSA0CpSs/wC2K2cF5A1iyLctMIp4IhgNG2ctJGvsxup5gb75IGCBXu0lybe+MkJwSqsw6EnIIYeBAB+Oa97zLw6CJQivPICzsx31HBcs3NtzjGRnBqoXVw0rtI5yzHJP++mNvhWPSca9f2hghsFoP8r5xoLarSczdUt065mY4Wy6rTuD8TW4jEi7dGXqrDmP6+de6qT9HznXKPu6VJ9QSB+RPyq7VrMMiVnvEGEUUUAV6XlLRS6KKIkbbG3PnUT2nm020zddGnP75C/xqVNQvbFc2cuP2D8pFNcOS6M1zjsQ9zwmzI9kyCRh4/V4w+D453rdaxWxkA4vwp+h+sAerW7Af+Qraqz/AAkD2RrtTJPXaKt48k4hw4QO0BV3tnxPuLd5MZ7tJZiPHuU1KD6yFKxdLlrSwSQHNxcnvHkO5LSAuWOeZAIHqc1rH0nQF7O4A62t1j1URyfpGayLtH7djZSDlpUfExj/AOJrx4jDn0abv0l1+oEgHvovWDs2o4ZgepuojhnEpPrEbSSuRrXVl2O2oZzvyrSex10sHGnWTb61bqsTH8UZyyDzIBPwHjWTQRa2C+O1XK1P1uIQSOY7qAh4pAd8r7rqefQZ+B58o639vVZiAPdA2XRoDkexHlEKRn9VjqU3Nx9O+i+hK8N/lcOBkLnUMZOk9V65Xngcxnriqn2A7am5za3YEd7EPaXkJVH+JH0PiQOXPlyvVa4IIkLOIIMFZXxL6S7uK5e0HDg0q7qRdgB0PuyJri9pSN+fiOhxCcXuL69DfXZY7a2++kTEs689MszH3fIeyfw9auvb7sgtzGGRu7ljJaCXl3Tn7jn/AJTn/Sd9xtWb3ERvY2hmXub23JDxnb2vTqrbbjOMjBIO+Z4jVr04LXQw2Lolw55xB4gW6xNzB06TyQ4S7QTAP35Tfkovj3HEKC2tRphXYkDGrrgdcZ3JO5P5wtlYyynESM/jgbD1PIfGpPgHADNIwlyiRH7TOxyPu56eJPQeoq28Dtbq+Jj4aqQWqEqbl1yCRzEKffPmfiQecLHbs7jDN2jmSTYTqTqTnb5Kd3vDeVjA0AzMaAaDqorgpns42ElqzIW1MyOrEbAe6Ogx41Iz9og+lLVe+kcZxyVB4yHp6fzGe/HuFXPDHhdrw3MbyxwSq0QQqZFZg6EE7ey23THXORwvkMUi21jGPrV250+CjfU7eCqATjl7xweR9OxWKpOFEtBcf0kTHOZygX1XhtGhUbvZIAznPlHGUv1O+O5uYlb8AjyPmd6dZcXdZBBdKqSH3HX3JPTPI+X6bZsUn0UWaQ5naWW4OA1yZHBVmONSpnTpDEbHJx12qkXYaaymSbeeykdGP7UJwxz1yuRnqRmvb34jClrqrw9pIBtETkRfLy6Ly0Ua8tY3ZIEi8zGc81b6iuIceijbu1DSy/gjGo/HoP1qv8H4pc3KC3U4I9+bqE8P3jyzzPzNSfDEcyGz4VAJJV/vZnPsR+cj/eOc7DwOAcECeviyH7qi3afE8ABxJ05cdMwo6eGGzt1DDfOeQXX61fvukEUY/wCo5Y/9nKl1cRXcpbP5KXU/AttVltfotlkGbziVwzH7tvphUeW4Or1wPSnXX0UIozb318jdCZEkX1ZMLq9M1Hu8eb7bOkEjzmV628J/F3mPuq1b9oAGEdxG0Dnlq3Q+jjb+HnU1UFxCKe3dbXiISaKY6IrhBpDOPuyLsY5PljpnciNRrqORrGNsg4KSnmkR5+uOXry5jHqnjXNc5mIGyQJnQgajXsuPwwc0PomQTEag8FNcQ47HG3dqGll/5cYyR+8fu/rXn7/iD7rDDGPCR2Y/9lcrKN1l+pcMhEtxjMsjn2Y/2pX6n9kfAE7VbLT6LXcBrziNyz8yICsSDywQc+uBUYq4vEN2qQDGnImS4jjGnfsvTmYeidl8udysBynXsqdxa1v5IXjkjhcHH92WB2Ib75APKpixfHGuGeYuR/8AwapTin0bNCC9pf3KMN/t2WWL0bCgoP2sEDeqpwzib/2pYJcJ3dzBcSQypnb7SPCsn7LZ/MeIry2jiW4im+qQ4DaEiZu05i+oAt3Q1aJovawEExnfJwyK32sl+lGfvLi0t+kl0XPmlrEux/zSP8q1qsM7e8XEfEbclWcrBK6IoyWkuZ5VVRgcyAP6natDE7W5fsC8GOsWVWjG8btGBInpN14O0XALi5uCy6VRVVVLNz+8SAATzYjfHKoa77I3KAkBXx0Rjn5MBn4Vo3Cfo6uLoCXiVxJHq3FtAwQIPCR99R8hy8TUV2x7Mf2XGbq1nnKxaGkhlfvEeN5Fj9g4BVgzLnPjseYrMpYTG02Na1zbCNmLdJzn4c4V2picO55Ja6+s/L5TK8XYyGJYT3bZcn7TIwQw+6R0A3x8asFU7tNObe4juIdjKp1Do2nHvDzDD5ZqycI4mlxGHT0ZTzU+B/nWhhMQ2vSa8WnRVsRRNN5abr20A0UVZVdO1GikooiSvDxyPVbyr4qRXurzcSGYn/dP5b0RVh7pzZW91GMy2UiORnn3RAYE9AVwT5VvPCeIx3EMc8R1RyqrqfJhncdCORHQisB4be/VpSW/uZdn6hW6NjwPX+gqxdneOvwhyrBpeHSNqBX2mt2bmcdYzz29RvkNl4Vww1V2HfYEkt4Gc29Rpxnor1dprMFZt4EO7ZHuM1rXGINUedOrQdWn8S4KuvxRmHqRWHwcPERm4VO2wy9rIf8AEhYl42U9WHUfvDoa3HhPFYLmMS28qSoeqMD8D1B8jvUH2r7KWt0mmZchSWUqSrxE7s0bgHSCRkqwKkgHbFXMThxXZskwQQQRoRkfzTgq1GqaTtoCdCOIOixBuzlzA3eGPWq5zoIJxgjIHP8AKkUtO6C3BMo9oMNtA/aP8P54NggZY71ILK7nu4lDfWGlZXVDj2FSQbM2eenbwJ3x14sPq6abUAT3cyxoegeQ4B8gN/i1Zb8XXpP9neGue6IjK/8ALoL/AGur7aNKo3fCQ0TPHt5wn8XsVkSMzzJDdR4aOZG0FXHIrkg4z0+VXLsD27M7CzvdKXaj2WGNFwo+9GRtqwMlR5kciqv4V9F/DoYiZ4/rMuMySzFmLHGSQucKPDrjmTzrNuK9moG4hJDaBrdYYYpGxI7d3cSASKYyTkAAr15qcY2xYo0TgaZL6ksF42cp4X4nL0UFSp7U8BrYd1z62+PqvoRlBBBGQdiDWdfSD2Tdytxa7XUQ+yP/ADUGS0En4jjJQnnupx71SX0bdqXu43gucC7tiFl8HB9yQdPaA3x132BAq3XcAdCp2zyI5gjcEeYOD8K0vde3iD5EFU7tPAj5LBeNcVW4sA0R0d/JHE/ipZgrhvHYAb8xit24ZYxwRJDEoWONQqgdAP1Piepr5++kGLubi6EQwJooL7SOSyiUJJgebam+NfQ9tMHRXHJlDD0IyKp4DDtoB7G5bXyBv0mFYxVY1S1zs4+ZE94WYfTG40wgnAN7agnyWKVjn/VmvR9EvDTK0/FJV9qYmKAH7sKHGR4amG/7nnUr297HNfgRhxGBLHLrK6hgRvE646HBDAnbbFWjhEcSRJFBjRGqqoHRQMKfMEDn151Z3Q3m81iPjJ87eSi3h2NjnK6cVj1QSjxR/wDxNYzMueIcVj6P3UmP/wA0Gpv/ACrbpUypHiCPmKxeVdPFZv8ArWlrL/pRYj/41U8V/wAR/b4OB+SnwH+Q3v6FQkEMkFnDBAP+KvHRF8jJjc9QFUgZ6Ek1tvZTs9DYWyW8I2Xdmxu7n3nbzP5AADYCs8+j+z+u8Re9P/t7MNFAejyuMSMPEBTjw9pT0NavcyaUZvBSfkM16wFIsp7b/wBTztHvkOwi2hlcxdQOfstybYfM9yst+k7tXOjCG1fRIySzF9j3cMOoalBBGqR1YBugUAY1E1fexl689haTSHMkkETO3ixQZO2253rFO2U4W54kzf4Nra26+k0SE/NiTW49lbIw2VrCeccEKH1WNQfzFT03udUeNGwO8An1Cie1oY0jMyfjHyKov0zqPqz+IksmHkxkmUkeekYz4VBdpbsW0UtwozJpCLtncudAx5FiceVT/wBNA/4WQ9A9kT6d7MP4ioC5tzecQtbOPcRyJcztzCJEcgHzbOP8y1m+JUN9iaDIke9PQbM+eSt4Opu6NV2to6kGPzgtF7AdmRYWiRneZ/tJ35lpG3bJ6ge6PIZ5k1C/ST2mlt1VLdgskkghQnBCnR3ksjA7MEUoADsCxJBwBWg1j/0r2oM9o0me7+szwvvj/wBzBFoOemytv5Gtaq4tY5w4H0VGm0FwbzHqrX9GHGZ7nh4nvHD+3KBIVVNcatpBZVAHMMOXSsw7YzgcYtXX/ANgsp/C/fFgrftBNIP7uOlSltw+/ijWCLiciQKMKvcxllXwWT3h6jGK8nDeAJLe23D4dTBZBd3cjHUx0HI7xupYnGP2wfGqTPEqNV7WUTtE8iIGpMjhYAZkgKy7B1abS6oIA5gyexW91nL2VtaXH9p3rKDFDDBGG/w2CFnOBkl2LFVCgnAY8iSNChk1KrDkwB+YzWUdrexV7xO4gIdYrYJrZ2OW7yVmMhWMc2ChFGSMBedaCqK/dmO1NvfwvNbs2hGKMXUpghVY8+mGBrPPpH4n9bnSwj5OUkuP+nBGQ8aHwZ2OvHMDu/E1cpeC/UrJLayUYVJAmvfXPpLRmYjGQzg56ZKjltWb9igrQGcszTSszTu/vawTkN4AZzjzqh4lizhqBe3M2B4E69rq1g6ArVQ05Zn6fmiXtOLPVH9acqTlUALDGSMn2RsOW522qNt7f+z5w+otbzDTq54PNdWOfXcdCasvYfhiXkl3fzxiSA4s4VcbMmtRKw+J2PiWHSqxbw/8BdwMSy2000SMeZETgqfzI9Kz6VKrg6dJxcbkAtOQnhwIOec3Vx9RmJe9oAyJBGZj4GdOyuKsCAQQQdwRyI8qWqH2Q44Y3WBzmNjhc/dY8vgT+Z9avlbrXSstzdkpaKKK9LykNNZcgg8iMfOnGiiKl3EGCyMM4yDXntOKy2ns47yA/dJ3XPQHp6HY+VWPjtjn7RR+8P41AuoIwRkGoa9CnWZsVBIUtKq6k7aanxR8OkbvY3ktZDzMbNEcdd1yo+FdrqOzK4uL+4uF/BJcPINuWwGf/qoG74cw/u9x4dR/Oot1I2IIPntWecE5thVeB19DEq4K7HX2Gk9PUTCst92mVE7mzj7pPxYAPnpHQn8R39K9c11izsbpQW+qTQSOBuSIm0t8dh86pwqxdm+IdyGjnX7CXY6hsCRg5H4SNj6DzqKphBRa2pRbJa7aPFwyMnjGXPS6kFY1CWVDAcI5Dh2X0NPKs1szRMGWWIlGG4YOnskeuRWQTTLFxW+EjBe/W2miLEDUndYOknwOR/lPhXfgHGrrhY0RobyxJLKqtmWIHchPxr5efMdfVxXtnwK5AF3DISuSI5bd9aatyFZM4BO5Goirr91j6DmMdYx1EGbjtrpyKpjbwtUOcMvI2jPoU76OR3/Fp7mHeGK3EDuPdaRpFcAH72FX8h4itI47xNIInZnVMKSWbki9XbyHQcycAVncP0gxRxiDhnDptA937NbePfmdZ1Z+IBPj1qvcWWa4xLxWZFiU6ltoyRHq6FySWlb4k+BwSK8nEYfB0xT2piwAu49v9DQL1uq2IeXxnecgEyKE3zXdyVKpPH9XtlbmIY10qx82YK3rnmMVpv0VcV+scLtz96Je4cHmGh9gZ8yoU/5qyCTtcfrCFRpgX2dONyDtkgeHQDw86sHDJ7u0klm4cYZIbn23jkLAB/xxlSMZ67+XQYq0MS6jWc7E+6HwRewi2ybRMRfl5WKtAVKbW0b7Njzm8jlMrRu3XaKO0t3d91Ue0oO7k+5EPNzz8EDHwrLeznEp7C7jv7tyUvCVu/CMucxNjoE2GPujUB0p18JGdbrikyExkmKGMERqx3JUH2pHOAcnJ8SQBiLtu1ayvJHcoO4k2AxnSOXtY5555G4PLy91MdUqOBww2mtzP8uTeMC/WO/inhGtaRWMOOXLmeE5dOeX0RG4IBBBBGQRuCDyIPWqB2r+j03kqOk5gKq8TMqhtcDuX0D2hpZSzDO4II9KqvBbniFmgHD7mKe3+5HcZcIPBHQg48sgDwr3XfaXjMw06LOEHYt9pIfUKWKH0ZTU/wD9LBvb7zx0PoQfuovYsQDZp7fUWVwPErPhkdtbK6xRaljXO5dmODjx9ptTychv1OKtcqBgVPIgj57VgFzY2mthfXJuLiUaWd29wdAoGREB0zyztscVO8P4txi1QRQzW9zEBhGuFfWF6DUjDUAOpJNcb4rhyfeJaNC4QHdPvC67A1gLCeMXjr9lL8U+joS3q3c82mL7EzQhcmaSBdCaSDurAD2cZ3I5nItXZ3tPDcXFxbLJqlhwzAEFRn2SqEe9owoYjYM5FZxxG74pcqfrV1DbRbhvq4YMVPMd7IdSD0OPEGoyz4fb5RuHXHcXEGQki7lgeeoN/eqfiPLG1cPiuHn3ZI1IBgdfsgwNYi9joCbnp91rXbLs2L6F4SdIlQIWxkqyuskb4JGoBgcjIyGqM4Nwm34RbSs0weVvbnuJNt/ultyQoydKZLMScZJJqsHtNx3Gn/gD+3icH1IDAflUDxWDUwl4pd9+VyUgACRgn8MK+8d8ZwM9c10+KYb/AIO2joGgklcbgaxPvCBxNgta7GdrLfiEOuByWQ6XR8BxgkKzKOjAZBG3McwQF7Wdm47yJ45ASsgAYAgMCpyjoTsGUk89iCQax6Ca2uJBNbzPZ3Q2DKQhPQBgDpkGw2z0AO1WSLtFxyL2RJZzj8Ukbox9RGVWjPFKItV9x3A+oORHOV12BqZs94cR9M09Ow/Fx9ml3bNHyEzxyCUDx7sqVJ9WPrU3Y2Vpwa0lZptUkh+2uH95332UZOWGTpjBJ3yepqvT8e43KNLPZwg82RJHI9FkLKfjVfuLW270Nf3Zupj7OZG9lMj7qLtEPXYbHaoW47BUZ3AknMMHfQAR34xqvZw2JqRvbAauP4VufCbpHtopU2jaJHXfOFKBhv1261mFz9IM1pxFYpTrtFitVm9kZieWMN3mrmfeGQc7ct+fh4Zc8VtYfq1vJbTW4BEffq+pVP3cxkBl9c+GAMCvEEih7367KJZrpszHTtjBA9ke6i8gfljG0lTxWhsjcnbJ0Ezz0taV5Zgas/1PdHE5cut1uE0ayx4zswBVlPoVZT5HBFZ/xT6MhLNLIt09vFMdVxEigq7feaNi32WrmQQ25PMVX+EXXEbOMR2NxDNb/cS4DNoHQI6EEj44HQU+74nxiYfa3Vvbr4wxlm+DSk6PUEV6PieCcJc8dCDM9IzC57FiQbNPY/OYurD2v7RQ2FvFbWygyAAW0I3LOPcdhz7tW9ssffK7E7ms44sn1SxS2LapZDqkOcnJbU5J674XPXBrob60tCzxs1zctnVK7aySfxSfwG5xv41Vb27eVzJIcsf9gAdAKhL3Yt7XQQxpkTm46W0Az5+krGCg03lxEWyA1vx4wuJONxWvQtlQTzIB+YrLOE2JmmSMcifa8lG7H5fmRWrVpUhmqdXRLRRRUqiSUUUURFRF/wAGDe1HgH8PT4eFS9FEVRlspF5o3yyPmNq5i3ZttBP+UmrlRRFXbHgRO7gIPAYz/SouaLmrDxBFXaoPjlgcmRR+8P4/zoiqqXtxaH7JyYzyVhqA8sdPhjNe1e3E2N44yfIsPyzTmUEYIyDUbccHB3Q48juPnzrPr+HYeq7acwEq5SxlRggOIXoue2Fy2wKJ+6uT82J/SoO5uHkbVIzM3ixJ+XhXuTg8nXT8z/KnJwVifeHoAT8uVeqOFp0v22AdPqlTEF/63T+eSi69sXfxJqRnRTzCsy/EgGrNb9mNEevGXG+DucdfIGvORU5pBwh31UJqwbKrSysxyzFj4sST8zTasDcIRjsGBPRf4DBqT/8ATfdKHVcnr1K+n9KCmV3eBVbu5YQGBZM9VYj/AFYpsvEJmGGmkI8DIxHyzVjIrxy8MjPTHocflyo6g0nai/x80bWIEeigMV1gupEGEkdR4K7D8gamo+DJucOwHPwHrgbV61tEVcBRjqMc/XxoaRcIcm9AyVceRm3kZmxy1Et+tcXfNT0vDIz4j0P86evCkXBKHfcas7/DkaCmRYIagUJ9elxjvZMeHeNj5ZrzmrNNao3vKP0/SuUfBkY4AYnwBrm5jJd3oOar+K7pcSx+yryJjoGZfyBqyHhncnePSfHn/wB1MlhVveUH1rppSIK5vYNlXJLqRhhpHYeDOx/U1yqdbhMfmPQ/zp0fB03OlmA57nb1xXBTIEBd3oKhIrp1GFd1HgGIHyBpqyHOeZPPP86si2yAYCjB6YriODo2dKscbkAk4Fd3d5C5vQoNLh1JKuy5/CxX9DTZpWb32Zv3mJ/WrHDaoowFG/Prn1Jrg/DIjvjHoabq86/muab0ZKAr02FjJM2iNSx/IDxJ6CrBY9ng5GlMjqzE4/rVt4dYrCpVR6kY3+HT0ru7JzXDVGi8nZ/ga2yHcNI3vN/BfL9f0lqbkYHTP/3S9efwqYCFETJlPopmlvEfKii4nUU5jTaIiiiiiIooooiKKKKIo+64RG+49k+XL5fyryf+nz/zBj93+tTi0NRFEJwRerkjyGP1zXutrNI/dUA+PM/OvRRREV5ZuHxMcsgz4jI+eK9VFEXGC1RPdUD9fnzrtRRRF55rKN92QE+PI/MVzThcI+4PiSf1NeyiiJqoAMAADwAxXnk4fE3NB8Mj9K9VFEXniso13VFz44z+ZrtJGGGGAI8CM06iiLyf2ZF+Afn/ADr0RRKowqgegxT6KIkYZ2O4ryvw2I80Hw2/SvXRRF5E4bEPuD47/rXqVQBgAAeFLRRF5ZLCI7lF/T9K7RQhRhQAPIc6fSdeXx9aIuEtlGxJZFPwwfjimrZRjH2S7+WcfE12yMEg4z1pxByN/WiIyM+YFIOWx58jRk75Hp501sYUFef5URdDnI8OtJnnkf1FIuCxOeQ38KUZC7Nk+JoiUQr4UtOzRREhooooiKKKKIiiiiiIooooiKKKKIiiiiiIooooiKKKUiiJKKj5ZZg5wpK95GBy/u9ILkeecjmfTxThpnOnvdhpbUMDOoOQDtyBXfH5miKRoqNgafOGyR3ZOSF9/O3Ly+GwrkktxkZUgErnZdhqOeh3xj+nOiKXooooiKKKAKIinDagU0miIppxj/fpTqTf+dESHnz+FG+/XwozuduXWuZ06eoBNETmPLK5zz8qTI1E75A50v3hvyHKky2DyPhREwY07NjJ5muu+objHWubc1BX+lNDLljuP942oi6s+xJX5eFMOn2RgjqP603HsgBuZ9K6e1q6YoiXvV/EaSuWo/gHyNFEXqooooiKKKKIiilUUhoiKKKKIiiiiiIooooiKj728kRwqpkHu99LH3i4bcbDAUH4+dSFOxiiKP4bdO+nWuMqx91huHKjnyyBnB8RXj/tiUrnuifs9QAR/e7zRg55bb4x48us2TSURRH9pyfafZ+732j2W9ru9OjrvkEnpnFd7m7kBAVc5RT7p3LOFP3hjAOcZ+IqQooiinvpRn2B/j49hj/dsFTk3XdvPG3jXrt53IYkZxp0gKVJyisffPixHTlXqooijb68lVmWNMnTGVyObNIVIzqA2G/xz5F0d3IQfZ3Euj3TjTt7W5Gduu3p4yFFEUZDfuSoKYyyg+y2wMQfO5H3iVzvy5VKKaSiiINFFFESHlvSdefwpabr5+X8s0RG+Dg58PKkbO2wPjSaVKgY2NP0b6s/CiLnqGWJBGNs+NcyF0gAkZOf4U92ZVOTneml91BA6fnRE/fVsw2HKuZLaTkA5P8AvlTVKtqOCP6mnGI4XB86IgkZUFccv50ilfaIJGf40pdgx35A1zMns8hufSiJ/dn8f50ldQB4UURf/9k=')
INSERT [dbo].[Img] ([img_id], [img_name], [img_url]) VALUES (9, N'hihi', N'data:image/jpeg;base64,/9j/4AAQSkZJRgABAQAAAQABAAD/2wCEAAoHCBYWFRgWFhUYGBgZGhgYGBoYGhwYGBoYGBgaGRgYGBgcIS4lHB4rIRgYJjgmKy8xNTU1GiQ7QDszPy40NTEBDAwMEA8QHxISHzQrJCs3NDQ0NDQ0NDQ0NDQ0NDQ0NDQ0NDQ0NDQ0NDQ0NDQ0NDQ0NDQ0NDQ0NDQ0NDQ0NDQ0NP/AABEIALcBEwMBIgACEQEDEQH/xAAcAAACAgMBAQAAAAAAAAAAAAAEBQMGAAIHAQj/xABJEAACAQIDBAcECAMFBAsAAAABAgADEQQSIQUxQXEGIlFhgZGhEzKxwQcUQlJictHwI4LhJDOSssJDVKLxFRYXNERjc4OT0vL/xAAZAQADAQEBAAAAAAAAAAAAAAACAwQBAAX/xAAqEQACAgECBQQCAgMAAAAAAAAAAQIRAyExBBIyQVETInGBM2EUI0KRof/aAAwDAQACEQMRAD8A6DtReoZQ+mqfxqB7jLtj8ahp3BuCQL98pvTNwalC3C/whZfxsTh/Ih/0YTqHlH2FXq+MS9G16nhHmGcZd8Rwz9n2UcSvcA7Vp6Tm20KX8Z503aDgi15QMZRJrPA41/1hcIvcJOj1P+0MJeXp2dCdwMp+w6R+stOiYagHsGkUG+aNfosmlysZ0KoHHhPK/WUi+pgzYM0zmW7DiL/CUv6ROk5poKOHJVyOu40NMfdXsbXU8Bu1Nx67VK2eUtZUjNo9J6OBdkd/avxRLFlPYx3LyveV7GfSW7t1MOiDtLFm9LCUVaDMx7gSb79SND36zVqJG4cQPE7pnOxnpR7nRdnfSJUJAdEIvwBB/wA0tWG6e0VsWV1U8dLeGt5xClVy84wwW1TmJcAoOBHoO/vnKTMcI9j6G2TtzD4n+6qKxG9dzD+U6w5lInztiagRVxNHNTu+5WIKkjQrbdu7eydH+j/py1a1HENmY+4+gJ7n7T3wWkwJQ0tHQg4Ew1xPXp3FxB2XhFtNbiZNo2qdbdCgnVg9BIWd05BwdOyp7VodYw/YuBcIDmk21aWl4z2YnUHKLxwTbstllbimgOth3UXDRLX2k+4b5bq66SqthevF5oPmSi2rGYZJxbkloD08dV4zyrtV13x2MKLbop2nhtQLcYOTBKKu2HDNGTqkB1dpVDuvB6m0aw7ZYMPghlGkixuEAU6Tf47UbtgLOm6pAOysS9U2zc45OzGP22gHRvC5XYy1ZYeDFGUblqZmySjKkUDbmzyraknfD9jbFOS+Yi/ZCOkadYeMebLSyDkJmPFF5Gn2CyZJLGmt2KhscqCc7HmYgxuLZCQSdJfqq6Sg7co3f+b5weKxRVVodw+STuyP6257ZkY0ML1RymTv4i8s7+U/CCMqfVdRa9tOO+V3pgiB8ORe/aey0vmLwy5CLeEqXTOiP4Gn2vlPQy9DPPxaTQ16O2yeEYqq5CB3wTo8gCeEdUMOtt0n4bp/2U8R1C5qC2Ery4QGq9pca1ERClP+K8Vxq/r+0M4R+6v0VrZ2Dtin04Ay4UKESYZbYpvyj4yyIAd8hw6tFmRaMB2ptD6vSeoxBVRoD946KL8yJyXG4pHDO5zMzXPadSfUm8tP0oYsolKkG0dy5F/soLf65y1Kp1PYC3M20+N57M3eh5uONJsOwDoMzNxsNNeu/wAABmHgIJisUM1lG4kDw4k9u+/MwGm7ZQo1Yvpztb5wjEotNVsQWYX5jgfy317+QmBXoRVsoOupsByJ/fhNGo3Ay7v62JglyZbug2xTXqZ3H8KmRcfffeF5C9z4DjMb5VbMjHmdFh6M9FmehaoNHHu9i/ZHOKtv9FKuCtXpk5AwvYm669U9wnW8Gtoc+CSqj03XMjqVYHiGFjExlJsdKMYqhJ0J6SfWKAY+8tlfnbQ+P6y2EK+onMOiOCfCNiabC+SrkvxIUZlbxV1PjLthMcDqp/ffLFDmjqQSaUmuw39mRNfbz3D4xWFjoZDicKTqsU4NAva4kWPcERpgF6g5RFVQ21vLDhB1Rygx6mULoRvVGkRZOvH1XdFAXrxeRe9DodLJskWbQTrDnG+WK8eDnXnDyq0Bi0YVRTQSPFr1YTTTSQ4kaQpdLBj1o02LTtcxyRF+yl0jIiBgVY0MzO5srG3Uu6/vjHuDSyDlE+11vUXw+Me4deqIGH8k3+0Fl6I/Z5VGkpm0Kd3H5pdao0lUxCXcc4PFbx+QuG2l8BlKnoJ7CUTSZKiUKxQ6plP6XG4o/m+UueJHVMp/S1erS/MJuToYOPrQ26PjqeEeUBpEvR8dTwjyiNIjhugfxHUa1xEBW1V/CWGqIicfxW5CBxv4vtBcL1/Qqww/tLcvnLAO+IsOtsQeXzjy17iedhL5nHPpUxN8WEB0SmOO4vmY+gWUl7D/AAk/Cw8vjHfTGqHxddr3HtGUH8KDILc7RE67uR+f6T1071PPqlRq9QKVNr2zacDwse6D16pZizG5O+FVaLMoIF7X9T/y855gMNmcKwNr/vWbaB5WzbZeznrOFUd5bgo7T+k6psCm1NVp00CoumZ+J4mw1JJ4zNk4NKaAIoAOptC8ThXYWRrHlr4HhJZ5HJlePGood02rL1s6MBvAFiI2OMApF2JA3XG/wlSw2w3WqK+bIFQLkAuWsrA5nOpBzX1vqB2CMtlVc96TNa5up7G3fAkeM5Sp6M6UbWqI8TtNCwempNJlS7ZWHWtvJI10trN/xode6WPC7NSlRSiF6irlAOtu7XnEG0diPTJeibrvKH/TPShL2o8rLH3Mlwu0dcraH0PKPMPtC2/USo4eutS4IysN4OhvJqeKdDZtV9RDaTFptF1qWddIdQWwEquDx9xdTHmC2gDodDEyhWo6GS9GH1t0WJ70ZVWuptFdEEHWTT60VR1gwyAYpeuIcHgdY9cTcrVL5RmJO38BSDSQYtdJOji0gxJ0mza5GZBPnRtscdXxjMwLZi9WHGdhVY18G5dZsru0h/FXw+Me0RpEmM/v18I9pjSBg6pP9h5umPwa1txlYy3fxMs9fcZWwOuIHEdUfkLB0SGQWZNs0yV2iWmT4odUym9KKZy0zfTNulqt1rMdLStdMcoCWOuYWnZOh/BmPrXyNdh+54R5SItK/wBHFNrt4R69uERw3QP4jqNq50iH/atrHq98r2KX+I1u6L4z8f2guF6/oHX/ALx4Q/HVclJ3+6jEc7aetoBRW1UdtoH03xhTDMBvNz4Dv5lZBiWtF03ocSxzFnc7ze3jc7/3xg7+8PyD5n5ySo5GvE38gNPUTSsADbsUfIT1okMhnsChnV1HvBMy390NmWxbuFyeMY4vBsq0yUyMoCGxBVitusCOBvzlfw+KakuZDY7j2MNND5CPP+sjVKaU3pqNQQ6njrcEHdv7Yuae6GQaqmWnZmJOVQd9hLDgauspuz626WTBVJL3KI7Fpd+oTa+kqWFdyytZszNYKqkm/ZoNPGWFsciUyzmygakxXszbl2zUkz3YDqkZt4tYXv8Asw92jUm7pF19tZEDixI1vwNhv75IEsNNR2fpPVqBls62JFyN4ueF5EtN0OhzL2cRynow6UePkfvYt2lshKnWXquNxG/xldrVnpnJWW3Y3Ay7kBtV3+sgxOERxldQYxSFOJU0BXrIf0MZYTaAOh0P73QLaGx6lE5qXWTinHwMCpYhX03MN4OhBhaMCqLphtoW0OojJGV9RKNQxTJo1yO2N8DjBvUwJQTGwyOJZfqvfNPqUhwm0QdG0MYCqJPLEu6KY5W9mCnCHtmr4MmGe1Ez2omPHFhKckD0abLpJmc23Tf2gnjOLQkklSBbt2yt4iofbA21vuj6nUNt0UMw9vfhHqsLSfh1u77sfna0VdgatUYiwBix8I172j24maRs8Sk7YqORx0Qk9k/ZPY60mQfS/bN9X9IVOLki2tpWulq2WmCv2hrG1PahzXym1oBtstXCjKQAbw55YuLSYqGKSkm0Mdhe4OUbhbRNsNGC66c45IvFYJcsaZRmjzStGwW8SVR/GIPdHYg1fDA68Zmf3xpGYVyytiVltXHKU/6TcVamw70QeTM3+nzlxqH+OB2Cc8+k+pog/E7c8thrIcKbn9lmTp+jnlRjp2m58r/08pE4949tvgb/ACmhfce63p/WSONCe/5T1CJkrU+p4X9Yw6O4YVUZD4HiDIcJSupH4QPRv1hfQ1rVmXx9bQJv2sKC9yDqKPSOVgbcDLHs7Fg2jh8GrLqAYDS2OCerJnqUrQbJUDJlO46Q7YGx0VwQSBcGw0BsbxDt8LgaVOpUZmzvlCIASOqWuSSNNPUR10G2kmJR3QupRsuRwt9QCH0J0PWH8pjMeOTkrQE8yjF0y1ZwdHFj6TZcyfiX18J7fgw8ZqxZe9ezj4T0DyzGUNqpsf3vmiVDucW7+EkVAwupsf3vmjHg4se3gZxxjoR3iJ9p7CSp116rjcRv8Y0JZO8dn6TZbMLqdZpjVlOdmpnJVXk3AzFBBzIfLdLVXpq4KOo17dxiHE7EekS1LrL9w/IwlIW4m2H2jwYWPpHGGx1hvuJWvaq/VIysN4OhnlCo6Na+ZfhymtJnJtF3o11caGaV1ZdRrF+GqArdd8Jw+OI0ceMnnhTKcedx3BTtHW1jPG2kBxMOxC03F9L+RlbrYgZyqAtbfbW3OT+jJPXYq9eDjpuS4rHgMLdsaYXHNYXvK7iRnK2HHsj7CUyFFxJJNRlUWVRXNG5INOPPbNvr/fByndPCvdC9SXkH04+CT6+3bPZDcdkyD6kvJvJHwNlwyjhNxRXsk4oz0UZcsZFzg2QDdPRChSE9FMTfTO5wWY14ZlEwqJ3IjOdlTxK2r6/dnPvpApZ3Qb/eB8f/AMTpW2rCovI+QlL2ps2riapyJ1VFi7aLre9vvEWtp96RqPLmpFSlzYrZx2tRINrbtPKTKOqB3m/w9NJ0DpDsWnTo7mV1Ghca1GvcupGl+7h375zygPeBOoPwP/KWCBlso3sO029BCthUimIB7yPOQbIXXxJ8LiWDZ+H/ALTa32m/p52MXLuHAvNFbpfuhOyMPd5rTQgZbRrs2nlF4qK1GSehr0j6O0sYiLVUlULFSrFWUkAXFtDuG+8TdHuiD4Ssz0a+em65WVwA4K6qbro3Ebl38ZcEr2cJ+Ek+aj5mbVadjpuMqj5JZbUyJMR9lxZu/ceUm1HeJ4j304/vfJRbkdxHDyjFJMS4NESqPeXQ/vfPQ4bRhY+kkenxGh+MjOujQgKoiqU2Td1l7OI5SJ0DdZDY/vQiGKxG/UTR6AbrKbHu+Ym2dQKKl+q4sfQzyozJwzL2cfCS1bHRxbv4TQ3X8S+s0wAxWBp1xcaMOI0YGIXovRJDjMvBh85aWoq3WQ2Pd8xPKgBGVx48DNTAaEeHxQAupvGRxWZRYaxXjtjMhz0t28rwPKMNluHTQWYbwd4MLTczVA1fZFWow6+VTvtvtLTgdlpSTKigdvaT2kyDDI2l+ENr4jKsRklWrKMUL2FOEwymq2m4mPBQHZEWGxGVyx4xsMapG+RcPOFP5ZdnjO0/0a161FDlZ0U9hIB8p4rUm3Mp8ROF7Vxj+2fMxY53F21JsxGp8JmytpOK1PLa+dbadpAjOdeBfpyXc7t7Gn2iZFftz2zJnPDwZU/I8OJXtmv1te2c+o9PMK29ivMRjhulWGYaVlHM2lClB9xDhNdi4HEiaNiu6IaW2KTbqiHxEJTFA7mHnCXK+4LcluhkcUZn1kxU+Lt38tZ6mMBAJ4mwE10lZkW5OjbFKrEu2pGgB5+sBr4q2g7LW4Rbt7H5LAHrE303gTMBig1gRqRcH5GIclZUoNIF2rS9sjI4up4Hd5Tk+2tkth8QF+w+YqeY1B8hO4PRDb5R/pCwP9nZgOsjBgewDf6EzFub2KNsxiGPL/Nb5j1lqwzqMSpJsDkN+5hlJ8/hKpRPWuNxUHzykfAiPMTX6yN2ouvlf1EGQcTqtGhkIzC/je47jHLhSBbmIm6L45cRh0vvAAYcVYb7c7RpVpleOnAzoxpWtgZSt09zXB3zMWsWtv4gE7vT0jNGusTbIYlC5+22YdyDRPMa/wA0c0hpGw2FZHqLWaz3hGLPUv8AvTcZFiF1kpGZDyPprMa3NT2JcPVzqqneVuD3jcZCmJBORxZh+9IPsticncgvzN4XUpI5PaCR33EPE7WovNHlehtqO8TAl+spkIZkNm1Xt/WTqvFTGCTzMG0YW+EhqUmTdqvZx8ISCG0IsZlyu/Ues44CajfrIbH96ET1XD9R1sfQ8oUUB1U6yF8p6raGbZjQFURqZ+8nmR/ST4OmmbMttd80qYgpo+qnj2c5BW6nXTUbyBuhADYVADY6SVt0XpVSqt+M8w+KOYoeEFxsYp0a4nDg+6bGTYaj1dYs2riWRgV3cYZiccKeHeodyoW8baDzk0sEIu0iqOeclys4tteoDWqf+o/+YzbYQzYmkP8AzF+MEqXJJO8m55nUxj0bQfWaN92cfAxBQ9jrMye5JkUEfPeEp1qjBERmbsEKfCYhBdqFQDtyEjzEu/RPZVRKWcIM+up3+EtuExICBKi68byvHj591oT5M3Js7ZxZMZbfceYhVLa7L7rsOTGdkfZOGqa5EvysYtxPRKif9ijDlYzXwq8gLi/KOdUOktdd1VvE3+M6HsbFO2GpVarEtfPf8BYhTYfhKnxg6dEsCdHolT3Ej1Eb4umoXJaygBQOxQLAeg8oDxOGtjIZY5NkIMdiAz8ezWE4B8jKd4v/AMxFzoVfKd49RwhtVcpBG4xd9x1dizZ947BcHtU7v08Im2qgrUnpt9pSPMWjLZ9QFACdRfL39qxZiGy1mHDf53jExbickpoQtjvVSDzp1CD6WjHFPemh+6zKe7S49WnmNpAYiog41HH+LX5+kjwC50dOIs3fpe/xHlNZyLj0H2maVWxPUqG/aAT/AFvOo4nVbfe6vnxv3DWcO2Q+W3cQbjgTvPmL+c7FsvFZ0W+9Oqefb5W9ZsNqBybphyKAABoAAByELw5gawnDPrGIUyPEprMDZSo7d/KT4gawXEnrjsC39T+k5mLUiwCWH5iAPyqBc+fxhGJw3WLIbNv89dZ5gjc34AWHzP77JmLqqjqWdVzAixNr2PDzE6DUUblTkzVMUdzrbv4TY0ze6HT0keKcOhCspPCxEzAO4WzCx841ST2EOLWjJVqB9NxE1FcqcrG94NUpur5xuMITDCqQdRadzRurO5ZVdG+IAVcyzAQ6X4wlsKbWvcSBcPbQboMppBRxykB5wylWHdrBMISt0YacI4bCqZstFeyD63hBeh5YlwBszLbjGBw9utxhJpAG9p5UUtoIuWaUk6Wo2GGKeotrlW03zNsbJGIw7UsxS9rEdqkEXHEaRhS2aAbk3MR/SBiHpYNijFSWRSRvsx1APCJrJTlId/XoonItpI9Go9NsrlGtmQ3U8pNsGqz4imFS5DBrdwNzfwi4vvh3RvHFMTTYD7WUjtDaGBegxnW/rFU7kFuEyajF93rMieaPlnVLwVLZ30iYYIA1F0A7AD8I0Tpls+qLM+X8wI+M4guJhFHELul3NOJO8UJHcMNiMG56mJUdwYfOO8Pa3Vqq3O0+eg8np12UXVmX8rEfCZ60luD/AB49j6DrJZSWCnst2xBtFrRJ9Hy1GovVd3cM2VAzFgFTQkX7WJH8sb7SbWbKTkrYeOCi6QFUohwCPfXd3jis8qi6cprhX1tGRpB1uNG4j739Ymh9g3tstJH+6SDyNoPtNj7UNwZBbmCb/ETYpmpvTOlwRrwO6/wivE4tvqyPbrJYOONgcj+W/wAJqZzRR9rVcuJc/jU8veHzEnwLinibblY+jA6eHyi/pA96zkbiFPnczd2LKj8eqD23GgJ56RtaCe42odSsyHdc25Nf4EW8Z03otUJXmqMeZGv6eAnNHPXp1ePVzc1YXPznSeiy2A5EHmruPjpMjudLYtVtBzHxnqNYzBunpBjRAXUFwDEu0Kt3KDuB7lH6m/rHFFtLStUXzOWO9iSfHcPgJk3pQeKNtseYXQWla+kWsEo03PCpk/xozf6JZMNEH0h0VfBnOuYCpTNt2uq7/wCaBNJwYUXU0c/TbH3XHqJOnSGqv238G0mdGejtCo7O6nIBbJmI1PfLov0f4R0BAdCRfR2+BJkig2/aVSaXUV7CdKah3VWPcyiMafTGqnFPHSet9GqEnJiXXmFb4Wgtb6N8RqExCOPxqV+BMNY8u6AeTFsxnS+kI7mRT+UwpOm9P7SOOWsp+J6AY9NVVHt9yp8mAijGbOxaiz4eqLcVUt/lvOk8kdzoxxy2Oo0+mWFbe5U94MNodIMM26snibTiCVnpt1lI/MpU+omwx2twb90z1JWd6arc7uuMRtVdTyIhVMi2hE4Mm0V3G45GT0ttOnuVHHJjCjmp6oyWJtaM7m7twlR+ksn6n/7ifOUin0urjdWb+YAyHb3SitiKQpu4ZQwbQWJI3XjXmUlVCo4XGSdlaJ3wjYq/2in+dfjBs19JPsY2xNP84imlTHnXKZ0EyA/9IURoaqgjeLjSZIKY3Q4YqC2ongog90dJsanYZsVTA7lY/pJKezcLm6+LNuOWi3oc3ynq34ZK68CYYf8AEYZsrZj16qUVaxdgtzrYb2a3GwBPhG2L2fgrD2WMseypTf4op+EcdBcAi4pH+s0XIV8qIXzElSCbOi2sCZ2t6nWqOhYXDJRppTQWRFCjtsOJ7zqT3mCY06RlVtaKce06R0RemhvG+FNwLbxFiLJsJiMjW4QENDsZTuCwHWtr3/1lOx+PIDU0A1zFiRe2Y3PxMu+IYFMw7JzrpA+SsQNM6hz6j/Tea0YpFQ2o38Rx2ZR5D+snwlXqOu8AKwHIkH/TFgqZmY9pProITRNnXs1B5XMbWhPdsf4d81PfcWBB43B+YBnVuhbZ6IfvIPO9zbznGcPUKqyHhe1uwt/SdZ6BVT9WAG8Fr872+UCOjDlrEuVQ6SYtALkkDvEMJjkTsltobdhlV2Y+ax4WvLHi8RkpO/3VYjnbT1tKvgeqoUcbCKyPVFGFe1lnwm68G6RbP9vh2T8SHycQzDiwAmu1ULUKqqSGKPlI3hgpK28QITVxaF3UrEWD2W2HACUQ/EkWvfxjGntEiwdHTmpt5iUDDdJ8UlrVM35gDG9DpvVtdkR+211/WLhxEUqo2fDzbuy7JVvqrQmjiO0Sn4bpqhNnosp/CQf0jal0jw7b7rzU/ERqzQYp4ZosZqAjfF4BvqIGuPoP7ldQeY+BhtF9NHVpklGWzCg5R3RqaSsbFQeYBkeI6P4V/fw9JuaLfztDKSgG5k4Yds6MaWpspWym7T6CYAKzmmyBQWOR3FgBc2W9vScjx+BX2jewZlp30FSxYDvIn0ViaSujI2oYFTyIsZzPb3QRqVJ6qVM+TrBMtiUG+5vqQNd2torJF7xQzHNbSZzN6FUC/VbuB1Im9EOM2dbaC3GFtUBv8uEgquN3nFJu9h7QMwtrPRXKHMN66jnMeRVj1TyMcAHU3JAJW5O89syA0VOUdYzIjkQfMxW9Zm+0T5mF0NjYl1zJh6zKftBGynk1rGNekmz1pKjIoAzMpsLXJAIP/CZv0W6WVcKSts9NvepsdOa9hlT07CE3JWhYOjmL/wB1rnlTY/COOiGz8RSxlF3w9ZFzMCzU3VbMrDUkW3kSyVPpGQW9nh2HaGYW8NTLHszpbSxNLQ5HJCmmTe+Y207YTlABer3SC69Uk6QOsNIYokWKXqxTQ6LAabTKycZETrI6lbhBDGOArk3Q8ZQOmhy1GbMAcgCjt1N7ecveyku15R/pFpddD2ll8ip+cJK6Bbpso2HazA9mvlD81nOmgb/huRf4RaF1tDHfrX362NvKOZOhphgMzA8CD4ltTy0nVPovY/VjexId1PfYJrbvvOSYeqpZuxgBY9+YG373mdK+j0uab5T9pr+KpY/8JgbNDN4nTBTDbt8melc/vnENGs6kd5tw9L7o8Svrr8oxOxLVCnpE+WgR95kB5Zr/ACi3ZNDMwbgI825TD0XHI+TA/KDYKkFQARclch+N1A1xG3qFJ1R6ihi2UjMOr1c2Zr+6LW53EYnaNIKhLplf3OsOuLXOX72nZE52RnxS1WVDTWmykEAszsbXItqMvGLcF0XrL7S7qciVKeEBb3RULdZrro1iBx3nsE65XsUrFw7inzU6V/t/r/hzb6wFZr3yqMwP4e/v0hFHatEkWYeJhOPwRpVmpNY5LK3YTlF7d1zBquFpMTmQeEjdJ0yniY4lXou01YxTGIR1SvnDaGLUjS2kqNTZtLNYErfdYzZNmOB1KzjuO6auUk1Lk4Dbp4gZeJHepI+EqX9rTc4aY21cSvvJe3YZvKjNS6DaVdPdqv4nN/mvJ06T4lftI4/EuvoZSE6SsNHRh4TP+nELXDWHYZtSWzMqL3R0FOm7r79JT+ViPQiGL05okddHAOh0DD0MoGHrowuXF567r3HxmrJNGPFBi7bVBPauaAvSY3UHQi+pHKK6oIvcWj4ka6RZtXQKIMW3IJpJC280xHuNy+ckYSHEHqNqN3zlCFshQm2+eyNVX7w8xMg0dqXTpJh8+Hqdq2YH8p19CZRVpN3TJkbMTi2PdRvjDYuIy16TdlSmTyzi8yZFj0dnpvBsW+hnkyczEKHqTKSlpkyAGWLA0cqXlI+kGmCFI3qxPOwuR5LMmRnYWtzm+JQBmtu3jkdZ7TqdYHvBPnPJkathL3CabXtxsVufzXNvO87N9GVL+C5PHL52OsyZB/yQX+LLv7JTbTiJM1ITJkYKEHSuuRRKKSGYhQRpYbyQeQMW7M2jUphQze0U/e3/AOLfMmSeb9xbiS9MteFrBhmELUXnkyOjsSTOP9Nrrjq/5kP+Kmh+cV0sPUdlRUuzaLqov4k6TJkhfW/krTfIvgfj6OsToxenffludP5rRZtDB1KD5KoF+4gi3hMmRuSCS0F45tvU8wNF6mcoMwRSz3IFhv0vvk+B2fVr/wB0mb+ZV/zETJkyMFobKb1HVHoPim9/2SdoZix8lUj1hK/Roh/vKq8lp/Mt8pkyUxxQ8E0s0/JL/wBmOCUZmesQN9mVR5BbwrDdC9njclV+dWoPgyzJkascRLyy8jOl0Wwq7sKP5mzed3MmPR3D/wC6Yc/mVT8UM8mTeVGObJRsLDj/AMLhhypr/wDSTU9mpwp0hypr/SZMmmE31Rfup/8AGP1mTJk6wqP/2Q==')
INSERT [dbo].[Img] ([img_id], [img_name], [img_url]) VALUES (10, N'hihi', N'data:image/jpeg;base64,/9j/4AAQSkZJRgABAQAAAQABAAD/2wCEAAoHCBYWFRgWFhUYGBgZGhgYGBoYGhwYGBoYGBgaGRgYGBgcIS4lHB4rIRgYJjgmKy8xNTU1GiQ7QDszPy40NTEBDAwMEA8QHxISHzQrJCs3NDQ0NDQ0NDQ0NDQ0NDQ0NDQ0NDQ0NDQ0NDQ0NDQ0NDQ0NDQ0NDQ0NDQ0NDQ0NDQ0NP/AABEIALcBEwMBIgACEQEDEQH/xAAcAAACAgMBAQAAAAAAAAAAAAAEBQMGAAIHAQj/xABJEAACAQIDBAcECAMFBAsAAAABAgADEQQSIQUxQXEGIlFhgZGhEzKxwQcUQlJictHwI4LhJDOSssJDVKLxFRYXNERjc4OT0vL/xAAZAQADAQEBAAAAAAAAAAAAAAACAwQBAAX/xAAqEQACAgECBQQCAgMAAAAAAAAAAQIRAyExBBIyQVETInGBM2EUI0KRof/aAAwDAQACEQMRAD8A6DtReoZQ+mqfxqB7jLtj8ahp3BuCQL98pvTNwalC3C/whZfxsTh/Ih/0YTqHlH2FXq+MS9G16nhHmGcZd8Rwz9n2UcSvcA7Vp6Tm20KX8Z503aDgi15QMZRJrPA41/1hcIvcJOj1P+0MJeXp2dCdwMp+w6R+stOiYagHsGkUG+aNfosmlysZ0KoHHhPK/WUi+pgzYM0zmW7DiL/CUv6ROk5poKOHJVyOu40NMfdXsbXU8Bu1Nx67VK2eUtZUjNo9J6OBdkd/avxRLFlPYx3LyveV7GfSW7t1MOiDtLFm9LCUVaDMx7gSb79SND36zVqJG4cQPE7pnOxnpR7nRdnfSJUJAdEIvwBB/wA0tWG6e0VsWV1U8dLeGt5xClVy84wwW1TmJcAoOBHoO/vnKTMcI9j6G2TtzD4n+6qKxG9dzD+U6w5lInztiagRVxNHNTu+5WIKkjQrbdu7eydH+j/py1a1HENmY+4+gJ7n7T3wWkwJQ0tHQg4Ew1xPXp3FxB2XhFtNbiZNo2qdbdCgnVg9BIWd05BwdOyp7VodYw/YuBcIDmk21aWl4z2YnUHKLxwTbstllbimgOth3UXDRLX2k+4b5bq66SqthevF5oPmSi2rGYZJxbkloD08dV4zyrtV13x2MKLbop2nhtQLcYOTBKKu2HDNGTqkB1dpVDuvB6m0aw7ZYMPghlGkixuEAU6Tf47UbtgLOm6pAOysS9U2zc45OzGP22gHRvC5XYy1ZYeDFGUblqZmySjKkUDbmzyraknfD9jbFOS+Yi/ZCOkadYeMebLSyDkJmPFF5Gn2CyZJLGmt2KhscqCc7HmYgxuLZCQSdJfqq6Sg7co3f+b5weKxRVVodw+STuyP6257ZkY0ML1RymTv4i8s7+U/CCMqfVdRa9tOO+V3pgiB8ORe/aey0vmLwy5CLeEqXTOiP4Gn2vlPQy9DPPxaTQ16O2yeEYqq5CB3wTo8gCeEdUMOtt0n4bp/2U8R1C5qC2Ery4QGq9pca1ERClP+K8Vxq/r+0M4R+6v0VrZ2Dtin04Ay4UKESYZbYpvyj4yyIAd8hw6tFmRaMB2ptD6vSeoxBVRoD946KL8yJyXG4pHDO5zMzXPadSfUm8tP0oYsolKkG0dy5F/soLf65y1Kp1PYC3M20+N57M3eh5uONJsOwDoMzNxsNNeu/wAABmHgIJisUM1lG4kDw4k9u+/MwGm7ZQo1Yvpztb5wjEotNVsQWYX5jgfy317+QmBXoRVsoOupsByJ/fhNGo3Ay7v62JglyZbug2xTXqZ3H8KmRcfffeF5C9z4DjMb5VbMjHmdFh6M9FmehaoNHHu9i/ZHOKtv9FKuCtXpk5AwvYm669U9wnW8Gtoc+CSqj03XMjqVYHiGFjExlJsdKMYqhJ0J6SfWKAY+8tlfnbQ+P6y2EK+onMOiOCfCNiabC+SrkvxIUZlbxV1PjLthMcDqp/ffLFDmjqQSaUmuw39mRNfbz3D4xWFjoZDicKTqsU4NAva4kWPcERpgF6g5RFVQ21vLDhB1Rygx6mULoRvVGkRZOvH1XdFAXrxeRe9DodLJskWbQTrDnG+WK8eDnXnDyq0Bi0YVRTQSPFr1YTTTSQ4kaQpdLBj1o02LTtcxyRF+yl0jIiBgVY0MzO5srG3Uu6/vjHuDSyDlE+11vUXw+Me4deqIGH8k3+0Fl6I/Z5VGkpm0Kd3H5pdao0lUxCXcc4PFbx+QuG2l8BlKnoJ7CUTSZKiUKxQ6plP6XG4o/m+UueJHVMp/S1erS/MJuToYOPrQ26PjqeEeUBpEvR8dTwjyiNIjhugfxHUa1xEBW1V/CWGqIicfxW5CBxv4vtBcL1/Qqww/tLcvnLAO+IsOtsQeXzjy17iedhL5nHPpUxN8WEB0SmOO4vmY+gWUl7D/AAk/Cw8vjHfTGqHxddr3HtGUH8KDILc7RE67uR+f6T1071PPqlRq9QKVNr2zacDwse6D16pZizG5O+FVaLMoIF7X9T/y855gMNmcKwNr/vWbaB5WzbZeznrOFUd5bgo7T+k6psCm1NVp00CoumZ+J4mw1JJ4zNk4NKaAIoAOptC8ThXYWRrHlr4HhJZ5HJlePGood02rL1s6MBvAFiI2OMApF2JA3XG/wlSw2w3WqK+bIFQLkAuWsrA5nOpBzX1vqB2CMtlVc96TNa5up7G3fAkeM5Sp6M6UbWqI8TtNCwempNJlS7ZWHWtvJI10trN/xode6WPC7NSlRSiF6irlAOtu7XnEG0diPTJeibrvKH/TPShL2o8rLH3Mlwu0dcraH0PKPMPtC2/USo4eutS4IysN4OhvJqeKdDZtV9RDaTFptF1qWddIdQWwEquDx9xdTHmC2gDodDEyhWo6GS9GH1t0WJ70ZVWuptFdEEHWTT60VR1gwyAYpeuIcHgdY9cTcrVL5RmJO38BSDSQYtdJOji0gxJ0mza5GZBPnRtscdXxjMwLZi9WHGdhVY18G5dZsru0h/FXw+Me0RpEmM/v18I9pjSBg6pP9h5umPwa1txlYy3fxMs9fcZWwOuIHEdUfkLB0SGQWZNs0yV2iWmT4odUym9KKZy0zfTNulqt1rMdLStdMcoCWOuYWnZOh/BmPrXyNdh+54R5SItK/wBHFNrt4R69uERw3QP4jqNq50iH/atrHq98r2KX+I1u6L4z8f2guF6/oHX/ALx4Q/HVclJ3+6jEc7aetoBRW1UdtoH03xhTDMBvNz4Dv5lZBiWtF03ocSxzFnc7ze3jc7/3xg7+8PyD5n5ySo5GvE38gNPUTSsADbsUfIT1okMhnsChnV1HvBMy390NmWxbuFyeMY4vBsq0yUyMoCGxBVitusCOBvzlfw+KakuZDY7j2MNND5CPP+sjVKaU3pqNQQ6njrcEHdv7Yuae6GQaqmWnZmJOVQd9hLDgauspuz626WTBVJL3KI7Fpd+oTa+kqWFdyytZszNYKqkm/ZoNPGWFsciUyzmygakxXszbl2zUkz3YDqkZt4tYXv8Asw92jUm7pF19tZEDixI1vwNhv75IEsNNR2fpPVqBls62JFyN4ueF5EtN0OhzL2cRynow6UePkfvYt2lshKnWXquNxG/xldrVnpnJWW3Y3Ay7kBtV3+sgxOERxldQYxSFOJU0BXrIf0MZYTaAOh0P73QLaGx6lE5qXWTinHwMCpYhX03MN4OhBhaMCqLphtoW0OojJGV9RKNQxTJo1yO2N8DjBvUwJQTGwyOJZfqvfNPqUhwm0QdG0MYCqJPLEu6KY5W9mCnCHtmr4MmGe1Ez2omPHFhKckD0abLpJmc23Tf2gnjOLQkklSBbt2yt4iofbA21vuj6nUNt0UMw9vfhHqsLSfh1u77sfna0VdgatUYiwBix8I172j24maRs8Sk7YqORx0Qk9k/ZPY60mQfS/bN9X9IVOLki2tpWulq2WmCv2hrG1PahzXym1oBtstXCjKQAbw55YuLSYqGKSkm0Mdhe4OUbhbRNsNGC66c45IvFYJcsaZRmjzStGwW8SVR/GIPdHYg1fDA68Zmf3xpGYVyytiVltXHKU/6TcVamw70QeTM3+nzlxqH+OB2Cc8+k+pog/E7c8thrIcKbn9lmTp+jnlRjp2m58r/08pE4949tvgb/ACmhfce63p/WSONCe/5T1CJkrU+p4X9Yw6O4YVUZD4HiDIcJSupH4QPRv1hfQ1rVmXx9bQJv2sKC9yDqKPSOVgbcDLHs7Fg2jh8GrLqAYDS2OCerJnqUrQbJUDJlO46Q7YGx0VwQSBcGw0BsbxDt8LgaVOpUZmzvlCIASOqWuSSNNPUR10G2kmJR3QupRsuRwt9QCH0J0PWH8pjMeOTkrQE8yjF0y1ZwdHFj6TZcyfiX18J7fgw8ZqxZe9ezj4T0DyzGUNqpsf3vmiVDucW7+EkVAwupsf3vmjHg4se3gZxxjoR3iJ9p7CSp116rjcRv8Y0JZO8dn6TZbMLqdZpjVlOdmpnJVXk3AzFBBzIfLdLVXpq4KOo17dxiHE7EekS1LrL9w/IwlIW4m2H2jwYWPpHGGx1hvuJWvaq/VIysN4OhnlCo6Na+ZfhymtJnJtF3o11caGaV1ZdRrF+GqArdd8Jw+OI0ceMnnhTKcedx3BTtHW1jPG2kBxMOxC03F9L+RlbrYgZyqAtbfbW3OT+jJPXYq9eDjpuS4rHgMLdsaYXHNYXvK7iRnK2HHsj7CUyFFxJJNRlUWVRXNG5INOPPbNvr/fByndPCvdC9SXkH04+CT6+3bPZDcdkyD6kvJvJHwNlwyjhNxRXsk4oz0UZcsZFzg2QDdPRChSE9FMTfTO5wWY14ZlEwqJ3IjOdlTxK2r6/dnPvpApZ3Qb/eB8f/AMTpW2rCovI+QlL2ps2riapyJ1VFi7aLre9vvEWtp96RqPLmpFSlzYrZx2tRINrbtPKTKOqB3m/w9NJ0DpDsWnTo7mV1Ghca1GvcupGl+7h375zygPeBOoPwP/KWCBlso3sO029BCthUimIB7yPOQbIXXxJ8LiWDZ+H/ALTa32m/p52MXLuHAvNFbpfuhOyMPd5rTQgZbRrs2nlF4qK1GSehr0j6O0sYiLVUlULFSrFWUkAXFtDuG+8TdHuiD4Ssz0a+em65WVwA4K6qbro3Ebl38ZcEr2cJ+Ek+aj5mbVadjpuMqj5JZbUyJMR9lxZu/ceUm1HeJ4j304/vfJRbkdxHDyjFJMS4NESqPeXQ/vfPQ4bRhY+kkenxGh+MjOujQgKoiqU2Td1l7OI5SJ0DdZDY/vQiGKxG/UTR6AbrKbHu+Ym2dQKKl+q4sfQzyozJwzL2cfCS1bHRxbv4TQ3X8S+s0wAxWBp1xcaMOI0YGIXovRJDjMvBh85aWoq3WQ2Pd8xPKgBGVx48DNTAaEeHxQAupvGRxWZRYaxXjtjMhz0t28rwPKMNluHTQWYbwd4MLTczVA1fZFWow6+VTvtvtLTgdlpSTKigdvaT2kyDDI2l+ENr4jKsRklWrKMUL2FOEwymq2m4mPBQHZEWGxGVyx4xsMapG+RcPOFP5ZdnjO0/0a161FDlZ0U9hIB8p4rUm3Mp8ROF7Vxj+2fMxY53F21JsxGp8JmytpOK1PLa+dbadpAjOdeBfpyXc7t7Gn2iZFftz2zJnPDwZU/I8OJXtmv1te2c+o9PMK29ivMRjhulWGYaVlHM2lClB9xDhNdi4HEiaNiu6IaW2KTbqiHxEJTFA7mHnCXK+4LcluhkcUZn1kxU+Lt38tZ6mMBAJ4mwE10lZkW5OjbFKrEu2pGgB5+sBr4q2g7LW4Rbt7H5LAHrE303gTMBig1gRqRcH5GIclZUoNIF2rS9sjI4up4Hd5Tk+2tkth8QF+w+YqeY1B8hO4PRDb5R/pCwP9nZgOsjBgewDf6EzFub2KNsxiGPL/Nb5j1lqwzqMSpJsDkN+5hlJ8/hKpRPWuNxUHzykfAiPMTX6yN2ouvlf1EGQcTqtGhkIzC/je47jHLhSBbmIm6L45cRh0vvAAYcVYb7c7RpVpleOnAzoxpWtgZSt09zXB3zMWsWtv4gE7vT0jNGusTbIYlC5+22YdyDRPMa/wA0c0hpGw2FZHqLWaz3hGLPUv8AvTcZFiF1kpGZDyPprMa3NT2JcPVzqqneVuD3jcZCmJBORxZh+9IPsticncgvzN4XUpI5PaCR33EPE7WovNHlehtqO8TAl+spkIZkNm1Xt/WTqvFTGCTzMG0YW+EhqUmTdqvZx8ISCG0IsZlyu/Ues44CajfrIbH96ET1XD9R1sfQ8oUUB1U6yF8p6raGbZjQFURqZ+8nmR/ST4OmmbMttd80qYgpo+qnj2c5BW6nXTUbyBuhADYVADY6SVt0XpVSqt+M8w+KOYoeEFxsYp0a4nDg+6bGTYaj1dYs2riWRgV3cYZiccKeHeodyoW8baDzk0sEIu0iqOeclys4tteoDWqf+o/+YzbYQzYmkP8AzF+MEqXJJO8m55nUxj0bQfWaN92cfAxBQ9jrMye5JkUEfPeEp1qjBERmbsEKfCYhBdqFQDtyEjzEu/RPZVRKWcIM+up3+EtuExICBKi68byvHj591oT5M3Js7ZxZMZbfceYhVLa7L7rsOTGdkfZOGqa5EvysYtxPRKif9ijDlYzXwq8gLi/KOdUOktdd1VvE3+M6HsbFO2GpVarEtfPf8BYhTYfhKnxg6dEsCdHolT3Ej1Eb4umoXJaygBQOxQLAeg8oDxOGtjIZY5NkIMdiAz8ezWE4B8jKd4v/AMxFzoVfKd49RwhtVcpBG4xd9x1dizZ947BcHtU7v08Im2qgrUnpt9pSPMWjLZ9QFACdRfL39qxZiGy1mHDf53jExbickpoQtjvVSDzp1CD6WjHFPemh+6zKe7S49WnmNpAYiog41HH+LX5+kjwC50dOIs3fpe/xHlNZyLj0H2maVWxPUqG/aAT/AFvOo4nVbfe6vnxv3DWcO2Q+W3cQbjgTvPmL+c7FsvFZ0W+9Oqefb5W9ZsNqBybphyKAABoAAByELw5gawnDPrGIUyPEprMDZSo7d/KT4gawXEnrjsC39T+k5mLUiwCWH5iAPyqBc+fxhGJw3WLIbNv89dZ5gjc34AWHzP77JmLqqjqWdVzAixNr2PDzE6DUUblTkzVMUdzrbv4TY0ze6HT0keKcOhCspPCxEzAO4WzCx841ST2EOLWjJVqB9NxE1FcqcrG94NUpur5xuMITDCqQdRadzRurO5ZVdG+IAVcyzAQ6X4wlsKbWvcSBcPbQboMppBRxykB5wylWHdrBMISt0YacI4bCqZstFeyD63hBeh5YlwBszLbjGBw9utxhJpAG9p5UUtoIuWaUk6Wo2GGKeotrlW03zNsbJGIw7UsxS9rEdqkEXHEaRhS2aAbk3MR/SBiHpYNijFSWRSRvsx1APCJrJTlId/XoonItpI9Go9NsrlGtmQ3U8pNsGqz4imFS5DBrdwNzfwi4vvh3RvHFMTTYD7WUjtDaGBegxnW/rFU7kFuEyajF93rMieaPlnVLwVLZ30iYYIA1F0A7AD8I0Tpls+qLM+X8wI+M4guJhFHELul3NOJO8UJHcMNiMG56mJUdwYfOO8Pa3Vqq3O0+eg8np12UXVmX8rEfCZ60luD/AB49j6DrJZSWCnst2xBtFrRJ9Hy1GovVd3cM2VAzFgFTQkX7WJH8sb7SbWbKTkrYeOCi6QFUohwCPfXd3jis8qi6cprhX1tGRpB1uNG4j739Ymh9g3tstJH+6SDyNoPtNj7UNwZBbmCb/ETYpmpvTOlwRrwO6/wivE4tvqyPbrJYOONgcj+W/wAJqZzRR9rVcuJc/jU8veHzEnwLinibblY+jA6eHyi/pA96zkbiFPnczd2LKj8eqD23GgJ56RtaCe42odSsyHdc25Nf4EW8Z03otUJXmqMeZGv6eAnNHPXp1ePVzc1YXPznSeiy2A5EHmruPjpMjudLYtVtBzHxnqNYzBunpBjRAXUFwDEu0Kt3KDuB7lH6m/rHFFtLStUXzOWO9iSfHcPgJk3pQeKNtseYXQWla+kWsEo03PCpk/xozf6JZMNEH0h0VfBnOuYCpTNt2uq7/wCaBNJwYUXU0c/TbH3XHqJOnSGqv238G0mdGejtCo7O6nIBbJmI1PfLov0f4R0BAdCRfR2+BJkig2/aVSaXUV7CdKah3VWPcyiMafTGqnFPHSet9GqEnJiXXmFb4Wgtb6N8RqExCOPxqV+BMNY8u6AeTFsxnS+kI7mRT+UwpOm9P7SOOWsp+J6AY9NVVHt9yp8mAijGbOxaiz4eqLcVUt/lvOk8kdzoxxy2Oo0+mWFbe5U94MNodIMM26snibTiCVnpt1lI/MpU+omwx2twb90z1JWd6arc7uuMRtVdTyIhVMi2hE4Mm0V3G45GT0ttOnuVHHJjCjmp6oyWJtaM7m7twlR+ksn6n/7ifOUin0urjdWb+YAyHb3SitiKQpu4ZQwbQWJI3XjXmUlVCo4XGSdlaJ3wjYq/2in+dfjBs19JPsY2xNP84imlTHnXKZ0EyA/9IURoaqgjeLjSZIKY3Q4YqC2ongog90dJsanYZsVTA7lY/pJKezcLm6+LNuOWi3oc3ynq34ZK68CYYf8AEYZsrZj16qUVaxdgtzrYb2a3GwBPhG2L2fgrD2WMseypTf4op+EcdBcAi4pH+s0XIV8qIXzElSCbOi2sCZ2t6nWqOhYXDJRppTQWRFCjtsOJ7zqT3mCY06RlVtaKce06R0RemhvG+FNwLbxFiLJsJiMjW4QENDsZTuCwHWtr3/1lOx+PIDU0A1zFiRe2Y3PxMu+IYFMw7JzrpA+SsQNM6hz6j/Tea0YpFQ2o38Rx2ZR5D+snwlXqOu8AKwHIkH/TFgqZmY9pProITRNnXs1B5XMbWhPdsf4d81PfcWBB43B+YBnVuhbZ6IfvIPO9zbznGcPUKqyHhe1uwt/SdZ6BVT9WAG8Fr872+UCOjDlrEuVQ6SYtALkkDvEMJjkTsltobdhlV2Y+ax4WvLHi8RkpO/3VYjnbT1tKvgeqoUcbCKyPVFGFe1lnwm68G6RbP9vh2T8SHycQzDiwAmu1ULUKqqSGKPlI3hgpK28QITVxaF3UrEWD2W2HACUQ/EkWvfxjGntEiwdHTmpt5iUDDdJ8UlrVM35gDG9DpvVtdkR+211/WLhxEUqo2fDzbuy7JVvqrQmjiO0Sn4bpqhNnosp/CQf0jal0jw7b7rzU/ERqzQYp4ZosZqAjfF4BvqIGuPoP7ldQeY+BhtF9NHVpklGWzCg5R3RqaSsbFQeYBkeI6P4V/fw9JuaLfztDKSgG5k4Yds6MaWpspWym7T6CYAKzmmyBQWOR3FgBc2W9vScjx+BX2jewZlp30FSxYDvIn0ViaSujI2oYFTyIsZzPb3QRqVJ6qVM+TrBMtiUG+5vqQNd2torJF7xQzHNbSZzN6FUC/VbuB1Im9EOM2dbaC3GFtUBv8uEgquN3nFJu9h7QMwtrPRXKHMN66jnMeRVj1TyMcAHU3JAJW5O89syA0VOUdYzIjkQfMxW9Zm+0T5mF0NjYl1zJh6zKftBGynk1rGNekmz1pKjIoAzMpsLXJAIP/CZv0W6WVcKSts9NvepsdOa9hlT07CE3JWhYOjmL/wB1rnlTY/COOiGz8RSxlF3w9ZFzMCzU3VbMrDUkW3kSyVPpGQW9nh2HaGYW8NTLHszpbSxNLQ5HJCmmTe+Y207YTlABer3SC69Uk6QOsNIYokWKXqxTQ6LAabTKycZETrI6lbhBDGOArk3Q8ZQOmhy1GbMAcgCjt1N7ecveyku15R/pFpddD2ll8ip+cJK6Bbpso2HazA9mvlD81nOmgb/huRf4RaF1tDHfrX362NvKOZOhphgMzA8CD4ltTy0nVPovY/VjexId1PfYJrbvvOSYeqpZuxgBY9+YG373mdK+j0uab5T9pr+KpY/8JgbNDN4nTBTDbt8melc/vnENGs6kd5tw9L7o8Svrr8oxOxLVCnpE+WgR95kB5Zr/ACi3ZNDMwbgI825TD0XHI+TA/KDYKkFQARclch+N1A1xG3qFJ1R6ihi2UjMOr1c2Zr+6LW53EYnaNIKhLplf3OsOuLXOX72nZE52RnxS1WVDTWmykEAszsbXItqMvGLcF0XrL7S7qciVKeEBb3RULdZrro1iBx3nsE65XsUrFw7inzU6V/t/r/hzb6wFZr3yqMwP4e/v0hFHatEkWYeJhOPwRpVmpNY5LK3YTlF7d1zBquFpMTmQeEjdJ0yniY4lXou01YxTGIR1SvnDaGLUjS2kqNTZtLNYErfdYzZNmOB1KzjuO6auUk1Lk4Dbp4gZeJHepI+EqX9rTc4aY21cSvvJe3YZvKjNS6DaVdPdqv4nN/mvJ06T4lftI4/EuvoZSE6SsNHRh4TP+nELXDWHYZtSWzMqL3R0FOm7r79JT+ViPQiGL05okddHAOh0DD0MoGHrowuXF567r3HxmrJNGPFBi7bVBPauaAvSY3UHQi+pHKK6oIvcWj4ka6RZtXQKIMW3IJpJC280xHuNy+ckYSHEHqNqN3zlCFshQm2+eyNVX7w8xMg0dqXTpJh8+Hqdq2YH8p19CZRVpN3TJkbMTi2PdRvjDYuIy16TdlSmTyzi8yZFj0dnpvBsW+hnkyczEKHqTKSlpkyAGWLA0cqXlI+kGmCFI3qxPOwuR5LMmRnYWtzm+JQBmtu3jkdZ7TqdYHvBPnPJkathL3CabXtxsVufzXNvO87N9GVL+C5PHL52OsyZB/yQX+LLv7JTbTiJM1ITJkYKEHSuuRRKKSGYhQRpYbyQeQMW7M2jUphQze0U/e3/AOLfMmSeb9xbiS9MteFrBhmELUXnkyOjsSTOP9Nrrjq/5kP+Kmh+cV0sPUdlRUuzaLqov4k6TJkhfW/krTfIvgfj6OsToxenffludP5rRZtDB1KD5KoF+4gi3hMmRuSCS0F45tvU8wNF6mcoMwRSz3IFhv0vvk+B2fVr/wB0mb+ZV/zETJkyMFobKb1HVHoPim9/2SdoZix8lUj1hK/Roh/vKq8lp/Mt8pkyUxxQ8E0s0/JL/wBmOCUZmesQN9mVR5BbwrDdC9njclV+dWoPgyzJkascRLyy8jOl0Wwq7sKP5mzed3MmPR3D/wC6Yc/mVT8UM8mTeVGObJRsLDj/AMLhhypr/wDSTU9mpwp0hypr/SZMmmE31Rfup/8AGP1mTJk6wqP/2Q==')
INSERT [dbo].[Img] ([img_id], [img_name], [img_url]) VALUES (11, N'', N'data:image/jpeg;base64,/9j/4AAQSkZJRgABAQAAAQABAAD/2wCEAAoHCBYWFRgWFhUYGBgZGhgYGBoYGhwYGBoYGBgaGRgYGBgcIS4lHB4rIRgYJjgmKy8xNTU1GiQ7QDszPy40NTEBDAwMEA8QHxISHzQrJCs3NDQ0NDQ0NDQ0NDQ0NDQ0NDQ0NDQ0NDQ0NDQ0NDQ0NDQ0NDQ0NDQ0NDQ0NDQ0NDQ0NP/AABEIALcBEwMBIgACEQEDEQH/xAAcAAACAgMBAQAAAAAAAAAAAAAEBQMGAAIHAQj/xABJEAACAQIDBAcECAMFBAsAAAABAgADEQQSIQUxQXEGIlFhgZGhEzKxwQcUQlJictHwI4LhJDOSssJDVKLxFRYXNERjc4OT0vL/xAAZAQADAQEBAAAAAAAAAAAAAAACAwQBAAX/xAAqEQACAgECBQQCAgMAAAAAAAAAAQIRAyExBBIyQVETInGBM2EUI0KRof/aAAwDAQACEQMRAD8A6DtReoZQ+mqfxqB7jLtj8ahp3BuCQL98pvTNwalC3C/whZfxsTh/Ih/0YTqHlH2FXq+MS9G16nhHmGcZd8Rwz9n2UcSvcA7Vp6Tm20KX8Z503aDgi15QMZRJrPA41/1hcIvcJOj1P+0MJeXp2dCdwMp+w6R+stOiYagHsGkUG+aNfosmlysZ0KoHHhPK/WUi+pgzYM0zmW7DiL/CUv6ROk5poKOHJVyOu40NMfdXsbXU8Bu1Nx67VK2eUtZUjNo9J6OBdkd/avxRLFlPYx3LyveV7GfSW7t1MOiDtLFm9LCUVaDMx7gSb79SND36zVqJG4cQPE7pnOxnpR7nRdnfSJUJAdEIvwBB/wA0tWG6e0VsWV1U8dLeGt5xClVy84wwW1TmJcAoOBHoO/vnKTMcI9j6G2TtzD4n+6qKxG9dzD+U6w5lInztiagRVxNHNTu+5WIKkjQrbdu7eydH+j/py1a1HENmY+4+gJ7n7T3wWkwJQ0tHQg4Ew1xPXp3FxB2XhFtNb')
INSERT [dbo].[Img] ([img_id], [img_name], [img_url]) VALUES (12, N'', N'')
INSERT [dbo].[Img] ([img_id], [img_name], [img_url]) VALUES (13, N'21312', N'data:image/jpeg;base64,/9j/4AAQSkZJRgABAQAAAQABAAD/2wCEAAoHCBYWFRgWFhUYGBgZGhgYGBoYGhwYGBoYGBgaGRgYGBgcIS4lHB4rIRgYJjgmKy8xNTU1GiQ7QDszPy40NTEBDAwMEA8QHxISHzQrJCs3NDQ0NDQ0NDQ0NDQ0NDQ0NDQ0NDQ0NDQ0NDQ0NDQ0NDQ0NDQ0NDQ0NDQ0NDQ0NDQ0NP/AABEIALcBEwMBIgACEQEDEQH/xAAcAAACAgMBAQAAAAAAAAAAAAAEBQMGAAIHAQj/xABJEAACAQIDBAcECAMFBAsAAAABAgADEQQSIQUxQXEGIlFhgZGhEzKxwQcUQlJictHwI4LhJDOSssJDVKLxFRYXNERjc4OT0vL/xAAZAQADAQEBAAAAAAAAAAAAAAACAwQBAAX/xAAqEQACAgECBQQCAgMAAAAAAAAAAQIRAyExBBIyQVETInGBM2EUI0KRof/aAAwDAQACEQMRAD8A6DtReoZQ+mqfxqB7jLtj8ahp3BuCQL98pvTNwalC3C/whZfxsTh/Ih/0YTqHlH2FXq+MS9G16nhHmGcZd8Rwz9n2UcSvcA7Vp6Tm20KX8Z503aDgi15QMZRJrPA41/1hcIvcJOj1P+0MJeXp2dCdwMp+w6R+stOiYagHsGkUG+aNfosmlysZ0KoHHhPK/WUi+pgzYM0zmW7DiL/CUv6ROk5poKOHJVyOu40NMfdXsbXU8Bu1Nx67VK2eUtZUjNo9J6OBdkd/avxRLFlPYx3LyveV7GfSW7t1MOiDtLFm9LCUVaDMx7gSb79SND36zVqJG4cQPE7pnOxnpR7nRdnfSJUJAdEIvwBB/wA0tWG6e0VsWV1U8dLeGt5xClVy84wwW1TmJcAoOBHoO/vnKTMcI9j6G2TtzD4n+6qKxG9dzD+U6w5lInztiagRVxNHNTu+5WIKkjQrbdu7eydH+j/py1a1HENmY+4+gJ7n7T3wWkwJQ0tHQg4Ew1xPXp3FxB2XhFtNbiZNo2qdbdCgnVg9BIWd05BwdOyp7VodYw/YuBcIDmk21aWl4z2YnUHKLxwTbstllbimgOth3UXDRLX2k+4b5bq66SqthevF5oPmSi2rGYZJxbkloD08dV4zyrtV13x2MKLbop2nhtQLcYOTBKKu2HDNGTqkB1dpVDuvB6m0aw7ZYMPghlGkixuEAU6Tf47UbtgLOm6pAOysS9U2zc45OzGP22gHRvC5XYy1ZYeDFGUblqZmySjKkUDbmzyraknfD9jbFOS+Yi/ZCOkadYeMebLSyDkJmPFF5Gn2CyZJLGmt2KhscqCc7HmYgxuLZCQSdJfqq6Sg7co3f+b5weKxRVVodw+STuyP6257ZkY0ML1RymTv4i8s7+U/CCMqfVdRa9tOO+V3pgiB8ORe/aey0vmLwy5CLeEqXTOiP4Gn2vlPQy9DPPxaTQ16O2yeEYqq5CB3wTo8gCeEdUMOtt0n4bp/2U8R1C5qC2Ery4QGq9pca1ERClP+K8Vxq/r+0M4R+6v0VrZ2Dtin04Ay4UKESYZbYpvyj4yyIAd8hw6tFmRaMB2ptD6vSeoxBVRoD946KL8yJyXG4pHDO5zMzXPadSfUm8tP0oYsolKkG0dy5F/soLf65y1Kp1PYC3M20+N57M3eh5uONJsOwDoMzNxsNNeu/wAABmHgIJisUM1lG4kDw4k9u+/MwGm7ZQo1Yvpztb5wjEotNVsQWYX5jgfy317+QmBXoRVsoOupsByJ/fhNGo3Ay7v62JglyZbug2xTXqZ3H8KmRcfffeF5C9z4DjMb5VbMjHmdFh6M9FmehaoNHHu9i/ZHOKtv9FKuCtXpk5AwvYm669U9wnW8Gtoc+CSqj03XMjqVYHiGFjExlJsdKMYqhJ0J6SfWKAY+8tlfnbQ+P6y2EK+onMOiOCfCNiabC+SrkvxIUZlbxV1PjLthMcDqp/ffLFDmjqQSaUmuw39mRNfbz3D4xWFjoZDicKTqsU4NAva4kWPcERpgF6g5RFVQ21vLDhB1Rygx6mULoRvVGkRZOvH1XdFAXrxeRe9DodLJskWbQTrDnG+WK8eDnXnDyq0Bi0YVRTQSPFr1YTTTSQ4kaQpdLBj1o02LTtcxyRF+yl0jIiBgVY0MzO5srG3Uu6/vjHuDSyDlE+11vUXw+Me4deqIGH8k3+0Fl6I/Z5VGkpm0Kd3H5pdao0lUxCXcc4PFbx+QuG2l8BlKnoJ7CUTSZKiUKxQ6plP6XG4o/m+UueJHVMp/S1erS/MJuToYOPrQ26PjqeEeUBpEvR8dTwjyiNIjhugfxHUa1xEBW1V/CWGqIicfxW5CBxv4vtBcL1/Qqww/tLcvnLAO+IsOtsQeXzjy17iedhL5nHPpUxN8WEB0SmOO4vmY+gWUl7D/AAk/Cw8vjHfTGqHxddr3HtGUH8KDILc7RE67uR+f6T1071PPqlRq9QKVNr2zacDwse6D16pZizG5O+FVaLMoIF7X9T/y855gMNmcKwNr/vWbaB5WzbZeznrOFUd5bgo7T+k6psCm1NVp00CoumZ+J4mw1JJ4zNk4NKaAIoAOptC8ThXYWRrHlr4HhJZ5HJlePGood02rL1s6MBvAFiI2OMApF2JA3XG/wlSw2w3WqK+bIFQLkAuWsrA5nOpBzX1vqB2CMtlVc96TNa5up7G3fAkeM5Sp6M6UbWqI8TtNCwempNJlS7ZWHWtvJI10trN/xode6WPC7NSlRSiF6irlAOtu7XnEG0diPTJeibrvKH/TPShL2o8rLH3Mlwu0dcraH0PKPMPtC2/USo4eutS4IysN4OhvJqeKdDZtV9RDaTFptF1qWddIdQWwEquDx9xdTHmC2gDodDEyhWo6GS9GH1t0WJ70ZVWuptFdEEHWTT60VR1gwyAYpeuIcHgdY9cTcrVL5RmJO38BSDSQYtdJOji0gxJ0mza5GZBPnRtscdXxjMwLZi9WHGdhVY18G5dZsru0h/FXw+Me0RpEmM/v18I9pjSBg6pP9h5umPwa1txlYy3fxMs9fcZWwOuIHEdUfkLB0SGQWZNs0yV2iWmT4odUym9KKZy0zfTNulqt1rMdLStdMcoCWOuYWnZOh/BmPrXyNdh+54R5SItK/wBHFNrt4R69uERw3QP4jqNq50iH/atrHq98r2KX+I1u6L4z8f2guF6/oHX/ALx4Q/HVclJ3+6jEc7aetoBRW1UdtoH03xhTDMBvNz4Dv5lZBiWtF03ocSxzFnc7ze3jc7/3xg7+8PyD5n5ySo5GvE38gNPUTSsADbsUfIT1okMhnsChnV1HvBMy390NmWxbuFyeMY4vBsq0yUyMoCGxBVitusCOBvzlfw+KakuZDY7j2MNND5CPP+sjVKaU3pqNQQ6njrcEHdv7Yuae6GQaqmWnZmJOVQd9hLDgauspuz626WTBVJL3KI7Fpd+oTa+kqWFdyytZszNYKqkm/ZoNPGWFsciUyzmygakxXszbl2zUkz3YDqkZt4tYXv8Asw92jUm7pF19tZEDixI1vwNhv75IEsNNR2fpPVqBls62JFyN4ueF5EtN0OhzL2cRynow6UePkfvYt2lshKnWXquNxG/xldrVnpnJWW3Y3Ay7kBtV3+sgxOERxldQYxSFOJU0BXrIf0MZYTaAOh0P73QLaGx6lE5qXWTinHwMCpYhX03MN4OhBhaMCqLphtoW0OojJGV9RKNQxTJo1yO2N8DjBvUwJQTGwyOJZfqvfNPqUhwm0QdG0MYCqJPLEu6KY5W9mCnCHtmr4MmGe1Ez2omPHFhKckD0abLpJmc23Tf2gnjOLQkklSBbt2yt4iofbA21vuj6nUNt0UMw9vfhHqsLSfh1u77sfna0VdgatUYiwBix8I172j24maRs8Sk7YqORx0Qk9k/ZPY60mQfS/bN9X9IVOLki2tpWulq2WmCv2hrG1PahzXym1oBtstXCjKQAbw55YuLSYqGKSkm0Mdhe4OUbhbRNsNGC66c45IvFYJcsaZRmjzStGwW8SVR/GIPdHYg1fDA68Zmf3xpGYVyytiVltXHKU/6TcVamw70QeTM3+nzlxqH+OB2Cc8+k+pog/E7c8thrIcKbn9lmTp+jnlRjp2m58r/08pE4949tvgb/ACmhfce63p/WSONCe/5T1CJkrU+p4X9Yw6O4YVUZD4HiDIcJSupH4QPRv1hfQ1rVmXx9bQJv2sKC9yDqKPSOVgbcDLHs7Fg2jh8GrLqAYDS2OCerJnqUrQbJUDJlO46Q7YGx0VwQSBcGw0BsbxDt8LgaVOpUZmzvlCIASOqWuSSNNPUR10G2kmJR3QupRsuRwt9QCH0J0PWH8pjMeOTkrQE8yjF0y1ZwdHFj6TZcyfiX18J7fgw8ZqxZe9ezj4T0DyzGUNqpsf3vmiVDucW7+EkVAwupsf3vmjHg4se3gZxxjoR3iJ9p7CSp116rjcRv8Y0JZO8dn6TZbMLqdZpjVlOdmpnJVXk3AzFBBzIfLdLVXpq4KOo17dxiHE7EekS1LrL9w/IwlIW4m2H2jwYWPpHGGx1hvuJWvaq/VIysN4OhnlCo6Na+ZfhymtJnJtF3o11caGaV1ZdRrF+GqArdd8Jw+OI0ceMnnhTKcedx3BTtHW1jPG2kBxMOxC03F9L+RlbrYgZyqAtbfbW3OT+jJPXYq9eDjpuS4rHgMLdsaYXHNYXvK7iRnK2HHsj7CUyFFxJJNRlUWVRXNG5INOPPbNvr/fByndPCvdC9SXkH04+CT6+3bPZDcdkyD6kvJvJHwNlwyjhNxRXsk4oz0UZcsZFzg2QDdPRChSE9FMTfTO5wWY14ZlEwqJ3IjOdlTxK2r6/dnPvpApZ3Qb/eB8f/AMTpW2rCovI+QlL2ps2riapyJ1VFi7aLre9vvEWtp96RqPLmpFSlzYrZx2tRINrbtPKTKOqB3m/w9NJ0DpDsWnTo7mV1Ghca1GvcupGl+7h375zygPeBOoPwP/KWCBlso3sO029BCthUimIB7yPOQbIXXxJ8LiWDZ+H/ALTa32m/p52MXLuHAvNFbpfuhOyMPd5rTQgZbRrs2nlF4qK1GSehr0j6O0sYiLVUlULFSrFWUkAXFtDuG+8TdHuiD4Ssz0a+em65WVwA4K6qbro3Ebl38ZcEr2cJ+Ek+aj5mbVadjpuMqj5JZbUyJMR9lxZu/ceUm1HeJ4j304/vfJRbkdxHDyjFJMS4NESqPeXQ/vfPQ4bRhY+kkenxGh+MjOujQgKoiqU2Td1l7OI5SJ0DdZDY/vQiGKxG/UTR6AbrKbHu+Ym2dQKKl+q4sfQzyozJwzL2cfCS1bHRxbv4TQ3X8S+s0wAxWBp1xcaMOI0YGIXovRJDjMvBh85aWoq3WQ2Pd8xPKgBGVx48DNTAaEeHxQAupvGRxWZRYaxXjtjMhz0t28rwPKMNluHTQWYbwd4MLTczVA1fZFWow6+VTvtvtLTgdlpSTKigdvaT2kyDDI2l+ENr4jKsRklWrKMUL2FOEwymq2m4mPBQHZEWGxGVyx4xsMapG+RcPOFP5ZdnjO0/0a161FDlZ0U9hIB8p4rUm3Mp8ROF7Vxj+2fMxY53F21JsxGp8JmytpOK1PLa+dbadpAjOdeBfpyXc7t7Gn2iZFftz2zJnPDwZU/I8OJXtmv1te2c+o9PMK29ivMRjhulWGYaVlHM2lClB9xDhNdi4HEiaNiu6IaW2KTbqiHxEJTFA7mHnCXK+4LcluhkcUZn1kxU+Lt38tZ6mMBAJ4mwE10lZkW5OjbFKrEu2pGgB5+sBr4q2g7LW4Rbt7H5LAHrE303gTMBig1gRqRcH5GIclZUoNIF2rS9sjI4up4Hd5Tk+2tkth8QF+w+YqeY1B8hO4PRDb5R/pCwP9nZgOsjBgewDf6EzFub2KNsxiGPL/Nb5j1lqwzqMSpJsDkN+5hlJ8/hKpRPWuNxUHzykfAiPMTX6yN2ouvlf1EGQcTqtGhkIzC/je47jHLhSBbmIm6L45cRh0vvAAYcVYb7c7RpVpleOnAzoxpWtgZSt09zXB3zMWsWtv4gE7vT0jNGusTbIYlC5+22YdyDRPMa/wA0c0hpGw2FZHqLWaz3hGLPUv8AvTcZFiF1kpGZDyPprMa3NT2JcPVzqqneVuD3jcZCmJBORxZh+9IPsticncgvzN4XUpI5PaCR33EPE7WovNHlehtqO8TAl+spkIZkNm1Xt/WTqvFTGCTzMG0YW+EhqUmTdqvZx8ISCG0IsZlyu/Ues44CajfrIbH96ET1XD9R1sfQ8oUUB1U6yF8p6raGbZjQFURqZ+8nmR/ST4OmmbMttd80qYgpo+qnj2c5BW6nXTUbyBuhADYVADY6SVt0XpVSqt+M8w+KOYoeEFxsYp0a4nDg+6bGTYaj1dYs2riWRgV3cYZiccKeHeodyoW8baDzk0sEIu0iqOeclys4tteoDWqf+o/+YzbYQzYmkP8AzF+MEqXJJO8m55nUxj0bQfWaN92cfAxBQ9jrMye5JkUEfPeEp1qjBERmbsEKfCYhBdqFQDtyEjzEu/RPZVRKWcIM+up3+EtuExICBKi68byvHj591oT5M3Js7ZxZMZbfceYhVLa7L7rsOTGdkfZOGqa5EvysYtxPRKif9ijDlYzXwq8gLi/KOdUOktdd1VvE3+M6HsbFO2GpVarEtfPf8BYhTYfhKnxg6dEsCdHolT3Ej1Eb4umoXJaygBQOxQLAeg8oDxOGtjIZY5NkIMdiAz8ezWE4B8jKd4v/AMxFzoVfKd49RwhtVcpBG4xd9x1dizZ947BcHtU7v08Im2qgrUnpt9pSPMWjLZ9QFACdRfL39qxZiGy1mHDf53jExbickpoQtjvVSDzp1CD6WjHFPemh+6zKe7S49WnmNpAYiog41HH+LX5+kjwC50dOIs3fpe/xHlNZyLj0H2maVWxPUqG/aAT/AFvOo4nVbfe6vnxv3DWcO2Q+W3cQbjgTvPmL+c7FsvFZ0W+9Oqefb5W9ZsNqBybphyKAABoAAByELw5gawnDPrGIUyPEprMDZSo7d/KT4gawXEnrjsC39T+k5mLUiwCWH5iAPyqBc+fxhGJw3WLIbNv89dZ5gjc34AWHzP77JmLqqjqWdVzAixNr2PDzE6DUUblTkzVMUdzrbv4TY0ze6HT0keKcOhCspPCxEzAO4WzCx841ST2EOLWjJVqB9NxE1FcqcrG94NUpur5xuMITDCqQdRadzRurO5ZVdG+IAVcyzAQ6X4wlsKbWvcSBcPbQboMppBRxykB5wylWHdrBMISt0YacI4bCqZstFeyD63hBeh5YlwBszLbjGBw9utxhJpAG9p5UUtoIuWaUk6Wo2GGKeotrlW03zNsbJGIw7UsxS9rEdqkEXHEaRhS2aAbk3MR/SBiHpYNijFSWRSRvsx1APCJrJTlId/XoonItpI9Go9NsrlGtmQ3U8pNsGqz4imFS5DBrdwNzfwi4vvh3RvHFMTTYD7WUjtDaGBegxnW/rFU7kFuEyajF93rMieaPlnVLwVLZ30iYYIA1F0A7AD8I0Tpls+qLM+X8wI+M4guJhFHELul3NOJO8UJHcMNiMG56mJUdwYfOO8Pa3Vqq3O0+eg8np12UXVmX8rEfCZ60luD/AB49j6DrJZSWCnst2xBtFrRJ9Hy1GovVd3cM2VAzFgFTQkX7WJH8sb7SbWbKTkrYeOCi6QFUohwCPfXd3jis8qi6cprhX1tGRpB1uNG4j739Ymh9g3tstJH+6SDyNoPtNj7UNwZBbmCb/ETYpmpvTOlwRrwO6/wivE4tvqyPbrJYOONgcj+W/wAJqZzRR9rVcuJc/jU8veHzEnwLinibblY+jA6eHyi/pA96zkbiFPnczd2LKj8eqD23GgJ56RtaCe42odSsyHdc25Nf4EW8Z03otUJXmqMeZGv6eAnNHPXp1ePVzc1YXPznSeiy2A5EHmruPjpMjudLYtVtBzHxnqNYzBunpBjRAXUFwDEu0Kt3KDuB7lH6m/rHFFtLStUXzOWO9iSfHcPgJk3pQeKNtseYXQWla+kWsEo03PCpk/xozf6JZMNEH0h0VfBnOuYCpTNt2uq7/wCaBNJwYUXU0c/TbH3XHqJOnSGqv238G0mdGejtCo7O6nIBbJmI1PfLov0f4R0BAdCRfR2+BJkig2/aVSaXUV7CdKah3VWPcyiMafTGqnFPHSet9GqEnJiXXmFb4Wgtb6N8RqExCOPxqV+BMNY8u6AeTFsxnS+kI7mRT+UwpOm9P7SOOWsp+J6AY9NVVHt9yp8mAijGbOxaiz4eqLcVUt/lvOk8kdzoxxy2Oo0+mWFbe5U94MNodIMM26snibTiCVnpt1lI/MpU+omwx2twb90z1JWd6arc7uuMRtVdTyIhVMi2hE4Mm0V3G45GT0ttOnuVHHJjCjmp6oyWJtaM7m7twlR+ksn6n/7ifOUin0urjdWb+YAyHb3SitiKQpu4ZQwbQWJI3XjXmUlVCo4XGSdlaJ3wjYq/2in+dfjBs19JPsY2xNP84imlTHnXKZ0EyA/9IURoaqgjeLjSZIKY3Q4YqC2ongog90dJsanYZsVTA7lY/pJKezcLm6+LNuOWi3oc3ynq34ZK68CYYf8AEYZsrZj16qUVaxdgtzrYb2a3GwBPhG2L2fgrD2WMseypTf4op+EcdBcAi4pH+s0XIV8qIXzElSCbOi2sCZ2t6nWqOhYXDJRppTQWRFCjtsOJ7zqT3mCY06RlVtaKce06R0RemhvG+FNwLbxFiLJsJiMjW4QENDsZTuCwHWtr3/1lOx+PIDU0A1zFiRe2Y3PxMu+IYFMw7JzrpA+SsQNM6hz6j/Tea0YpFQ2o38Rx2ZR5D+snwlXqOu8AKwHIkH/TFgqZmY9pProITRNnXs1B5XMbWhPdsf4d81PfcWBB43B+YBnVuhbZ6IfvIPO9zbznGcPUKqyHhe1uwt/SdZ6BVT9WAG8Fr872+UCOjDlrEuVQ6SYtALkkDvEMJjkTsltobdhlV2Y+ax4WvLHi8RkpO/3VYjnbT1tKvgeqoUcbCKyPVFGFe1lnwm68G6RbP9vh2T8SHycQzDiwAmu1ULUKqqSGKPlI3hgpK28QITVxaF3UrEWD2W2HACUQ/EkWvfxjGntEiwdHTmpt5iUDDdJ8UlrVM35gDG9DpvVtdkR+211/WLhxEUqo2fDzbuy7JVvqrQmjiO0Sn4bpqhNnosp/CQf0jal0jw7b7rzU/ERqzQYp4ZosZqAjfF4BvqIGuPoP7ldQeY+BhtF9NHVpklGWzCg5R3RqaSsbFQeYBkeI6P4V/fw9JuaLfztDKSgG5k4Yds6MaWpspWym7T6CYAKzmmyBQWOR3FgBc2W9vScjx+BX2jewZlp30FSxYDvIn0ViaSujI2oYFTyIsZzPb3QRqVJ6qVM+TrBMtiUG+5vqQNd2torJF7xQzHNbSZzN6FUC/VbuB1Im9EOM2dbaC3GFtUBv8uEgquN3nFJu9h7QMwtrPRXKHMN66jnMeRVj1TyMcAHU3JAJW5O89syA0VOUdYzIjkQfMxW9Zm+0T5mF0NjYl1zJh6zKftBGynk1rGNekmz1pKjIoAzMpsLXJAIP/CZv0W6WVcKSts9NvepsdOa9hlT07CE3JWhYOjmL/wB1rnlTY/COOiGz8RSxlF3w9ZFzMCzU3VbMrDUkW3kSyVPpGQW9nh2HaGYW8NTLHszpbSxNLQ5HJCmmTe+Y207YTlABer3SC69Uk6QOsNIYokWKXqxTQ6LAabTKycZETrI6lbhBDGOArk3Q8ZQOmhy1GbMAcgCjt1N7ecveyku15R/pFpddD2ll8ip+cJK6Bbpso2HazA9mvlD81nOmgb/huRf4RaF1tDHfrX362NvKOZOhphgMzA8CD4ltTy0nVPovY/VjexId1PfYJrbvvOSYeqpZuxgBY9+YG373mdK+j0uab5T9pr+KpY/8JgbNDN4nTBTDbt8melc/vnENGs6kd5tw9L7o8Svrr8oxOxLVCnpE+WgR95kB5Zr/ACi3ZNDMwbgI825TD0XHI+TA/KDYKkFQARclch+N1A1xG3qFJ1R6ihi2UjMOr1c2Zr+6LW53EYnaNIKhLplf3OsOuLXOX72nZE52RnxS1WVDTWmykEAszsbXItqMvGLcF0XrL7S7qciVKeEBb3RULdZrro1iBx3nsE65XsUrFw7inzU6V/t/r/hzb6wFZr3yqMwP4e/v0hFHatEkWYeJhOPwRpVmpNY5LK3YTlF7d1zBquFpMTmQeEjdJ0yniY4lXou01YxTGIR1SvnDaGLUjS2kqNTZtLNYErfdYzZNmOB1KzjuO6auUk1Lk4Dbp4gZeJHepI+EqX9rTc4aY21cSvvJe3YZvKjNS6DaVdPdqv4nN/mvJ06T4lftI4/EuvoZSE6SsNHRh4TP+nELXDWHYZtSWzMqL3R0FOm7r79JT+ViPQiGL05okddHAOh0DD0MoGHrowuXF567r3HxmrJNGPFBi7bVBPauaAvSY3UHQi+pHKK6oIvcWj4ka6RZtXQKIMW3IJpJC280xHuNy+ckYSHEHqNqN3zlCFshQm2+eyNVX7w8xMg0dqXTpJh8+Hqdq2YH8p19CZRVpN3TJkbMTi2PdRvjDYuIy16TdlSmTyzi8yZFj0dnpvBsW+hnkyczEKHqTKSlpkyAGWLA0cqXlI+kGmCFI3qxPOwuR5LMmRnYWtzm+JQBmtu3jkdZ7TqdYHvBPnPJkathL3CabXtxsVufzXNvO87N9GVL+C5PHL52OsyZB/yQX+LLv7JTbTiJM1ITJkYKEHSuuRRKKSGYhQRpYbyQeQMW7M2jUphQze0U/e3/AOLfMmSeb9xbiS9MteFrBhmELUXnkyOjsSTOP9Nrrjq/5kP+Kmh+cV0sPUdlRUuzaLqov4k6TJkhfW/krTfIvgfj6OsToxenffludP5rRZtDB1KD5KoF+4gi3hMmRuSCS0F45tvU8wNF6mcoMwRSz3IFhv0vvk+B2fVr/wB0mb+ZV/zETJkyMFobKb1HVHoPim9/2SdoZix8lUj1hK/Roh/vKq8lp/Mt8pkyUxxQ8E0s0/JL/wBmOCUZmesQN9mVR5BbwrDdC9njclV+dWoPgyzJkascRLyy8jOl0Wwq7sKP5mzed3MmPR3D/wC6Yc/mVT8UM8mTeVGObJRsLDj/AMLhhypr/wDSTU9mpwp0hypr/SZMmmE31Rfup/8AGP1mTJk6wqP/2Q==')
INSERT [dbo].[Img] ([img_id], [img_name], [img_url]) VALUES (14, N'ádsa', N'data:image/jpeg;base64,/9j/4AAQSkZJRgABAQAAAQABAAD/2wCEAAoHCBYWFRgWFhUYGBgZGhgYGBoYGhwYGBoYGBgaGRgYGBgcIS4lHB4rIRgYJjgmKy8xNTU1GiQ7QDszPy40NTEBDAwMEA8QHxISHzQrJCs3NDQ0NDQ0NDQ0NDQ0NDQ0NDQ0NDQ0NDQ0NDQ0NDQ0NDQ0NDQ0NDQ0NDQ0NDQ0NDQ0NP/AABEIALcBEwMBIgACEQEDEQH/xAAcAAACAgMBAQAAAAAAAAAAAAAEBQMGAAIHAQj/xABJEAACAQIDBAcECAMFBAsAAAABAgADEQQSIQUxQXEGIlFhgZGhEzKxwQcUQlJictHwI4LhJDOSssJDVKLxFRYXNERjc4OT0vL/xAAZAQADAQEBAAAAAAAAAAAAAAACAwQBAAX/xAAqEQACAgECBQQCAgMAAAAAAAAAAQIRAyExBBIyQVETInGBM2EUI0KRof/aAAwDAQACEQMRAD8A6DtReoZQ+mqfxqB7jLtj8ahp3BuCQL98pvTNwalC3C/whZfxsTh/Ih/0YTqHlH2FXq+MS9G16nhHmGcZd8Rwz9n2UcSvcA7Vp6Tm20KX8Z503aDgi15QMZRJrPA41/1hcIvcJOj1P+0MJeXp2dCdwMp+w6R+stOiYagHsGkUG+aNfosmlysZ0KoHHhPK/WUi+pgzYM0zmW7DiL/CUv6ROk5poKOHJVyOu40NMfdXsbXU8Bu1Nx67VK2eUtZUjNo9J6OBdkd/avxRLFlPYx3LyveV7GfSW7t1MOiDtLFm9LCUVaDMx7gSb79SND36zVqJG4cQPE7pnOxnpR7nRdnfSJUJAdEIvwBB/wA0tWG6e0VsWV1U8dLeGt5xClVy84wwW1TmJcAoOBHoO/vnKTMcI9j6G2TtzD4n+6qKxG9dzD+U6w5lInztiagRVxNHNTu+5WIKkjQrbdu7eydH+j/py1a1HENmY+4+gJ7n7T3wWkwJQ0tHQg4Ew1xPXp3FxB2XhFtNbiZNo2qdbdCgnVg9BIWd05BwdOyp7VodYw/YuBcIDmk21aWl4z2YnUHKLxwTbstllbimgOth3UXDRLX2k+4b5bq66SqthevF5oPmSi2rGYZJxbkloD08dV4zyrtV13x2MKLbop2nhtQLcYOTBKKu2HDNGTqkB1dpVDuvB6m0aw7ZYMPghlGkixuEAU6Tf47UbtgLOm6pAOysS9U2zc45OzGP22gHRvC5XYy1ZYeDFGUblqZmySjKkUDbmzyraknfD9jbFOS+Yi/ZCOkadYeMebLSyDkJmPFF5Gn2CyZJLGmt2KhscqCc7HmYgxuLZCQSdJfqq6Sg7co3f+b5weKxRVVodw+STuyP6257ZkY0ML1RymTv4i8s7+U/CCMqfVdRa9tOO+V3pgiB8ORe/aey0vmLwy5CLeEqXTOiP4Gn2vlPQy9DPPxaTQ16O2yeEYqq5CB3wTo8gCeEdUMOtt0n4bp/2U8R1C5qC2Ery4QGq9pca1ERClP+K8Vxq/r+0M4R+6v0VrZ2Dtin04Ay4UKESYZbYpvyj4yyIAd8hw6tFmRaMB2ptD6vSeoxBVRoD946KL8yJyXG4pHDO5zMzXPadSfUm8tP0oYsolKkG0dy5F/soLf65y1Kp1PYC3M20+N57M3eh5uONJsOwDoMzNxsNNeu/wAABmHgIJisUM1lG4kDw4k9u+/MwGm7ZQo1Yvpztb5wjEotNVsQWYX5jgfy317+QmBXoRVsoOupsByJ/fhNGo3Ay7v62JglyZbug2xTXqZ3H8KmRcfffeF5C9z4DjMb5VbMjHmdFh6M9FmehaoNHHu9i/ZHOKtv9FKuCtXpk5AwvYm669U9wnW8Gtoc+CSqj03XMjqVYHiGFjExlJsdKMYqhJ0J6SfWKAY+8tlfnbQ+P6y2EK+onMOiOCfCNiabC+SrkvxIUZlbxV1PjLthMcDqp/ffLFDmjqQSaUmuw39mRNfbz3D4xWFjoZDicKTqsU4NAva4kWPcERpgF6g5RFVQ21vLDhB1Rygx6mULoRvVGkRZOvH1XdFAXrxeRe9DodLJskWbQTrDnG+WK8eDnXnDyq0Bi0YVRTQSPFr1YTTTSQ4kaQpdLBj1o02LTtcxyRF+yl0jIiBgVY0MzO5srG3Uu6/vjHuDSyDlE+11vUXw+Me4deqIGH8k3+0Fl6I/Z5VGkpm0Kd3H5pdao0lUxCXcc4PFbx+QuG2l8BlKnoJ7CUTSZKiUKxQ6plP6XG4o/m+UueJHVMp/S1erS/MJuToYOPrQ26PjqeEeUBpEvR8dTwjyiNIjhugfxHUa1xEBW1V/CWGqIicfxW5CBxv4vtBcL1/Qqww/tLcvnLAO+IsOtsQeXzjy17iedhL5nHPpUxN8WEB0SmOO4vmY+gWUl7D/AAk/Cw8vjHfTGqHxddr3HtGUH8KDILc7RE67uR+f6T1071PPqlRq9QKVNr2zacDwse6D16pZizG5O+FVaLMoIF7X9T/y855gMNmcKwNr/vWbaB5WzbZeznrOFUd5bgo7T+k6psCm1NVp00CoumZ+J4mw1JJ4zNk4NKaAIoAOptC8ThXYWRrHlr4HhJZ5HJlePGood02rL1s6MBvAFiI2OMApF2JA3XG/wlSw2w3WqK+bIFQLkAuWsrA5nOpBzX1vqB2CMtlVc96TNa5up7G3fAkeM5Sp6M6UbWqI8TtNCwempNJlS7ZWHWtvJI10trN/xode6WPC7NSlRSiF6irlAOtu7XnEG0diPTJeibrvKH/TPShL2o8rLH3Mlwu0dcraH0PKPMPtC2/USo4eutS4IysN4OhvJqeKdDZtV9RDaTFptF1qWddIdQWwEquDx9xdTHmC2gDodDEyhWo6GS9GH1t0WJ70ZVWuptFdEEHWTT60VR1gwyAYpeuIcHgdY9cTcrVL5RmJO38BSDSQYtdJOji0gxJ0mza5GZBPnRtscdXxjMwLZi9WHGdhVY18G5dZsru0h/FXw+Me0RpEmM/v18I9pjSBg6pP9h5umPwa1txlYy3fxMs9fcZWwOuIHEdUfkLB0SGQWZNs0yV2iWmT4odUym9KKZy0zfTNulqt1rMdLStdMcoCWOuYWnZOh/BmPrXyNdh+54R5SItK/wBHFNrt4R69uERw3QP4jqNq50iH/atrHq98r2KX+I1u6L4z8f2guF6/oHX/ALx4Q/HVclJ3+6jEc7aetoBRW1UdtoH03xhTDMBvNz4Dv5lZBiWtF03ocSxzFnc7ze3jc7/3xg7+8PyD5n5ySo5GvE38gNPUTSsADbsUfIT1okMhnsChnV1HvBMy390NmWxbuFyeMY4vBsq0yUyMoCGxBVitusCOBvzlfw+KakuZDY7j2MNND5CPP+sjVKaU3pqNQQ6njrcEHdv7Yuae6GQaqmWnZmJOVQd9hLDgauspuz626WTBVJL3KI7Fpd+oTa+kqWFdyytZszNYKqkm/ZoNPGWFsciUyzmygakxXszbl2zUkz3YDqkZt4tYXv8Asw92jUm7pF19tZEDixI1vwNhv75IEsNNR2fpPVqBls62JFyN4ueF5EtN0OhzL2cRynow6UePkfvYt2lshKnWXquNxG/xldrVnpnJWW3Y3Ay7kBtV3+sgxOERxldQYxSFOJU0BXrIf0MZYTaAOh0P73QLaGx6lE5qXWTinHwMCpYhX03MN4OhBhaMCqLphtoW0OojJGV9RKNQxTJo1yO2N8DjBvUwJQTGwyOJZfqvfNPqUhwm0QdG0MYCqJPLEu6KY5W9mCnCHtmr4MmGe1Ez2omPHFhKckD0abLpJmc23Tf2gnjOLQkklSBbt2yt4iofbA21vuj6nUNt0UMw9vfhHqsLSfh1u77sfna0VdgatUYiwBix8I172j24maRs8Sk7YqORx0Qk9k/ZPY60mQfS/bN9X9IVOLki2tpWulq2WmCv2hrG1PahzXym1oBtstXCjKQAbw55YuLSYqGKSkm0Mdhe4OUbhbRNsNGC66c45IvFYJcsaZRmjzStGwW8SVR/GIPdHYg1fDA68Zmf3xpGYVyytiVltXHKU/6TcVamw70QeTM3+nzlxqH+OB2Cc8+k+pog/E7c8thrIcKbn9lmTp+jnlRjp2m58r/08pE4949tvgb/ACmhfce63p/WSONCe/5T1CJkrU+p4X9Yw6O4YVUZD4HiDIcJSupH4QPRv1hfQ1rVmXx9bQJv2sKC9yDqKPSOVgbcDLHs7Fg2jh8GrLqAYDS2OCerJnqUrQbJUDJlO46Q7YGx0VwQSBcGw0BsbxDt8LgaVOpUZmzvlCIASOqWuSSNNPUR10G2kmJR3QupRsuRwt9QCH0J0PWH8pjMeOTkrQE8yjF0y1ZwdHFj6TZcyfiX18J7fgw8ZqxZe9ezj4T0DyzGUNqpsf3vmiVDucW7+EkVAwupsf3vmjHg4se3gZxxjoR3iJ9p7CSp116rjcRv8Y0JZO8dn6TZbMLqdZpjVlOdmpnJVXk3AzFBBzIfLdLVXpq4KOo17dxiHE7EekS1LrL9w/IwlIW4m2H2jwYWPpHGGx1hvuJWvaq/VIysN4OhnlCo6Na+ZfhymtJnJtF3o11caGaV1ZdRrF+GqArdd8Jw+OI0ceMnnhTKcedx3BTtHW1jPG2kBxMOxC03F9L+RlbrYgZyqAtbfbW3OT+jJPXYq9eDjpuS4rHgMLdsaYXHNYXvK7iRnK2HHsj7CUyFFxJJNRlUWVRXNG5INOPPbNvr/fByndPCvdC9SXkH04+CT6+3bPZDcdkyD6kvJvJHwNlwyjhNxRXsk4oz0UZcsZFzg2QDdPRChSE9FMTfTO5wWY14ZlEwqJ3IjOdlTxK2r6/dnPvpApZ3Qb/eB8f/AMTpW2rCovI+QlL2ps2riapyJ1VFi7aLre9vvEWtp96RqPLmpFSlzYrZx2tRINrbtPKTKOqB3m/w9NJ0DpDsWnTo7mV1Ghca1GvcupGl+7h375zygPeBOoPwP/KWCBlso3sO029BCthUimIB7yPOQbIXXxJ8LiWDZ+H/ALTa32m/p52MXLuHAvNFbpfuhOyMPd5rTQgZbRrs2nlF4qK1GSehr0j6O0sYiLVUlULFSrFWUkAXFtDuG+8TdHuiD4Ssz0a+em65WVwA4K6qbro3Ebl38ZcEr2cJ+Ek+aj5mbVadjpuMqj5JZbUyJMR9lxZu/ceUm1HeJ4j304/vfJRbkdxHDyjFJMS4NESqPeXQ/vfPQ4bRhY+kkenxGh+MjOujQgKoiqU2Td1l7OI5SJ0DdZDY/vQiGKxG/UTR6AbrKbHu+Ym2dQKKl+q4sfQzyozJwzL2cfCS1bHRxbv4TQ3X8S+s0wAxWBp1xcaMOI0YGIXovRJDjMvBh85aWoq3WQ2Pd8xPKgBGVx48DNTAaEeHxQAupvGRxWZRYaxXjtjMhz0t28rwPKMNluHTQWYbwd4MLTczVA1fZFWow6+VTvtvtLTgdlpSTKigdvaT2kyDDI2l+ENr4jKsRklWrKMUL2FOEwymq2m4mPBQHZEWGxGVyx4xsMapG+RcPOFP5ZdnjO0/0a161FDlZ0U9hIB8p4rUm3Mp8ROF7Vxj+2fMxY53F21JsxGp8JmytpOK1PLa+dbadpAjOdeBfpyXc7t7Gn2iZFftz2zJnPDwZU/I8OJXtmv1te2c+o9PMK29ivMRjhulWGYaVlHM2lClB9xDhNdi4HEiaNiu6IaW2KTbqiHxEJTFA7mHnCXK+4LcluhkcUZn1kxU+Lt38tZ6mMBAJ4mwE10lZkW5OjbFKrEu2pGgB5+sBr4q2g7LW4Rbt7H5LAHrE303gTMBig1gRqRcH5GIclZUoNIF2rS9sjI4up4Hd5Tk+2tkth8QF+w+YqeY1B8hO4PRDb5R/pCwP9nZgOsjBgewDf6EzFub2KNsxiGPL/Nb5j1lqwzqMSpJsDkN+5hlJ8/hKpRPWuNxUHzykfAiPMTX6yN2ouvlf1EGQcTqtGhkIzC/je47jHLhSBbmIm6L45cRh0vvAAYcVYb7c7RpVpleOnAzoxpWtgZSt09zXB3zMWsWtv4gE7vT0jNGusTbIYlC5+22YdyDRPMa/wA0c0hpGw2FZHqLWaz3hGLPUv8AvTcZFiF1kpGZDyPprMa3NT2JcPVzqqneVuD3jcZCmJBORxZh+9IPsticncgvzN4XUpI5PaCR33EPE7WovNHlehtqO8TAl+spkIZkNm1Xt/WTqvFTGCTzMG0YW+EhqUmTdqvZx8ISCG0IsZlyu/Ues44CajfrIbH96ET1XD9R1sfQ8oUUB1U6yF8p6raGbZjQFURqZ+8nmR/ST4OmmbMttd80qYgpo+qnj2c5BW6nXTUbyBuhADYVADY6SVt0XpVSqt+M8w+KOYoeEFxsYp0a4nDg+6bGTYaj1dYs2riWRgV3cYZiccKeHeodyoW8baDzk0sEIu0iqOeclys4tteoDWqf+o/+YzbYQzYmkP8AzF+MEqXJJO8m55nUxj0bQfWaN92cfAxBQ9jrMye5JkUEfPeEp1qjBERmbsEKfCYhBdqFQDtyEjzEu/RPZVRKWcIM+up3+EtuExICBKi68byvHj591oT5M3Js7ZxZMZbfceYhVLa7L7rsOTGdkfZOGqa5EvysYtxPRKif9ijDlYzXwq8gLi/KOdUOktdd1VvE3+M6HsbFO2GpVarEtfPf8BYhTYfhKnxg6dEsCdHolT3Ej1Eb4umoXJaygBQOxQLAeg8oDxOGtjIZY5NkIMdiAz8ezWE4B8jKd4v/AMxFzoVfKd49RwhtVcpBG4xd9x1dizZ947BcHtU7v08Im2qgrUnpt9pSPMWjLZ9QFACdRfL39qxZiGy1mHDf53jExbickpoQtjvVSDzp1CD6WjHFPemh+6zKe7S49WnmNpAYiog41HH+LX5+kjwC50dOIs3fpe/xHlNZyLj0H2maVWxPUqG/aAT/AFvOo4nVbfe6vnxv3DWcO2Q+W3cQbjgTvPmL+c7FsvFZ0W+9Oqefb5W9ZsNqBybphyKAABoAAByELw5gawnDPrGIUyPEprMDZSo7d/KT4gawXEnrjsC39T+k5mLUiwCWH5iAPyqBc+fxhGJw3WLIbNv89dZ5gjc34AWHzP77JmLqqjqWdVzAixNr2PDzE6DUUblTkzVMUdzrbv4TY0ze6HT0keKcOhCspPCxEzAO4WzCx841ST2EOLWjJVqB9NxE1FcqcrG94NUpur5xuMITDCqQdRadzRurO5ZVdG+IAVcyzAQ6X4wlsKbWvcSBcPbQboMppBRxykB5wylWHdrBMISt0YacI4bCqZstFeyD63hBeh5YlwBszLbjGBw9utxhJpAG9p5UUtoIuWaUk6Wo2GGKeotrlW03zNsbJGIw7UsxS9rEdqkEXHEaRhS2aAbk3MR/SBiHpYNijFSWRSRvsx1APCJrJTlId/XoonItpI9Go9NsrlGtmQ3U8pNsGqz4imFS5DBrdwNzfwi4vvh3RvHFMTTYD7WUjtDaGBegxnW/rFU7kFuEyajF93rMieaPlnVLwVLZ30iYYIA1F0A7AD8I0Tpls+qLM+X8wI+M4guJhFHELul3NOJO8UJHcMNiMG56mJUdwYfOO8Pa3Vqq3O0+eg8np12UXVmX8rEfCZ60luD/AB49j6DrJZSWCnst2xBtFrRJ9Hy1GovVd3cM2VAzFgFTQkX7WJH8sb7SbWbKTkrYeOCi6QFUohwCPfXd3jis8qi6cprhX1tGRpB1uNG4j739Ymh9g3tstJH+6SDyNoPtNj7UNwZBbmCb/ETYpmpvTOlwRrwO6/wivE4tvqyPbrJYOONgcj+W/wAJqZzRR9rVcuJc/jU8veHzEnwLinibblY+jA6eHyi/pA96zkbiFPnczd2LKj8eqD23GgJ56RtaCe42odSsyHdc25Nf4EW8Z03otUJXmqMeZGv6eAnNHPXp1ePVzc1YXPznSeiy2A5EHmruPjpMjudLYtVtBzHxnqNYzBunpBjRAXUFwDEu0Kt3KDuB7lH6m/rHFFtLStUXzOWO9iSfHcPgJk3pQeKNtseYXQWla+kWsEo03PCpk/xozf6JZMNEH0h0VfBnOuYCpTNt2uq7/wCaBNJwYUXU0c/TbH3XHqJOnSGqv238G0mdGejtCo7O6nIBbJmI1PfLov0f4R0BAdCRfR2+BJkig2/aVSaXUV7CdKah3VWPcyiMafTGqnFPHSet9GqEnJiXXmFb4Wgtb6N8RqExCOPxqV+BMNY8u6AeTFsxnS+kI7mRT+UwpOm9P7SOOWsp+J6AY9NVVHt9yp8mAijGbOxaiz4eqLcVUt/lvOk8kdzoxxy2Oo0+mWFbe5U94MNodIMM26snibTiCVnpt1lI/MpU+omwx2twb90z1JWd6arc7uuMRtVdTyIhVMi2hE4Mm0V3G45GT0ttOnuVHHJjCjmp6oyWJtaM7m7twlR+ksn6n/7ifOUin0urjdWb+YAyHb3SitiKQpu4ZQwbQWJI3XjXmUlVCo4XGSdlaJ3wjYq/2in+dfjBs19JPsY2xNP84imlTHnXKZ0EyA/9IURoaqgjeLjSZIKY3Q4YqC2ongog90dJsanYZsVTA7lY/pJKezcLm6+LNuOWi3oc3ynq34ZK68CYYf8AEYZsrZj16qUVaxdgtzrYb2a3GwBPhG2L2fgrD2WMseypTf4op+EcdBcAi4pH+s0XIV8qIXzElSCbOi2sCZ2t6nWqOhYXDJRppTQWRFCjtsOJ7zqT3mCY06RlVtaKce06R0RemhvG+FNwLbxFiLJsJiMjW4QENDsZTuCwHWtr3/1lOx+PIDU0A1zFiRe2Y3PxMu+IYFMw7JzrpA+SsQNM6hz6j/Tea0YpFQ2o38Rx2ZR5D+snwlXqOu8AKwHIkH/TFgqZmY9pProITRNnXs1B5XMbWhPdsf4d81PfcWBB43B+YBnVuhbZ6IfvIPO9zbznGcPUKqyHhe1uwt/SdZ6BVT9WAG8Fr872+UCOjDlrEuVQ6SYtALkkDvEMJjkTsltobdhlV2Y+ax4WvLHi8RkpO/3VYjnbT1tKvgeqoUcbCKyPVFGFe1lnwm68G6RbP9vh2T8SHycQzDiwAmu1ULUKqqSGKPlI3hgpK28QITVxaF3UrEWD2W2HACUQ/EkWvfxjGntEiwdHTmpt5iUDDdJ8UlrVM35gDG9DpvVtdkR+211/WLhxEUqo2fDzbuy7JVvqrQmjiO0Sn4bpqhNnosp/CQf0jal0jw7b7rzU/ERqzQYp4ZosZqAjfF4BvqIGuPoP7ldQeY+BhtF9NHVpklGWzCg5R3RqaSsbFQeYBkeI6P4V/fw9JuaLfztDKSgG5k4Yds6MaWpspWym7T6CYAKzmmyBQWOR3FgBc2W9vScjx+BX2jewZlp30FSxYDvIn0ViaSujI2oYFTyIsZzPb3QRqVJ6qVM+TrBMtiUG+5vqQNd2torJF7xQzHNbSZzN6FUC/VbuB1Im9EOM2dbaC3GFtUBv8uEgquN3nFJu9h7QMwtrPRXKHMN66jnMeRVj1TyMcAHU3JAJW5O89syA0VOUdYzIjkQfMxW9Zm+0T5mF0NjYl1zJh6zKftBGynk1rGNekmz1pKjIoAzMpsLXJAIP/CZv0W6WVcKSts9NvepsdOa9hlT07CE3JWhYOjmL/wB1rnlTY/COOiGz8RSxlF3w9ZFzMCzU3VbMrDUkW3kSyVPpGQW9nh2HaGYW8NTLHszpbSxNLQ5HJCmmTe+Y207YTlABer3SC69Uk6QOsNIYokWKXqxTQ6LAabTKycZETrI6lbhBDGOArk3Q8ZQOmhy1GbMAcgCjt1N7ecveyku15R/pFpddD2ll8ip+cJK6Bbpso2HazA9mvlD81nOmgb/huRf4RaF1tDHfrX362NvKOZOhphgMzA8CD4ltTy0nVPovY/VjexId1PfYJrbvvOSYeqpZuxgBY9+YG373mdK+j0uab5T9pr+KpY/8JgbNDN4nTBTDbt8melc/vnENGs6kd5tw9L7o8Svrr8oxOxLVCnpE+WgR95kB5Zr/ACi3ZNDMwbgI825TD0XHI+TA/KDYKkFQARclch+N1A1xG3qFJ1R6ihi2UjMOr1c2Zr+6LW53EYnaNIKhLplf3OsOuLXOX72nZE52RnxS1WVDTWmykEAszsbXItqMvGLcF0XrL7S7qciVKeEBb3RULdZrro1iBx3nsE65XsUrFw7inzU6V/t/r/hzb6wFZr3yqMwP4e/v0hFHatEkWYeJhOPwRpVmpNY5LK3YTlF7d1zBquFpMTmQeEjdJ0yniY4lXou01YxTGIR1SvnDaGLUjS2kqNTZtLNYErfdYzZNmOB1KzjuO6auUk1Lk4Dbp4gZeJHepI+EqX9rTc4aY21cSvvJe3YZvKjNS6DaVdPdqv4nN/mvJ06T4lftI4/EuvoZSE6SsNHRh4TP+nELXDWHYZtSWzMqL3R0FOm7r79JT+ViPQiGL05okddHAOh0DD0MoGHrowuXF567r3HxmrJNGPFBi7bVBPauaAvSY3UHQi+pHKK6oIvcWj4ka6RZtXQKIMW3IJpJC280xHuNy+ckYSHEHqNqN3zlCFshQm2+eyNVX7w8xMg0dqXTpJh8+Hqdq2YH8p19CZRVpN3TJkbMTi2PdRvjDYuIy16TdlSmTyzi8yZFj0dnpvBsW+hnkyczEKHqTKSlpkyAGWLA0cqXlI+kGmCFI3qxPOwuR5LMmRnYWtzm+JQBmtu3jkdZ7TqdYHvBPnPJkathL3CabXtxsVufzXNvO87N9GVL+C5PHL52OsyZB/yQX+LLv7JTbTiJM1ITJkYKEHSuuRRKKSGYhQRpYbyQeQMW7M2jUphQze0U/e3/AOLfMmSeb9xbiS9MteFrBhmELUXnkyOjsSTOP9Nrrjq/5kP+Kmh+cV0sPUdlRUuzaLqov4k6TJkhfW/krTfIvgfj6OsToxenffludP5rRZtDB1KD5KoF+4gi3hMmRuSCS0F45tvU8wNF6mcoMwRSz3IFhv0vvk+B2fVr/wB0mb+ZV/zETJkyMFobKb1HVHoPim9/2SdoZix8lUj1hK/Roh/vKq8lp/Mt8pkyUxxQ8E0s0/JL/wBmOCUZmesQN9mVR5BbwrDdC9njclV+dWoPgyzJkascRLyy8jOl0Wwq7sKP5mzed3MmPR3D/wC6Yc/mVT8UM8mTeVGObJRsLDj/AMLhhypr/wDSTU9mpwp0hypr/SZMmmE31Rfup/8AGP1mTJk6wqP/2Q==')
SET IDENTITY_INSERT [dbo].[Img] OFF
GO
SET IDENTITY_INSERT [dbo].[Lession] ON 

INSERT [dbo].[Lession] ([lession_id], [lession_name], [module_id], [status]) VALUES (1, N'Bài học 1: Học đếm các số từ 0 đến 9', 1, 0)
INSERT [dbo].[Lession] ([lession_id], [lession_name], [module_id], [status]) VALUES (2, N'Bài học 2: Cách viết các sô từ 1 đến 9
', 1, 1)
INSERT [dbo].[Lession] ([lession_id], [lession_name], [module_id], [status]) VALUES (4, N'Bài học 3: So sánh các số có 1 chữ số
', 1, 1)
INSERT [dbo].[Lession] ([lession_id], [lession_name], [module_id], [status]) VALUES (5, N' Bài học 1: Học ghép các số thành số có 2 chữ số', 2, 1)
INSERT [dbo].[Lession] ([lession_id], [lession_name], [module_id], [status]) VALUES (6, N'Bài 2: Học ghép các số thành số có 2 chữ số(tiếp)', 2, 1)
INSERT [dbo].[Lession] ([lession_id], [lession_name], [module_id], [status]) VALUES (7, N'Bài 3: Học ghép các số thành số có 2 chữ số(tiếp)', 2, 1)
INSERT [dbo].[Lession] ([lession_id], [lession_name], [module_id], [status]) VALUES (8, N'Bài 4: Học ghép các số thành số có 2 chữ số(tiếp)', 2, 1)
INSERT [dbo].[Lession] ([lession_id], [lession_name], [module_id], [status]) VALUES (9, N'Bài học 5:  So sánh các số có 2 chữ số', 2, 0)
INSERT [dbo].[Lession] ([lession_id], [lession_name], [module_id], [status]) VALUES (10, N'Bài học 6: Bài test kiểm tra.', 2, 0)
INSERT [dbo].[Lession] ([lession_id], [lession_name], [module_id], [status]) VALUES (11, N'Bài 1: Phát âm chữ A đến C', 3, 1)
INSERT [dbo].[Lession] ([lession_id], [lession_name], [module_id], [status]) VALUES (12, N'Bài 2: Phát  m chữ D - G', 3, 1)
INSERT [dbo].[Lession] ([lession_id], [lession_name], [module_id], [status]) VALUES (13, N'Bài 3: Phát  m H - M', 3, 1)
INSERT [dbo].[Lession] ([lession_id], [lession_name], [module_id], [status]) VALUES (14, N'Bài học 4: Phát  m N - P
', 3, 1)
INSERT [dbo].[Lession] ([lession_id], [lession_name], [module_id], [status]) VALUES (15, N'Bài học 5: Phát  m Q - T', 3, 1)
INSERT [dbo].[Lession] ([lession_id], [lession_name], [module_id], [status]) VALUES (16, N'Bài học 6: Phát  m V - Y', 3, 0)
INSERT [dbo].[Lession] ([lession_id], [lession_name], [module_id], [status]) VALUES (17, N'Bài 7: Test: Game ôn tập toàn bộ bảng chữ cái', 3, 1)
INSERT [dbo].[Lession] ([lession_id], [lession_name], [module_id], [status]) VALUES (18, N'Bài 1: Học đánh vần nguyên âm  nguyên âm A Ă   với các phụ âm', 4, 1)
INSERT [dbo].[Lession] ([lession_id], [lession_name], [module_id], [status]) VALUES (19, N'Bài học 2: Học đánh vần nguyên âm  nguyên âm E Ê với các phụ âm', 4, 1)
INSERT [dbo].[Lession] ([lession_id], [lession_name], [module_id], [status]) VALUES (20, N'Bài học 3: Học đánh vần nguyên âm  nguyên âm I với các phụ âm', 4, 1)
INSERT [dbo].[Lession] ([lession_id], [lession_name], [module_id], [status]) VALUES (21, N'Bài học 4: Học đánh vần nguyên âm  nguyên âm O Ơ Ô với các phụ âm
', 4, 1)
INSERT [dbo].[Lession] ([lession_id], [lession_name], [module_id], [status]) VALUES (22, N'Bài học 5: Học đánh vần nguyên âm  nguyên âm U Ư với các phụ âm
', 4, 1)
INSERT [dbo].[Lession] ([lession_id], [lession_name], [module_id], [status]) VALUES (23, N'Bài học 6: Test:', 4, 1)
INSERT [dbo].[Lession] ([lession_id], [lession_name], [module_id], [status]) VALUES (24, N'Bài học 1: Phát âm Từ A - E
', 5, 0)
INSERT [dbo].[Lession] ([lession_id], [lession_name], [module_id], [status]) VALUES (25, N'Bài học 2: Phát âm từ G - K', 5, 0)
INSERT [dbo].[Lession] ([lession_id], [lession_name], [module_id], [status]) VALUES (26, N'Bài học 3: Phát âm từ L - Q', 5, 0)
INSERT [dbo].[Lession] ([lession_id], [lession_name], [module_id], [status]) VALUES (27, N'Bài học 4: Phát âm từ R - V
', 5, 0)
INSERT [dbo].[Lession] ([lession_id], [lession_name], [module_id], [status]) VALUES (28, N'Bài học 5: Phát âm từ W - Y', 5, 0)
INSERT [dbo].[Lession] ([lession_id], [lession_name], [module_id], [status]) VALUES (29, N'Bài học 6: Học hát bảng chữ cái', 5, 0)
INSERT [dbo].[Lession] ([lession_id], [lession_name], [module_id], [status]) VALUES (30, N' Bài học 1: Học 5 nguyên âm A E I O U', 6, 0)
INSERT [dbo].[Lession] ([lession_id], [lession_name], [module_id], [status]) VALUES (31, N'Bài học 2: Sự khác biệt giữ nguyên âm và phụ âm', 6, 0)
INSERT [dbo].[Lession] ([lession_id], [lession_name], [module_id], [status]) VALUES (32, N'Bài học 3: Một số từ cơ bản', 6, 0)
INSERT [dbo].[Lession] ([lession_id], [lession_name], [module_id], [status]) VALUES (33, N'Bài học 1: Ôn tập các số đến 100', 7, 0)
INSERT [dbo].[Lession] ([lession_id], [lession_name], [module_id], [status]) VALUES (34, N'Bài học 2: Ổn tập phép công, phép trừ (không nhớ) trong phạm vi 100', 7, 0)
INSERT [dbo].[Lession] ([lession_id], [lession_name], [module_id], [status]) VALUES (35, N'Bài học 3: Tia số, số liền trước, số liền sau', 7, 0)
INSERT [dbo].[Lession] ([lession_id], [lession_name], [module_id], [status]) VALUES (36, N'Bài học 1: Phép cộng (có nhớ) trong phạm vi 100', 8, 0)
INSERT [dbo].[Lession] ([lession_id], [lession_name], [module_id], [status]) VALUES (37, N'Bài học 2: Phép trừ (có nhớ) trong phạm vi 100', 8, 0)
INSERT [dbo].[Lession] ([lession_id], [lession_name], [module_id], [status]) VALUES (38, N'Bài học 3: Kilogam', 8, 0)
INSERT [dbo].[Lession] ([lession_id], [lession_name], [module_id], [status]) VALUES (39, N'Bài học 1: Cuộc sống quanh em', 9, 1)
INSERT [dbo].[Lession] ([lession_id], [lession_name], [module_id], [status]) VALUES (40, N'Bài học 2: Thời gian của em', 9, 1)
INSERT [dbo].[Lession] ([lession_id], [lession_name], [module_id], [status]) VALUES (41, N'Bài học 3: Bạn bè của em', 9, 0)
INSERT [dbo].[Lession] ([lession_id], [lession_name], [module_id], [status]) VALUES (43, N' Bài học 1: Ngôi nhà thứ 2', 10, 0)
INSERT [dbo].[Lession] ([lession_id], [lession_name], [module_id], [status]) VALUES (44, N'Bài học 2:  Em yêu trường em', 10, 0)
INSERT [dbo].[Lession] ([lession_id], [lession_name], [module_id], [status]) VALUES (45, N'Bài học 3: Thầy cô của em', 10, 0)
INSERT [dbo].[Lession] ([lession_id], [lession_name], [module_id], [status]) VALUES (46, N'Lession 1: Vocabulary', 11, 0)
INSERT [dbo].[Lession] ([lession_id], [lession_name], [module_id], [status]) VALUES (47, N'Lession 2: Language Use
', 11, 0)
INSERT [dbo].[Lession] ([lession_id], [lession_name], [module_id], [status]) VALUES (48, N'Lession 3: Content concept', 11, 0)
INSERT [dbo].[Lession] ([lession_id], [lession_name], [module_id], [status]) VALUES (49, N'Lession 1: Vocabulary ', 12, 0)
INSERT [dbo].[Lession] ([lession_id], [lession_name], [module_id], [status]) VALUES (50, N'Lession 2: Language Use', 12, 0)
INSERT [dbo].[Lession] ([lession_id], [lession_name], [module_id], [status]) VALUES (51, N'Lession 3: Content concept
', 12, 0)
INSERT [dbo].[Lession] ([lession_id], [lession_name], [module_id], [status]) VALUES (52, N'Bài học 1: Cách đọc cách viết các số có 4, 5 chữ số', 13, 0)
INSERT [dbo].[Lession] ([lession_id], [lession_name], [module_id], [status]) VALUES (53, N'Bài học 2: So sánh, thiết lập các số có 4,5 chữ số', 13, 0)
INSERT [dbo].[Lession] ([lession_id], [lession_name], [module_id], [status]) VALUES (54, N'Bài học 3: Tìm thành phần chưa biết trong phép tính(Tìm x)
', 13, 0)
INSERT [dbo].[Lession] ([lession_id], [lession_name], [module_id], [status]) VALUES (55, N'Bài học 1:Dạng toán hơn kém số đơn vị', 14, 0)
INSERT [dbo].[Lession] ([lession_id], [lession_name], [module_id], [status]) VALUES (57, N'Bài học 2:Dạng toán về gấp, kém số lần', 14, 0)
INSERT [dbo].[Lession] ([lession_id], [lession_name], [module_id], [status]) VALUES (58, N'Bài học 3:Dạng toán tìm một trong các phần bằng nhau của 1 số
', 14, 0)
INSERT [dbo].[Lession] ([lession_id], [lession_name], [module_id], [status]) VALUES (59, N'Bài học 1: Từ chỉ sự vật
', 15, 0)
INSERT [dbo].[Lession] ([lession_id], [lession_name], [module_id], [status]) VALUES (60, N'Bài học 2: Từ chỉ đặc điểm', 15, 0)
INSERT [dbo].[Lession] ([lession_id], [lession_name], [module_id], [status]) VALUES (61, N'Bài học 3: Từ chỉ hoạt động, trạng thái', 15, 0)
INSERT [dbo].[Lession] ([lession_id], [lession_name], [module_id], [status]) VALUES (62, N' Bài học 1: Dấu chấm, dấu hai chấm', 16, 0)
INSERT [dbo].[Lession] ([lession_id], [lession_name], [module_id], [status]) VALUES (63, N'Bài học 2: Dấu phẩy, dấu hai chấm', 16, 0)
INSERT [dbo].[Lession] ([lession_id], [lession_name], [module_id], [status]) VALUES (64, N'Bài học 3: Dấu hỏi chấm
', 16, 0)
INSERT [dbo].[Lession] ([lession_id], [lession_name], [module_id], [status]) VALUES (65, N'Bài học 1: I, he, she, we, they', 17, 0)
INSERT [dbo].[Lession] ([lession_id], [lession_name], [module_id], [status]) VALUES (66, N'Bài học 2:  Exercise 1
', 17, 0)
INSERT [dbo].[Lession] ([lession_id], [lession_name], [module_id], [status]) VALUES (67, N'Bài học 3: Exercise 2
', 17, 0)
INSERT [dbo].[Lession] ([lession_id], [lession_name], [module_id], [status]) VALUES (68, N' Bài học 1: Am , is , are', 18, 0)
INSERT [dbo].[Lession] ([lession_id], [lession_name], [module_id], [status]) VALUES (69, N'Bài học 2: Exercise 1
', 18, 0)
INSERT [dbo].[Lession] ([lession_id], [lession_name], [module_id], [status]) VALUES (70, N'Bài học 3: Exercise 2
', 18, 0)
INSERT [dbo].[Lession] ([lession_id], [lession_name], [module_id], [status]) VALUES (71, N'Bài học 1: Cách đọc cách viết các số có 6, 7 chữ số', 19, 0)
INSERT [dbo].[Lession] ([lession_id], [lession_name], [module_id], [status]) VALUES (72, N'Bài học 2: So sánh, thiết lập các số có 6, 7 chữ số', 19, 0)
INSERT [dbo].[Lession] ([lession_id], [lession_name], [module_id], [status]) VALUES (73, N'Bài học 3: Tìm thành phần chưa biết trong phép tính(Tìm x)
', 19, 0)
INSERT [dbo].[Lession] ([lession_id], [lession_name], [module_id], [status]) VALUES (74, N'Bài học 1:  Phép nhân các số có 2 chữ số
', 20, 0)
INSERT [dbo].[Lession] ([lession_id], [lession_name], [module_id], [status]) VALUES (76, N'Bài học 2:  Phép chia các số có 2 chữ số', 20, 0)
INSERT [dbo].[Lession] ([lession_id], [lession_name], [module_id], [status]) VALUES (77, N'Bài học 3:  Luyện tập chung', 20, 0)
INSERT [dbo].[Lession] ([lession_id], [lession_name], [module_id], [status]) VALUES (78, N'Bài học 1: Từ đơn', 21, 0)
INSERT [dbo].[Lession] ([lession_id], [lession_name], [module_id], [status]) VALUES (79, N'Bài học 2:  Từ phức', 21, 0)
INSERT [dbo].[Lession] ([lession_id], [lession_name], [module_id], [status]) VALUES (80, N'Bài học 3:  Luyện tập phân biệt từ đơn, từ phức', 21, 0)
INSERT [dbo].[Lession] ([lession_id], [lession_name], [module_id], [status]) VALUES (83, N'Bài học 1:  Từ láy', 23, 0)
INSERT [dbo].[Lession] ([lession_id], [lession_name], [module_id], [status]) VALUES (84, N'Bài học 2:  Từ ghép', 23, 0)
INSERT [dbo].[Lession] ([lession_id], [lession_name], [module_id], [status]) VALUES (85, N'Bài học 3:  Luyện tập phân biệt từ láy, từ ghép
', 23, 0)
INSERT [dbo].[Lession] ([lession_id], [lession_name], [module_id], [status]) VALUES (86, N'Bài học 1:  Từ vựng', 24, 0)
INSERT [dbo].[Lession] ([lession_id], [lession_name], [module_id], [status]) VALUES (87, N'Bài học 2:  Các mẫu câu chào hỏi', 24, 0)
INSERT [dbo].[Lession] ([lession_id], [lession_name], [module_id], [status]) VALUES (88, N'Bài học 3:  Luyện tập chào hỏi
', 24, 0)
INSERT [dbo].[Lession] ([lession_id], [lession_name], [module_id], [status]) VALUES (89, N'Bài học 1:  Từ vựng', 25, 0)
INSERT [dbo].[Lession] ([lession_id], [lession_name], [module_id], [status]) VALUES (90, N'Bài học 2:  Mẫu câu giới thiệu về đất nước', 25, 0)
INSERT [dbo].[Lession] ([lession_id], [lession_name], [module_id], [status]) VALUES (91, N'Bài học 3:  Luyện tập', 25, 0)
INSERT [dbo].[Lession] ([lession_id], [lession_name], [module_id], [status]) VALUES (92, N'Bài học 1: Khái niệm về phân số', 26, 0)
INSERT [dbo].[Lession] ([lession_id], [lession_name], [module_id], [status]) VALUES (93, N'Bài học 2: Tính chất cơ bản của phân số', 26, 0)
INSERT [dbo].[Lession] ([lession_id], [lession_name], [module_id], [status]) VALUES (94, N'Bài học 3: Phép cộng và phép trừ của hai phân số
', 26, 0)
INSERT [dbo].[Lession] ([lession_id], [lession_name], [module_id], [status]) VALUES (95, N'Bài học 1: Khái niệm số thập phân', 27, 0)
INSERT [dbo].[Lession] ([lession_id], [lession_name], [module_id], [status]) VALUES (96, N'Bài học 2: Số thập phân bằng nhau', 27, 0)
INSERT [dbo].[Lession] ([lession_id], [lession_name], [module_id], [status]) VALUES (97, N'Bài học 3: So sánh 2 số thập phân
', 27, 0)
INSERT [dbo].[Lession] ([lession_id], [lession_name], [module_id], [status]) VALUES (98, N'Bài học 1: Back together', 28, 0)
INSERT [dbo].[Lession] ([lession_id], [lession_name], [module_id], [status]) VALUES (99, N'Bài học 2: What does Max like doing?
', 28, 0)
INSERT [dbo].[Lession] ([lession_id], [lession_name], [module_id], [status]) VALUES (100, N'Bài học 3: What is he going to do?', 28, 0)
INSERT [dbo].[Lession] ([lession_id], [lession_name], [module_id], [status]) VALUES (101, N'Bài học 1: Words', 29, 0)
INSERT [dbo].[Lession] ([lession_id], [lession_name], [module_id], [status]) VALUES (102, N'Bài học 2: Grammar', 29, 0)
INSERT [dbo].[Lession] ([lession_id], [lession_name], [module_id], [status]) VALUES (103, N'Bài học 3: Grammar and Song
', 29, 0)
INSERT [dbo].[Lession] ([lession_id], [lession_name], [module_id], [status]) VALUES (104, N'1. CÁC SỐ 11, 12, 13, 14, 15, 16 ', 30, 0)
INSERT [dbo].[Lession] ([lession_id], [lession_name], [module_id], [status]) VALUES (105, N'Bài học 1: Phép cộng trong phạm vi 100', 31, 0)
GO
SET IDENTITY_INSERT [dbo].[Lession] OFF
GO
INSERT [dbo].[Lession_Content] ([lession_id], [content_id]) VALUES (39, 1)
INSERT [dbo].[Lession_Content] ([lession_id], [content_id]) VALUES (40, 2)
INSERT [dbo].[Lession_Content] ([lession_id], [content_id]) VALUES (41, 3)
INSERT [dbo].[Lession_Content] ([lession_id], [content_id]) VALUES (43, 4)
INSERT [dbo].[Lession_Content] ([lession_id], [content_id]) VALUES (44, 5)
INSERT [dbo].[Lession_Content] ([lession_id], [content_id]) VALUES (45, 6)
INSERT [dbo].[Lession_Content] ([lession_id], [content_id]) VALUES (92, 8)
GO
INSERT [dbo].[Lession_Learn] ([user_id], [lession_id], [llearn]) VALUES (10, 1, 1)
INSERT [dbo].[Lession_Learn] ([user_id], [lession_id], [llearn]) VALUES (10, 2, 1)
INSERT [dbo].[Lession_Learn] ([user_id], [lession_id], [llearn]) VALUES (10, 4, 0)
INSERT [dbo].[Lession_Learn] ([user_id], [lession_id], [llearn]) VALUES (10, 5, 0)
INSERT [dbo].[Lession_Learn] ([user_id], [lession_id], [llearn]) VALUES (10, 6, 0)
INSERT [dbo].[Lession_Learn] ([user_id], [lession_id], [llearn]) VALUES (10, 7, 0)
INSERT [dbo].[Lession_Learn] ([user_id], [lession_id], [llearn]) VALUES (10, 8, 0)
INSERT [dbo].[Lession_Learn] ([user_id], [lession_id], [llearn]) VALUES (10, 9, 0)
INSERT [dbo].[Lession_Learn] ([user_id], [lession_id], [llearn]) VALUES (10, 10, 0)
INSERT [dbo].[Lession_Learn] ([user_id], [lession_id], [llearn]) VALUES (10, 24, 0)
INSERT [dbo].[Lession_Learn] ([user_id], [lession_id], [llearn]) VALUES (10, 25, 0)
INSERT [dbo].[Lession_Learn] ([user_id], [lession_id], [llearn]) VALUES (10, 26, 0)
INSERT [dbo].[Lession_Learn] ([user_id], [lession_id], [llearn]) VALUES (10, 27, 0)
INSERT [dbo].[Lession_Learn] ([user_id], [lession_id], [llearn]) VALUES (10, 28, 0)
INSERT [dbo].[Lession_Learn] ([user_id], [lession_id], [llearn]) VALUES (10, 29, 0)
INSERT [dbo].[Lession_Learn] ([user_id], [lession_id], [llearn]) VALUES (10, 30, 0)
INSERT [dbo].[Lession_Learn] ([user_id], [lession_id], [llearn]) VALUES (10, 31, 0)
INSERT [dbo].[Lession_Learn] ([user_id], [lession_id], [llearn]) VALUES (10, 32, 0)
INSERT [dbo].[Lession_Learn] ([user_id], [lession_id], [llearn]) VALUES (10, 39, 0)
INSERT [dbo].[Lession_Learn] ([user_id], [lession_id], [llearn]) VALUES (10, 40, 0)
INSERT [dbo].[Lession_Learn] ([user_id], [lession_id], [llearn]) VALUES (10, 41, 0)
INSERT [dbo].[Lession_Learn] ([user_id], [lession_id], [llearn]) VALUES (10, 43, 0)
INSERT [dbo].[Lession_Learn] ([user_id], [lession_id], [llearn]) VALUES (10, 44, 0)
INSERT [dbo].[Lession_Learn] ([user_id], [lession_id], [llearn]) VALUES (10, 45, 0)
INSERT [dbo].[Lession_Learn] ([user_id], [lession_id], [llearn]) VALUES (10, 46, 0)
INSERT [dbo].[Lession_Learn] ([user_id], [lession_id], [llearn]) VALUES (10, 47, 0)
INSERT [dbo].[Lession_Learn] ([user_id], [lession_id], [llearn]) VALUES (10, 48, 0)
INSERT [dbo].[Lession_Learn] ([user_id], [lession_id], [llearn]) VALUES (10, 49, 0)
INSERT [dbo].[Lession_Learn] ([user_id], [lession_id], [llearn]) VALUES (10, 50, 0)
INSERT [dbo].[Lession_Learn] ([user_id], [lession_id], [llearn]) VALUES (10, 51, 0)
INSERT [dbo].[Lession_Learn] ([user_id], [lession_id], [llearn]) VALUES (10, 59, 0)
INSERT [dbo].[Lession_Learn] ([user_id], [lession_id], [llearn]) VALUES (10, 60, 0)
INSERT [dbo].[Lession_Learn] ([user_id], [lession_id], [llearn]) VALUES (10, 61, 0)
INSERT [dbo].[Lession_Learn] ([user_id], [lession_id], [llearn]) VALUES (10, 62, 0)
INSERT [dbo].[Lession_Learn] ([user_id], [lession_id], [llearn]) VALUES (10, 63, 0)
INSERT [dbo].[Lession_Learn] ([user_id], [lession_id], [llearn]) VALUES (10, 64, 0)
INSERT [dbo].[Lession_Learn] ([user_id], [lession_id], [llearn]) VALUES (10, 92, 0)
INSERT [dbo].[Lession_Learn] ([user_id], [lession_id], [llearn]) VALUES (10, 93, 0)
INSERT [dbo].[Lession_Learn] ([user_id], [lession_id], [llearn]) VALUES (10, 94, 0)
INSERT [dbo].[Lession_Learn] ([user_id], [lession_id], [llearn]) VALUES (10, 95, 0)
INSERT [dbo].[Lession_Learn] ([user_id], [lession_id], [llearn]) VALUES (10, 96, 0)
INSERT [dbo].[Lession_Learn] ([user_id], [lession_id], [llearn]) VALUES (10, 97, 0)
INSERT [dbo].[Lession_Learn] ([user_id], [lession_id], [llearn]) VALUES (10, 98, 0)
INSERT [dbo].[Lession_Learn] ([user_id], [lession_id], [llearn]) VALUES (10, 99, 0)
INSERT [dbo].[Lession_Learn] ([user_id], [lession_id], [llearn]) VALUES (10, 100, 0)
INSERT [dbo].[Lession_Learn] ([user_id], [lession_id], [llearn]) VALUES (10, 101, 0)
INSERT [dbo].[Lession_Learn] ([user_id], [lession_id], [llearn]) VALUES (10, 102, 0)
INSERT [dbo].[Lession_Learn] ([user_id], [lession_id], [llearn]) VALUES (10, 103, 0)
INSERT [dbo].[Lession_Learn] ([user_id], [lession_id], [llearn]) VALUES (10, 104, 0)
INSERT [dbo].[Lession_Learn] ([user_id], [lession_id], [llearn]) VALUES (10, 105, 0)
INSERT [dbo].[Lession_Learn] ([user_id], [lession_id], [llearn]) VALUES (15, 1, 1)
INSERT [dbo].[Lession_Learn] ([user_id], [lession_id], [llearn]) VALUES (15, 2, 1)
INSERT [dbo].[Lession_Learn] ([user_id], [lession_id], [llearn]) VALUES (15, 4, 1)
INSERT [dbo].[Lession_Learn] ([user_id], [lession_id], [llearn]) VALUES (15, 5, 0)
INSERT [dbo].[Lession_Learn] ([user_id], [lession_id], [llearn]) VALUES (15, 6, 0)
INSERT [dbo].[Lession_Learn] ([user_id], [lession_id], [llearn]) VALUES (15, 7, 0)
INSERT [dbo].[Lession_Learn] ([user_id], [lession_id], [llearn]) VALUES (15, 8, 0)
INSERT [dbo].[Lession_Learn] ([user_id], [lession_id], [llearn]) VALUES (15, 9, 0)
INSERT [dbo].[Lession_Learn] ([user_id], [lession_id], [llearn]) VALUES (15, 10, 0)
INSERT [dbo].[Lession_Learn] ([user_id], [lession_id], [llearn]) VALUES (15, 33, 0)
INSERT [dbo].[Lession_Learn] ([user_id], [lession_id], [llearn]) VALUES (15, 34, 0)
INSERT [dbo].[Lession_Learn] ([user_id], [lession_id], [llearn]) VALUES (15, 35, 0)
INSERT [dbo].[Lession_Learn] ([user_id], [lession_id], [llearn]) VALUES (15, 36, 0)
INSERT [dbo].[Lession_Learn] ([user_id], [lession_id], [llearn]) VALUES (15, 37, 0)
INSERT [dbo].[Lession_Learn] ([user_id], [lession_id], [llearn]) VALUES (15, 38, 0)
INSERT [dbo].[Lession_Learn] ([user_id], [lession_id], [llearn]) VALUES (15, 104, 1)
INSERT [dbo].[Lession_Learn] ([user_id], [lession_id], [llearn]) VALUES (15, 105, 0)
INSERT [dbo].[Lession_Learn] ([user_id], [lession_id], [llearn]) VALUES (17, 1, 1)
INSERT [dbo].[Lession_Learn] ([user_id], [lession_id], [llearn]) VALUES (17, 2, 1)
INSERT [dbo].[Lession_Learn] ([user_id], [lession_id], [llearn]) VALUES (17, 4, 0)
INSERT [dbo].[Lession_Learn] ([user_id], [lession_id], [llearn]) VALUES (17, 5, 0)
INSERT [dbo].[Lession_Learn] ([user_id], [lession_id], [llearn]) VALUES (17, 6, 0)
INSERT [dbo].[Lession_Learn] ([user_id], [lession_id], [llearn]) VALUES (17, 7, 0)
INSERT [dbo].[Lession_Learn] ([user_id], [lession_id], [llearn]) VALUES (17, 8, 0)
INSERT [dbo].[Lession_Learn] ([user_id], [lession_id], [llearn]) VALUES (17, 9, 0)
INSERT [dbo].[Lession_Learn] ([user_id], [lession_id], [llearn]) VALUES (17, 10, 0)
INSERT [dbo].[Lession_Learn] ([user_id], [lession_id], [llearn]) VALUES (17, 11, 0)
INSERT [dbo].[Lession_Learn] ([user_id], [lession_id], [llearn]) VALUES (17, 12, 0)
INSERT [dbo].[Lession_Learn] ([user_id], [lession_id], [llearn]) VALUES (17, 13, 0)
INSERT [dbo].[Lession_Learn] ([user_id], [lession_id], [llearn]) VALUES (17, 14, 0)
INSERT [dbo].[Lession_Learn] ([user_id], [lession_id], [llearn]) VALUES (17, 15, 0)
INSERT [dbo].[Lession_Learn] ([user_id], [lession_id], [llearn]) VALUES (17, 16, 0)
INSERT [dbo].[Lession_Learn] ([user_id], [lession_id], [llearn]) VALUES (17, 17, 0)
INSERT [dbo].[Lession_Learn] ([user_id], [lession_id], [llearn]) VALUES (17, 18, 0)
INSERT [dbo].[Lession_Learn] ([user_id], [lession_id], [llearn]) VALUES (17, 19, 0)
INSERT [dbo].[Lession_Learn] ([user_id], [lession_id], [llearn]) VALUES (17, 20, 0)
INSERT [dbo].[Lession_Learn] ([user_id], [lession_id], [llearn]) VALUES (17, 21, 0)
INSERT [dbo].[Lession_Learn] ([user_id], [lession_id], [llearn]) VALUES (17, 22, 0)
INSERT [dbo].[Lession_Learn] ([user_id], [lession_id], [llearn]) VALUES (17, 23, 0)
INSERT [dbo].[Lession_Learn] ([user_id], [lession_id], [llearn]) VALUES (17, 24, 0)
INSERT [dbo].[Lession_Learn] ([user_id], [lession_id], [llearn]) VALUES (17, 25, 0)
INSERT [dbo].[Lession_Learn] ([user_id], [lession_id], [llearn]) VALUES (17, 26, 0)
INSERT [dbo].[Lession_Learn] ([user_id], [lession_id], [llearn]) VALUES (17, 27, 0)
INSERT [dbo].[Lession_Learn] ([user_id], [lession_id], [llearn]) VALUES (17, 28, 0)
INSERT [dbo].[Lession_Learn] ([user_id], [lession_id], [llearn]) VALUES (17, 29, 0)
INSERT [dbo].[Lession_Learn] ([user_id], [lession_id], [llearn]) VALUES (17, 30, 0)
INSERT [dbo].[Lession_Learn] ([user_id], [lession_id], [llearn]) VALUES (17, 31, 0)
INSERT [dbo].[Lession_Learn] ([user_id], [lession_id], [llearn]) VALUES (17, 32, 0)
INSERT [dbo].[Lession_Learn] ([user_id], [lession_id], [llearn]) VALUES (17, 33, 0)
INSERT [dbo].[Lession_Learn] ([user_id], [lession_id], [llearn]) VALUES (17, 34, 0)
GO
INSERT [dbo].[Lession_Learn] ([user_id], [lession_id], [llearn]) VALUES (17, 35, 0)
INSERT [dbo].[Lession_Learn] ([user_id], [lession_id], [llearn]) VALUES (17, 36, 0)
INSERT [dbo].[Lession_Learn] ([user_id], [lession_id], [llearn]) VALUES (17, 37, 0)
INSERT [dbo].[Lession_Learn] ([user_id], [lession_id], [llearn]) VALUES (17, 38, 0)
INSERT [dbo].[Lession_Learn] ([user_id], [lession_id], [llearn]) VALUES (17, 104, 1)
INSERT [dbo].[Lession_Learn] ([user_id], [lession_id], [llearn]) VALUES (17, 105, 0)
INSERT [dbo].[Lession_Learn] ([user_id], [lession_id], [llearn]) VALUES (18, 1, 1)
INSERT [dbo].[Lession_Learn] ([user_id], [lession_id], [llearn]) VALUES (18, 2, 0)
INSERT [dbo].[Lession_Learn] ([user_id], [lession_id], [llearn]) VALUES (18, 4, 0)
INSERT [dbo].[Lession_Learn] ([user_id], [lession_id], [llearn]) VALUES (18, 5, 0)
INSERT [dbo].[Lession_Learn] ([user_id], [lession_id], [llearn]) VALUES (18, 6, 0)
INSERT [dbo].[Lession_Learn] ([user_id], [lession_id], [llearn]) VALUES (18, 7, 0)
INSERT [dbo].[Lession_Learn] ([user_id], [lession_id], [llearn]) VALUES (18, 8, 0)
INSERT [dbo].[Lession_Learn] ([user_id], [lession_id], [llearn]) VALUES (18, 9, 0)
INSERT [dbo].[Lession_Learn] ([user_id], [lession_id], [llearn]) VALUES (18, 10, 0)
INSERT [dbo].[Lession_Learn] ([user_id], [lession_id], [llearn]) VALUES (18, 46, 0)
INSERT [dbo].[Lession_Learn] ([user_id], [lession_id], [llearn]) VALUES (18, 47, 0)
INSERT [dbo].[Lession_Learn] ([user_id], [lession_id], [llearn]) VALUES (18, 48, 0)
INSERT [dbo].[Lession_Learn] ([user_id], [lession_id], [llearn]) VALUES (18, 49, 0)
INSERT [dbo].[Lession_Learn] ([user_id], [lession_id], [llearn]) VALUES (18, 50, 0)
INSERT [dbo].[Lession_Learn] ([user_id], [lession_id], [llearn]) VALUES (18, 51, 0)
INSERT [dbo].[Lession_Learn] ([user_id], [lession_id], [llearn]) VALUES (18, 104, 0)
INSERT [dbo].[Lession_Learn] ([user_id], [lession_id], [llearn]) VALUES (18, 105, 0)
GO
INSERT [dbo].[Lession_MatchGame] ([lession_id], [match_game_id]) VALUES (49, 1)
INSERT [dbo].[Lession_MatchGame] ([lession_id], [match_game_id]) VALUES (49, 3)
INSERT [dbo].[Lession_MatchGame] ([lession_id], [match_game_id]) VALUES (49, 4)
INSERT [dbo].[Lession_MatchGame] ([lession_id], [match_game_id]) VALUES (49, 5)
INSERT [dbo].[Lession_MatchGame] ([lession_id], [match_game_id]) VALUES (49, 6)
INSERT [dbo].[Lession_MatchGame] ([lession_id], [match_game_id]) VALUES (49, 7)
INSERT [dbo].[Lession_MatchGame] ([lession_id], [match_game_id]) VALUES (49, 8)
INSERT [dbo].[Lession_MatchGame] ([lession_id], [match_game_id]) VALUES (49, 9)
INSERT [dbo].[Lession_MatchGame] ([lession_id], [match_game_id]) VALUES (92, 10)
INSERT [dbo].[Lession_MatchGame] ([lession_id], [match_game_id]) VALUES (92, 11)
GO
INSERT [dbo].[Lession_Question] ([lession_id], [question_id]) VALUES (1, 94)
INSERT [dbo].[Lession_Question] ([lession_id], [question_id]) VALUES (1, 95)
INSERT [dbo].[Lession_Question] ([lession_id], [question_id]) VALUES (2, 100)
INSERT [dbo].[Lession_Question] ([lession_id], [question_id]) VALUES (4, 102)
INSERT [dbo].[Lession_Question] ([lession_id], [question_id]) VALUES (33, 1)
INSERT [dbo].[Lession_Question] ([lession_id], [question_id]) VALUES (33, 2)
INSERT [dbo].[Lession_Question] ([lession_id], [question_id]) VALUES (33, 3)
INSERT [dbo].[Lession_Question] ([lession_id], [question_id]) VALUES (33, 6)
INSERT [dbo].[Lession_Question] ([lession_id], [question_id]) VALUES (33, 7)
INSERT [dbo].[Lession_Question] ([lession_id], [question_id]) VALUES (33, 8)
INSERT [dbo].[Lession_Question] ([lession_id], [question_id]) VALUES (33, 9)
INSERT [dbo].[Lession_Question] ([lession_id], [question_id]) VALUES (33, 12)
INSERT [dbo].[Lession_Question] ([lession_id], [question_id]) VALUES (34, 13)
INSERT [dbo].[Lession_Question] ([lession_id], [question_id]) VALUES (34, 15)
INSERT [dbo].[Lession_Question] ([lession_id], [question_id]) VALUES (34, 16)
INSERT [dbo].[Lession_Question] ([lession_id], [question_id]) VALUES (34, 17)
INSERT [dbo].[Lession_Question] ([lession_id], [question_id]) VALUES (34, 18)
INSERT [dbo].[Lession_Question] ([lession_id], [question_id]) VALUES (34, 19)
INSERT [dbo].[Lession_Question] ([lession_id], [question_id]) VALUES (34, 20)
INSERT [dbo].[Lession_Question] ([lession_id], [question_id]) VALUES (34, 22)
INSERT [dbo].[Lession_Question] ([lession_id], [question_id]) VALUES (34, 93)
INSERT [dbo].[Lession_Question] ([lession_id], [question_id]) VALUES (35, 23)
INSERT [dbo].[Lession_Question] ([lession_id], [question_id]) VALUES (35, 24)
INSERT [dbo].[Lession_Question] ([lession_id], [question_id]) VALUES (35, 25)
INSERT [dbo].[Lession_Question] ([lession_id], [question_id]) VALUES (35, 26)
INSERT [dbo].[Lession_Question] ([lession_id], [question_id]) VALUES (35, 27)
INSERT [dbo].[Lession_Question] ([lession_id], [question_id]) VALUES (35, 28)
INSERT [dbo].[Lession_Question] ([lession_id], [question_id]) VALUES (35, 29)
INSERT [dbo].[Lession_Question] ([lession_id], [question_id]) VALUES (35, 83)
INSERT [dbo].[Lession_Question] ([lession_id], [question_id]) VALUES (36, 30)
INSERT [dbo].[Lession_Question] ([lession_id], [question_id]) VALUES (36, 32)
INSERT [dbo].[Lession_Question] ([lession_id], [question_id]) VALUES (36, 33)
INSERT [dbo].[Lession_Question] ([lession_id], [question_id]) VALUES (36, 34)
INSERT [dbo].[Lession_Question] ([lession_id], [question_id]) VALUES (36, 35)
INSERT [dbo].[Lession_Question] ([lession_id], [question_id]) VALUES (37, 37)
INSERT [dbo].[Lession_Question] ([lession_id], [question_id]) VALUES (37, 38)
INSERT [dbo].[Lession_Question] ([lession_id], [question_id]) VALUES (37, 39)
INSERT [dbo].[Lession_Question] ([lession_id], [question_id]) VALUES (37, 40)
INSERT [dbo].[Lession_Question] ([lession_id], [question_id]) VALUES (37, 41)
INSERT [dbo].[Lession_Question] ([lession_id], [question_id]) VALUES (38, 42)
INSERT [dbo].[Lession_Question] ([lession_id], [question_id]) VALUES (38, 43)
INSERT [dbo].[Lession_Question] ([lession_id], [question_id]) VALUES (38, 44)
INSERT [dbo].[Lession_Question] ([lession_id], [question_id]) VALUES (38, 45)
INSERT [dbo].[Lession_Question] ([lession_id], [question_id]) VALUES (38, 46)
INSERT [dbo].[Lession_Question] ([lession_id], [question_id]) VALUES (52, 47)
INSERT [dbo].[Lession_Question] ([lession_id], [question_id]) VALUES (52, 48)
INSERT [dbo].[Lession_Question] ([lession_id], [question_id]) VALUES (52, 49)
INSERT [dbo].[Lession_Question] ([lession_id], [question_id]) VALUES (52, 50)
INSERT [dbo].[Lession_Question] ([lession_id], [question_id]) VALUES (52, 51)
INSERT [dbo].[Lession_Question] ([lession_id], [question_id]) VALUES (52, 99)
INSERT [dbo].[Lession_Question] ([lession_id], [question_id]) VALUES (53, 52)
INSERT [dbo].[Lession_Question] ([lession_id], [question_id]) VALUES (53, 54)
INSERT [dbo].[Lession_Question] ([lession_id], [question_id]) VALUES (53, 55)
INSERT [dbo].[Lession_Question] ([lession_id], [question_id]) VALUES (53, 56)
INSERT [dbo].[Lession_Question] ([lession_id], [question_id]) VALUES (53, 57)
INSERT [dbo].[Lession_Question] ([lession_id], [question_id]) VALUES (54, 58)
INSERT [dbo].[Lession_Question] ([lession_id], [question_id]) VALUES (54, 60)
INSERT [dbo].[Lession_Question] ([lession_id], [question_id]) VALUES (54, 61)
INSERT [dbo].[Lession_Question] ([lession_id], [question_id]) VALUES (54, 62)
INSERT [dbo].[Lession_Question] ([lession_id], [question_id]) VALUES (54, 65)
INSERT [dbo].[Lession_Question] ([lession_id], [question_id]) VALUES (65, 97)
INSERT [dbo].[Lession_Question] ([lession_id], [question_id]) VALUES (65, 98)
INSERT [dbo].[Lession_Question] ([lession_id], [question_id]) VALUES (104, 101)
GO
INSERT [dbo].[Lession_Video] ([lession_id], [video_id]) VALUES (1, 1)
INSERT [dbo].[Lession_Video] ([lession_id], [video_id]) VALUES (2, 2)
INSERT [dbo].[Lession_Video] ([lession_id], [video_id]) VALUES (4, 3)
INSERT [dbo].[Lession_Video] ([lession_id], [video_id]) VALUES (5, 4)
INSERT [dbo].[Lession_Video] ([lession_id], [video_id]) VALUES (6, 5)
INSERT [dbo].[Lession_Video] ([lession_id], [video_id]) VALUES (7, 7)
INSERT [dbo].[Lession_Video] ([lession_id], [video_id]) VALUES (8, 9)
INSERT [dbo].[Lession_Video] ([lession_id], [video_id]) VALUES (9, 11)
INSERT [dbo].[Lession_Video] ([lession_id], [video_id]) VALUES (11, 38)
INSERT [dbo].[Lession_Video] ([lession_id], [video_id]) VALUES (12, 38)
INSERT [dbo].[Lession_Video] ([lession_id], [video_id]) VALUES (13, 38)
INSERT [dbo].[Lession_Video] ([lession_id], [video_id]) VALUES (14, 38)
INSERT [dbo].[Lession_Video] ([lession_id], [video_id]) VALUES (15, 38)
INSERT [dbo].[Lession_Video] ([lession_id], [video_id]) VALUES (16, 38)
INSERT [dbo].[Lession_Video] ([lession_id], [video_id]) VALUES (18, 33)
INSERT [dbo].[Lession_Video] ([lession_id], [video_id]) VALUES (19, 33)
INSERT [dbo].[Lession_Video] ([lession_id], [video_id]) VALUES (20, 33)
INSERT [dbo].[Lession_Video] ([lession_id], [video_id]) VALUES (21, 33)
INSERT [dbo].[Lession_Video] ([lession_id], [video_id]) VALUES (22, 33)
INSERT [dbo].[Lession_Video] ([lession_id], [video_id]) VALUES (46, 39)
GO
SET IDENTITY_INSERT [dbo].[MatchGame] ON 

INSERT [dbo].[MatchGame] ([match_game_id], [img_id], [ans_img_id], [points], [index]) VALUES (1, 1, 1, 50, 1)
INSERT [dbo].[MatchGame] ([match_game_id], [img_id], [ans_img_id], [points], [index]) VALUES (3, 2, 2, 50, 2)
INSERT [dbo].[MatchGame] ([match_game_id], [img_id], [ans_img_id], [points], [index]) VALUES (4, 3, 3, 50, 3)
INSERT [dbo].[MatchGame] ([match_game_id], [img_id], [ans_img_id], [points], [index]) VALUES (5, 4, 4, 50, 4)
INSERT [dbo].[MatchGame] ([match_game_id], [img_id], [ans_img_id], [points], [index]) VALUES (6, 5, 5, 50, 5)
INSERT [dbo].[MatchGame] ([match_game_id], [img_id], [ans_img_id], [points], [index]) VALUES (7, 6, 6, 50, 6)
INSERT [dbo].[MatchGame] ([match_game_id], [img_id], [ans_img_id], [points], [index]) VALUES (8, 7, 7, 50, 7)
INSERT [dbo].[MatchGame] ([match_game_id], [img_id], [ans_img_id], [points], [index]) VALUES (9, 8, 8, 50, 8)
INSERT [dbo].[MatchGame] ([match_game_id], [img_id], [ans_img_id], [points], [index]) VALUES (10, 13, 13, 50, 1)
INSERT [dbo].[MatchGame] ([match_game_id], [img_id], [ans_img_id], [points], [index]) VALUES (11, 14, 14, 50, 2)
SET IDENTITY_INSERT [dbo].[MatchGame] OFF
GO
SET IDENTITY_INSERT [dbo].[Module] ON 

INSERT [dbo].[Module] ([module_id], [module_name], [course_id], [status]) VALUES (1, N'Chương 1:  Học đếm, viết và so sánh các số có 1 chữ số
                                                                                    ', 1, 0)
INSERT [dbo].[Module] ([module_id], [module_name], [course_id], [status]) VALUES (2, N'Chương 2:   Học đếm, viết và so sánh các số có 2 chữ số                                                                                     ', 1, 0)
INSERT [dbo].[Module] ([module_id], [module_name], [course_id], [status]) VALUES (3, N'Chương 1:  Phát âm bảng chữ cái                                                                                                                   ', 2, 0)
INSERT [dbo].[Module] ([module_id], [module_name], [course_id], [status]) VALUES (4, N'Chương 2:  Học đánh vần                                                                                                                            ', 2, 0)
INSERT [dbo].[Module] ([module_id], [module_name], [course_id], [status]) VALUES (5, N'Chương 1:  Học cách phát âm                                                                                                                        ', 3, 0)
INSERT [dbo].[Module] ([module_id], [module_name], [course_id], [status]) VALUES (6, N'Chương 2:  Phân biệt Nguyên âm và phụ âm                                                                                                           ', 3, 0)
INSERT [dbo].[Module] ([module_id], [module_name], [course_id], [status]) VALUES (7, N'Chương 1:  Phép cộng, phép trừ (có nhớ) trong phạm vi 20                                                                                              ', 4, 0)
INSERT [dbo].[Module] ([module_id], [module_name], [course_id], [status]) VALUES (8, N'Chương 2:  Các số trong phạm vi 100, Phép cộng, phép trừ trong phạm vi 100                                                                            ', 4, 0)
INSERT [dbo].[Module] ([module_id], [module_name], [course_id], [status]) VALUES (9, N'Chương 1:  Em là búp măng non                                                                                                                         ', 5, 0)
INSERT [dbo].[Module] ([module_id], [module_name], [course_id], [status]) VALUES (10, N'Chương 2:  Em đi học                                                                                                                                  ', 5, 0)
INSERT [dbo].[Module] ([module_id], [module_name], [course_id], [status]) VALUES (11, N'Chapter 1:  Stories - Câu chuyện                                                                                                                      ', 6, 0)
INSERT [dbo].[Module] ([module_id], [module_name], [course_id], [status]) VALUES (12, N'Chapter 2:  I like food - Tôi thích thức ăn                                                                                                           ', 6, 0)
INSERT [dbo].[Module] ([module_id], [module_name], [course_id], [status]) VALUES (13, N'Chương 1:  Các số đến 10000, 100000                                                                                                                   ', 7, 0)
INSERT [dbo].[Module] ([module_id], [module_name], [course_id], [status]) VALUES (14, N'Chương 2:  Giải toán có lời văn
                                                                                                                     ', 7, 0)
INSERT [dbo].[Module] ([module_id], [module_name], [course_id], [status]) VALUES (15, N'Chương 1:  Các loại từ                                                                                                                                ', 8, 0)
INSERT [dbo].[Module] ([module_id], [module_name], [course_id], [status]) VALUES (16, N'Chương 2:  Các loại dấu câu
                                                                                                                         ', 8, 0)
INSERT [dbo].[Module] ([module_id], [module_name], [course_id], [status]) VALUES (17, N'Chương 1:  Đại từ nhân xưng                                                                                                                           ', 9, 0)
INSERT [dbo].[Module] ([module_id], [module_name], [course_id], [status]) VALUES (18, N'Chương 2:  Động từ “to be”                                                                                                                            ', 9, 0)
INSERT [dbo].[Module] ([module_id], [module_name], [course_id], [status]) VALUES (19, N'Chương 1:  Các số đến 1000000                                                                                                                         ', 10, 0)
INSERT [dbo].[Module] ([module_id], [module_name], [course_id], [status]) VALUES (20, N'Chương 2:  Phép nhân, chia các số có 2 chữ số
                                                                                                       ', 10, 0)
INSERT [dbo].[Module] ([module_id], [module_name], [course_id], [status]) VALUES (21, N'Chương 1:  Các dạng từ_1                                                                                                                              ', 11, 0)
INSERT [dbo].[Module] ([module_id], [module_name], [course_id], [status]) VALUES (23, N'Chương 2:  Các dạng từ_22                                                                                                                             ', 11, 0)
INSERT [dbo].[Module] ([module_id], [module_name], [course_id], [status]) VALUES (24, N'Chương 1:  Nice to see you
                                                                                                                          ', 12, 0)
INSERT [dbo].[Module] ([module_id], [module_name], [course_id], [status]) VALUES (25, N'Chương 2:  I’m from Vietnam
                                                                                                                         ', 12, 0)
INSERT [dbo].[Module] ([module_id], [module_name], [course_id], [status]) VALUES (26, N'Chương 1:  Ôn tập và bổ sung về phân số                                                                                                               ', 13, 0)
INSERT [dbo].[Module] ([module_id], [module_name], [course_id], [status]) VALUES (27, N'Chương 2: Số thập phân                                                                                                                                ', 13, 0)
INSERT [dbo].[Module] ([module_id], [module_name], [course_id], [status]) VALUES (28, N'Chương 1:  Family and Friends 5
                                                                                                                     ', 15, 0)
INSERT [dbo].[Module] ([module_id], [module_name], [course_id], [status]) VALUES (29, N'Chương 2:  The Ancient Mayans
                                                                                                                       ', 15, 0)
INSERT [dbo].[Module] ([module_id], [module_name], [course_id], [status]) VALUES (30, N'Chương 3: Các số trong phạm vi 100                                                                                                                    ', 1, 0)
INSERT [dbo].[Module] ([module_id], [module_name], [course_id], [status]) VALUES (31, N'Chương 4: Phép cộng, phép trừ trong phạm vi 100                                                                                                       ', 1, 0)
SET IDENTITY_INSERT [dbo].[Module] OFF
GO
SET IDENTITY_INSERT [dbo].[Question] ON 

INSERT [dbo].[Question] ([question_id], [question], [option1], [option2], [option3], [option4], [true_answer], [points], [index]) VALUES (1, N'Trong ca´c sô´ 31, 55, 66, 24, 16: sô´ na`o la` sô´ be´ nhâ´t:', N'31', N'66', N'16', N'24', N'31', 1, 1)
INSERT [dbo].[Question] ([question_id], [question], [option1], [option2], [option3], [option4], [true_answer], [points], [index]) VALUES (2, N'Trong các số dưới đây. Số nào là số có một chữ số, số nào là số có hai chữ số: 32, 46, 6, 54, 3, 9, 10, 99, 100, 37', N'Số có một chữ số là: 32, 46 ,6 , 9', N'Số có hai chữ số là: 99,46 ,100 , 9', N'Số có một chữ số là: 6 ,9 ,3', N'Số có hai chữ số là: 37', N'Số có một chữ số là: 6 ,9 ,3', 1, 2)
INSERT [dbo].[Question] ([question_id], [question], [option1], [option2], [option3], [option4], [true_answer], [points], [index]) VALUES (3, N'Số ''Hai trăm ba mươi mốt'' được viết là:', N'231', N'213', N'321', N'232', N'231', 1, 3)
INSERT [dbo].[Question] ([question_id], [question], [option1], [option2], [option3], [option4], [true_answer], [points], [index]) VALUES (6, N'Số 104 đọc là:', N'Một trăm linh bốn', N'Một trăm linh bảy', N'Một trăm linh năm', N'Một trăm linh ba', N'Một trăm linh bốn', 1, 4)
INSERT [dbo].[Question] ([question_id], [question], [option1], [option2], [option3], [option4], [true_answer], [points], [index]) VALUES (7, N'Số bé nhất có một chữ số là:', N'0', N'1', N'9', N'10', N'0', 1, 5)
INSERT [dbo].[Question] ([question_id], [question], [option1], [option2], [option3], [option4], [true_answer], [points], [index]) VALUES (8, N'Số lớn nhất trong các số: 123, 345, 256, 354 là:', N'123', N'345', N'256', N'354', N'354', 1, 6)
INSERT [dbo].[Question] ([question_id], [question], [option1], [option2], [option3], [option4], [true_answer], [points], [index]) VALUES (9, N'Số chẵn lớn nhất có hai chữ số là:', N'A, 99', N'B, 98', N'C, 100', N'D, 10', N'98', 1, 7)
INSERT [dbo].[Question] ([question_id], [question], [option1], [option2], [option3], [option4], [true_answer], [points], [index]) VALUES (12, N'Số 555 đọc là:', N'A. Năm trăm năm mươi năm', N'B. Năm trăm năm mươi lăm', N'Nam Nam', N'D. Năm trăm năm năm', N'B. Năm trăm năm mươi lăm', 1, 8)
INSERT [dbo].[Question] ([question_id], [question], [option1], [option2], [option3], [option4], [true_answer], [points], [index]) VALUES (13, N'Tính 10 + 15 = ?', N'A, 15', N'B,35', N'C,25', N'D,45', N'C,25', 1, 1)
INSERT [dbo].[Question] ([question_id], [question], [option1], [option2], [option3], [option4], [true_answer], [points], [index]) VALUES (15, N'Tính 32  + 15 = ?', N'A, 45', N'B,47', N'C,23', N'D,18', N'B,47', 1, 2)
INSERT [dbo].[Question] ([question_id], [question], [option1], [option2], [option3], [option4], [true_answer], [points], [index]) VALUES (16, N'Tính 30 - 10 = ?', N'A, 10', N'B, 35', N'C, 25', N'D, 20', N'D, 20', 1, 3)
INSERT [dbo].[Question] ([question_id], [question], [option1], [option2], [option3], [option4], [true_answer], [points], [index]) VALUES (17, N'Tính 45 + 14 = ?', N'A, 59', N'B, 21', N'C, 22', N'D, 37', N'A, 59', 1, 4)
INSERT [dbo].[Question] ([question_id], [question], [option1], [option2], [option3], [option4], [true_answer], [points], [index]) VALUES (18, N'Tính 4+ 44= ?', N'A, 65', N'B, 48', N'C, 83', N'D, 25', N'B, 48', 1, 5)
INSERT [dbo].[Question] ([question_id], [question], [option1], [option2], [option3], [option4], [true_answer], [points], [index]) VALUES (19, N'Tính 95 - 50= ?', N'A, 34', N'B, 66', N'C, 0', N'D, 45', N'D, 45', 1, 6)
INSERT [dbo].[Question] ([question_id], [question], [option1], [option2], [option3], [option4], [true_answer], [points], [index]) VALUES (20, N'Tính 36 + 12= ?', N'A, 55', N'B, 28', N'C, 48', N'D, 15', N'C, 48', 1, 7)
INSERT [dbo].[Question] ([question_id], [question], [option1], [option2], [option3], [option4], [true_answer], [points], [index]) VALUES (22, N'Tính 21 + 22= ?', N'A, 44', N'B, 43', N'C, 33', N'D, 34', N'B, 43', 1, 8)
INSERT [dbo].[Question] ([question_id], [question], [option1], [option2], [option3], [option4], [true_answer], [points], [index]) VALUES (23, N'Số bé nhất trên tia số là số nào?', N'A, 0', N'B, 1', N'C, 2', N'D, 3', N'A, 0', 1, 1)
INSERT [dbo].[Question] ([question_id], [question], [option1], [option2], [option3], [option4], [true_answer], [points], [index]) VALUES (24, N'Số liền sau hơn số liền trước bao nhiêu đơn vị (trên tia số)?', N'A,  0 đơn vị', N'B,  1 đơn vị', N'C,  2 đơn vị', N'D,  Tất cả đều đúng', N'B,  1 đơn vị', 1, 2)
INSERT [dbo].[Question] ([question_id], [question], [option1], [option2], [option3], [option4], [true_answer], [points], [index]) VALUES (25, N'Số liền trước của 35 là?', N'A,  34', N'B,  33', N'C, 32', N'D, 31', N'A,  34', 1, 3)
INSERT [dbo].[Question] ([question_id], [question], [option1], [option2], [option3], [option4], [true_answer], [points], [index]) VALUES (26, N'Số 58 là … của số 59', N'A,  Anh em', N'B,  Số liền trước', N'C,  Số liền sau', N'D,  Tất cả đều sai', N'B,  Số liền trước', 1, 4)
INSERT [dbo].[Question] ([question_id], [question], [option1], [option2], [option3], [option4], [true_answer], [points], [index]) VALUES (27, N'Số liền trước của 72 là?', N'A,  34', N'B,  71', N'C, 32', N'D, 24', N'B,  71', 1, 5)
INSERT [dbo].[Question] ([question_id], [question], [option1], [option2], [option3], [option4], [true_answer], [points], [index]) VALUES (28, N'Số 54 là … của số 53', N'A,  Anh em', N'B,  Số liền trước', N'C,  Số liền sau', N'D,  Tất cả đều sai', N'C,  Số liền sau', 1, 6)
INSERT [dbo].[Question] ([question_id], [question], [option1], [option2], [option3], [option4], [true_answer], [points], [index]) VALUES (29, N'Số liền sau của 44 là?', N'A,  54', N'B,  45', N'C, 44', N'D, 55', N'B,  45', 1, 7)
INSERT [dbo].[Question] ([question_id], [question], [option1], [option2], [option3], [option4], [true_answer], [points], [index]) VALUES (30, N'Một trường tiểu học có 73 học sinh lớp 1,  số học sinh lớp 2 nhiều hơn số học sinh lớp 1 là 27 học sinh. Hỏi trường đó có bao nhiêu học sinh lớp 2?', N'A. 94 học sinh', N'B. 95 học sinh', N'C. 100 học sinh', N'D. 30 học sinh', N'C. 100 học sinh', 2, 1)
INSERT [dbo].[Question] ([question_id], [question], [option1], [option2], [option3], [option4], [true_answer], [points], [index]) VALUES (32, N'Điền dấu >,  < hoặc = để so sánh kết quả: 39 + 61 .................. 65 + 35
?', N'A. >', N'B. <', N'C. =', N'D. Tất cả đều đúng', N'C. =', 2, 2)
INSERT [dbo].[Question] ([question_id], [question], [option1], [option2], [option3], [option4], [true_answer], [points], [index]) VALUES (33, N'Số 100 = ? chục.', N'A. 1 chục
', N'B. 10 chục', N'C. 5 chục', N'D. 3 chục', N'B. 10 chục', 2, 3)
INSERT [dbo].[Question] ([question_id], [question], [option1], [option2], [option3], [option4], [true_answer], [points], [index]) VALUES (34, N'Một cửa hàng buổi sáng bán được 75kg đường,  buổi chiều bán được nhiều hơn buổi sáng 25kg đường. Hỏi buổi chiều cửa hàng bán được bao nhiêu ki-lô-gam đường?', N'A. 85kg', N'B. 95kg', N'D. 100kg
', N'D. 75kg', N'B. 95kg', 2, 4)
INSERT [dbo].[Question] ([question_id], [question], [option1], [option2], [option3], [option4], [true_answer], [points], [index]) VALUES (35, N'Lớp 1A trồng được 35 cây,  lớp 2A trồng được 50 cây. Hỏi cả hai lớp trồng được tất cả bao nhiêu cây?', N'A. 55 cây', N'B. 85 cây', N'C. 90 cây', NULL, N'B. 85 cây', 2, 5)
INSERT [dbo].[Question] ([question_id], [question], [option1], [option2], [option3], [option4], [true_answer], [points], [index]) VALUES (37, N'Chọn đáp án đúng:
20 - 15 = ?
', N'A. 10', N'B. 5', N'C. 15', N'D.  20', N'B. 5', 2, 1)
INSERT [dbo].[Question] ([question_id], [question], [option1], [option2], [option3], [option4], [true_answer], [points], [index]) VALUES (38, N'Điền vào chỗ trống:
36 - . . .  = 9?
', N'A. 25', N'B. 9', N'C. 36', N'D. 45', N'A. 25', 2, 2)
INSERT [dbo].[Question] ([question_id], [question], [option1], [option2], [option3], [option4], [true_answer], [points], [index]) VALUES (39, N'Tổng số tuổi của 2 bố con hiện nay là 40 tuổi.  Năm nay con 7 tuổi.  Đố các bạn biết hiện nay bố bao nhiêu tuổi?', N'A,  100', N'B,  99', N'C,  33', N'D,  Tất cả đều sai
', N'C,  33', 2, 3)
INSERT [dbo].[Question] ([question_id], [question], [option1], [option2], [option3], [option4], [true_answer], [points], [index]) VALUES (40, N'Gói kẹo cà phê và gói keo dừa có tất cả là 90 cái.  Riêng gói kẹo dừa là 43 cái.  Hỏi gói kẹo cà phê có bao nhiêu cái?', N'A, 99', N'B. 23', N'C. 85', N'D. 47', N'D. 47', 2, 4)
INSERT [dbo].[Question] ([question_id], [question], [option1], [option2], [option3], [option4], [true_answer], [points], [index]) VALUES (41, N'Lớp 2 A có 30 học sinh nữ.  Số học sinh nữ nhiều hơn số học sinh nam là 7 bạn.  Tính số học sinh nam?', N'A. 23', N'B. 24', N'D. 27', N'D. 26', N'A. 23', 2, 5)
INSERT [dbo].[Question] ([question_id], [question], [option1], [option2], [option3], [option4], [true_answer], [points], [index]) VALUES (42, N'Số đo ''mười bốn ki-lô-gam'' được viết là:', N'A.  14', N'B.  15 kg', N'C.  14 kg', N'D.  15
kg', N'C.  14 kg', 2, 1)
INSERT [dbo].[Question] ([question_id], [question], [option1], [option2], [option3], [option4], [true_answer], [points], [index]) VALUES (43, N'Cách viết ''6 kg'' được đọc là:', N'A.  Sáu ki-lô-gam', N'B.  Bảy ki-lô-gam', N'C.  Tám ki-lô-gam', N'D.  Chín ki-lô-gam', N'A.  Sáu ki-lô-gam', 2, 2)
INSERT [dbo].[Question] ([question_id], [question], [option1], [option2], [option3], [option4], [true_answer], [points], [index]) VALUES (44, N'Giá trị của biểu thức 23kg + 4kg là:', N'A. 25 kg', N'B.  26 kg', N'C.  28 kg', N'D.  27 kg', N'D.  27 kg', 2, 3)
INSERT [dbo].[Question] ([question_id], [question], [option1], [option2], [option3], [option4], [true_answer], [points], [index]) VALUES (45, N'Dấu <,  >,  = thích hợp để điền vào chỗ chấm 16kg…17kg là:', N'A.  =', N'B.  >', N'C.  <', N'D.  ?', N'C.  <', 2, 4)
INSERT [dbo].[Question] ([question_id], [question], [option1], [option2], [option3], [option4], [true_answer], [points], [index]) VALUES (46, N'Giá trị của biểu thức 17kg + 24kg – 8kg là:
', N'A.  35 kg', N'B.  36 kg
', N'C.  33 kg', N'D.  34 kg', N'C.  33 kg', 2, 5)
INSERT [dbo].[Question] ([question_id], [question], [option1], [option2], [option3], [option4], [true_answer], [points], [index]) VALUES (47, N'Số lớn nhất có 4 chữ số là?', N'A,  15223', N'B, 36225', N'C, 25225', N'D, 9999', N'D, 9999', 2, 1)
INSERT [dbo].[Question] ([question_id], [question], [option1], [option2], [option3], [option4], [true_answer], [points], [index]) VALUES (48, N'Số nào có cách đọc là sáu nghìn chín trăm sáu mươi tám?', N'A,  3422', N'B, 6968 ', N'C, 2633', N'D, 132lăm8', N'B, 6968 ', 2, 2)
INSERT [dbo].[Question] ([question_id], [question], [option1], [option2], [option3], [option4], [true_answer], [points], [index]) VALUES (49, N'Số nào có cách đọc là bốn nghìn chín hai ba mươi lăm?', N'A,  1000', N'B, 4235', N'C, 2325', N'D, 9001', N'D, 9001', 2, 3)
INSERT [dbo].[Question] ([question_id], [question], [option1], [option2], [option3], [option4], [true_answer], [points], [index]) VALUES (50, N' 2212 đọc là gì?', N'A,  Hai nghìn hai trăm mười hai', N'B, Hai nghìn hai trăm hai hai', N'C, Ba nghìn', N'D, Bốn nghìn', N'A,  Hai nghìn hai trăm mười hai', 2, 4)
INSERT [dbo].[Question] ([question_id], [question], [option1], [option2], [option3], [option4], [true_answer], [points], [index]) VALUES (51, N'Số nào có cách đọc là hai nghìn?', N'A,  34234', N'B, 2000', N'C, 8332', N'D, 2225', N'B, 2000', 2, 5)
INSERT [dbo].[Question] ([question_id], [question], [option1], [option2], [option3], [option4], [true_answer], [points], [index]) VALUES (52, N'Tính 1000 + 15 = ?', N'A,  1025', N'B, 3225', N'C, 1015', N'D, 45', N'C, 1015', 2, 1)
INSERT [dbo].[Question] ([question_id], [question], [option1], [option2], [option3], [option4], [true_answer], [points], [index]) VALUES (54, N'Tính 320  + 150 = ?', N'A,  4235', N'B, 470', N'C, 233', N'D, 18', N'B, 470', 2, 2)
INSERT [dbo].[Question] ([question_id], [question], [option1], [option2], [option3], [option4], [true_answer], [points], [index]) VALUES (55, N'Tính 3000 + 1500 = ?', N'A,  1210', N'B, 315', N'C, 2435', N'D, 4500', N'D, 4500', 2, 3)
INSERT [dbo].[Question] ([question_id], [question], [option1], [option2], [option3], [option4], [true_answer], [points], [index]) VALUES (56, N'Tính 4500 + 14 = ?
', N'A,  5912', N'B, 4514 ', N'C, 2234', N'D, 3723', N'B, 4514', 2, 4)
INSERT [dbo].[Question] ([question_id], [question], [option1], [option2], [option3], [option4], [true_answer], [points], [index]) VALUES (57, N'Tính 444  + 444= ?', N'A,  65', N'B, 48', N'C, 888', N'D, 25', N'C, 888', 2, 5)
INSERT [dbo].[Question] ([question_id], [question], [option1], [option2], [option3], [option4], [true_answer], [points], [index]) VALUES (58, N'Tính 10000 - 15 = ?', N'A,  1025', N'B, 3225', N' C, 9985', N'D, 45', N' C, 9985', 2, 1)
INSERT [dbo].[Question] ([question_id], [question], [option1], [option2], [option3], [option4], [true_answer], [points], [index]) VALUES (60, N'Tính 320  - 150 = ?', N'A,  4235', N'B, 170', N'C, 233', N'D, 18', N'B, 170', 2, 2)
INSERT [dbo].[Question] ([question_id], [question], [option1], [option2], [option3], [option4], [true_answer], [points], [index]) VALUES (61, N'Tính 3000 - 1500 = ?', N'A,  1210', N'B, 315', N'C, 2435', N'D, 1500', N'D, 1500', 2, 3)
INSERT [dbo].[Question] ([question_id], [question], [option1], [option2], [option3], [option4], [true_answer], [points], [index]) VALUES (62, N'Tính 4500 - 14 = ?', N'A,  5912', N'B, 4486 ', N'C, 2234', N'D, 3723', N'B, 4486 ', 2, 4)
INSERT [dbo].[Question] ([question_id], [question], [option1], [option2], [option3], [option4], [true_answer], [points], [index]) VALUES (65, N'Tính 4440  - 444= ?', N'A,  65', N'B, 48', N'C, 3996', N'D, 25', N'C, 3996', 2, 5)
INSERT [dbo].[Question] ([question_id], [question], [option1], [option2], [option3], [option4], [true_answer], [points], [index]) VALUES (66, N'1m = … cm?', N'A,  1025', N'B, 3225', N' C, 100', N'D, 45', N' C, 100', 2, NULL)
INSERT [dbo].[Question] ([question_id], [question], [option1], [option2], [option3], [option4], [true_answer], [points], [index]) VALUES (67, N'1km = … m?', N'A,  4235', N'B, 1000', N'C, 233', N'D, 18', N'B, 1000', 2, NULL)
INSERT [dbo].[Question] ([question_id], [question], [option1], [option2], [option3], [option4], [true_answer], [points], [index]) VALUES (68, N'5km = … hm?', N'A,  1210', N'B, 315', N'C, 2435', N'D, 50', N'D, 50', 2, NULL)
INSERT [dbo].[Question] ([question_id], [question], [option1], [option2], [option3], [option4], [true_answer], [points], [index]) VALUES (69, N'2dam = … dm?', N'A,  5912', N'B, 200', N'C, 2234', N'D, 3723', N'B, 200', 2, NULL)
INSERT [dbo].[Question] ([question_id], [question], [option1], [option2], [option3], [option4], [true_answer], [points], [index]) VALUES (70, N'55cm = … mm?', N'A,  65', N'B, 48', N'C, 3996 ', N'D, 25', N'C, 3996 ', 2, NULL)
INSERT [dbo].[Question] ([question_id], [question], [option1], [option2], [option3], [option4], [true_answer], [points], [index]) VALUES (71, N'Hoàng nặng 45kg,  Khang nặng gấp đôi Hoàng.  Hỏi Khang nặng bao nhiêu kg?
', N'A,  10', N'B, 32', N'C, 90', N'D, 45', N'C, 90', 2, NULL)
INSERT [dbo].[Question] ([question_id], [question], [option1], [option2], [option3], [option4], [true_answer], [points], [index]) VALUES (73, N'Thắng cao 90cm,  Khánh cao gấp đôi Thắng.  Hỏi Khánh cao bao nhiêu cm?', N'A,  42', N'B, 180', N'C, 233', N'D, 128', N'B, 180 ', 2, NULL)
INSERT [dbo].[Question] ([question_id], [question], [option1], [option2], [option3], [option4], [true_answer], [points], [index]) VALUES (74, N'Tài có 5 quả táo,  Thảo có số táo gấp 3 lần Tài.  Hỏi Thảo có bao nhiêu quả táo?', N'A,  1210', N'B, 315', N'C, 2435', N'D, 15', N'D, 15', 2, NULL)
INSERT [dbo].[Question] ([question_id], [question], [option1], [option2], [option3], [option4], [true_answer], [points], [index]) VALUES (75, N'Trong 1 lớp học có 40 học sinh.  Trong đó, 35 bạn đi BMW đến trường,  còn lại đi bộ.  Hỏi số bạn đi BMW gấp bao nhiêu lần số bạn đi bộ?', N'A,  5', N'B, 7', N'C, 2', N'D, 23', N'B, 7', 2, NULL)
INSERT [dbo].[Question] ([question_id], [question], [option1], [option2], [option3], [option4], [true_answer], [points], [index]) VALUES (76, N'Nhà Khang nuôi 1 con mèo,  số chó nhà Khang nuôi gấp 5 lần số mèo.  Hỏi nhà Khang nuôi bao nhiêu con chó?', N'A,  65', N'B, 48', N'C, 5 ', N'D, 25', N'C, 5 ', 2, NULL)
INSERT [dbo].[Question] ([question_id], [question], [option1], [option2], [option3], [option4], [true_answer], [points], [index]) VALUES (77, N' Anh có 15 cái kẹo,  anh cho em ⅓ số kẹo đó.  Hỏi em có bao nhiêu cái kẹo?
', N'A,  10', N'B, 32', N'C, 5', N'D, 45', N'C, 5', 2, NULL)
INSERT [dbo].[Question] ([question_id], [question], [option1], [option2], [option3], [option4], [true_answer], [points], [index]) VALUES (78, N'Anh có 14 cái kẹo,  anh cho em 1/2 số kẹo đó.  Hỏi em có bao nhiêu cái kẹo?
', N'A,  42', N'B, 77', N'C, 233', N'D, 128', N'B, 77', 2, NULL)
INSERT [dbo].[Question] ([question_id], [question], [option1], [option2], [option3], [option4], [true_answer], [points], [index]) VALUES (79, N'Tài có 5 quả táo,  Tài cho Thảo ⅕ số táo của mình.  Hỏi Thảo có bao nhiêu quả táo?', N'A,  1210', N'B, 315', N'C, 2435', N'D, 1', N'D, 1', 2, NULL)
INSERT [dbo].[Question] ([question_id], [question], [option1], [option2], [option3], [option4], [true_answer], [points], [index]) VALUES (80, N'Trong 1 lớp học có 40 học sinh.  Trong đó,  ¼  học sinh đi BMW đến trường.  Hỏi có mấy bạn đi BMW đến trường?', N'A,  5', N'B, 10', N'C, 2', N'D, 23', N'B, 10', 2, NULL)
INSERT [dbo].[Question] ([question_id], [question], [option1], [option2], [option3], [option4], [true_answer], [points], [index]) VALUES (82, N'Nhà Khang nuôi 8 con mèo,  số chó nhà Khang nuôi bằng 1/4 số mèo.  Hỏi nhà Khang nuôi bao nhiêu con chó?', N'A,  65', N'B, 48', N'C, 2', N'D, 25
', N'C, 2', 2, NULL)
INSERT [dbo].[Question] ([question_id], [question], [option1], [option2], [option3], [option4], [true_answer], [points], [index]) VALUES (83, N'Số liền trước hơn số liền sau bao nhiêu đơn vị (trên tia số)?', N'A,  0 đơn vị', N'B,  1 đơn vị', N'C,  2 đơn vị', N'D,  Tất cả đều đúng', N'B,  1 đơn vị', 1, 8)
INSERT [dbo].[Question] ([question_id], [question], [option1], [option2], [option3], [option4], [true_answer], [points], [index]) VALUES (91, N'dfsdfsdfs', N'123', N'dsdfsdfs', N'sdfdfsfds', N'sdffdsdsf', N'123', 1, 9)
INSERT [dbo].[Question] ([question_id], [question], [option1], [option2], [option3], [option4], [true_answer], [points], [index]) VALUES (93, N'55 + 44 = ?', N'89', N'88', N'99', N'89', N'123423432424234234234', 1, 8)
INSERT [dbo].[Question] ([question_id], [question], [option1], [option2], [option3], [option4], [true_answer], [points], [index]) VALUES (94, N'Chọn số bé nhất trong các số sau: 0,5,4,6,2,3,1,9', N'A. 0', N'B. 3', N'C. 9', N'D. 6', N'A. 0', 1, 1)
INSERT [dbo].[Question] ([question_id], [question], [option1], [option2], [option3], [option4], [true_answer], [points], [index]) VALUES (95, N'1+2 ... 3+0', N'>', N'<', N'=', N'Tất cả đều sai', N'=', 1, 2)
INSERT [dbo].[Question] ([question_id], [question], [option1], [option2], [option3], [option4], [true_answer], [points], [index]) VALUES (97, N'ìirjirjirjfirf', N'frijir', N'kgiudjfi oijoidf', N'324', N'032490-290', N'kgiudjfi oijoidf', 1, 1)
INSERT [dbo].[Question] ([question_id], [question], [option1], [option2], [option3], [option4], [true_answer], [points], [index]) VALUES (98, N'lmofeoiroije', N'0249934', N'03902', N'0239-039', N'92-043', N'03902', 1, 2)
INSERT [dbo].[Question] ([question_id], [question], [option1], [option2], [option3], [option4], [true_answer], [points], [index]) VALUES (99, N'Số 4352 đọc là?', N'A, Bốn ba năm hai', N'B, Bốn mươi ba năm mươi hai', N'C, Bốn mươi ba nghìn năm trăm hai', N'D, Bốn nghìn ba trăm năm mươi hai', N'D, Bốn nghìn ba trăm năm mươi hai', 1, 6)
INSERT [dbo].[Question] ([question_id], [question], [option1], [option2], [option3], [option4], [true_answer], [points], [index]) VALUES (100, N'aiefhiueyu', N'ihewiuhuvi', N'oiheifuvh', N'oihfiuv', N'oidfhovgihroihdr32753208543', N'oidfhovgihroihdr32753208543', 1, 1)
INSERT [dbo].[Question] ([question_id], [question], [option1], [option2], [option3], [option4], [true_answer], [points], [index]) VALUES (101, N'Số nào là số mười lăm trong các số dưới đây', N'A. 11', N'B. 13', N'C. 17', N'D. 15', N'D. 15', 1, 1)
INSERT [dbo].[Question] ([question_id], [question], [option1], [option2], [option3], [option4], [true_answer], [points], [index]) VALUES (102, N'Điền >,<,= vào chỗ trống 6 ... 4', N'>', N'<', N'=', N'Tất cả đều đúng', N'>', 1, 1)
SET IDENTITY_INSERT [dbo].[Question] OFF
GO
SET IDENTITY_INSERT [dbo].[Ranking] ON 

INSERT [dbo].[Ranking] ([ranking_id], [user_id], [full_name], [points]) VALUES (7, 10, N'Phạm Trung Nguyên', 20)
INSERT [dbo].[Ranking] ([ranking_id], [user_id], [full_name], [points]) VALUES (8, 15, N'Ngô Đức Lương', 50)
INSERT [dbo].[Ranking] ([ranking_id], [user_id], [full_name], [points]) VALUES (10, 16, N'Nguyễn Văn Trường', 0)
INSERT [dbo].[Ranking] ([ranking_id], [user_id], [full_name], [points]) VALUES (11, 17, N'Đoàn Văn Mạnh', 40)
INSERT [dbo].[Ranking] ([ranking_id], [user_id], [full_name], [points]) VALUES (12, 18, N'Nguyễn Quang Huy', 10)
SET IDENTITY_INSERT [dbo].[Ranking] OFF
GO
SET IDENTITY_INSERT [dbo].[Role] ON 

INSERT [dbo].[Role] ([role_id], [role_name]) VALUES (1, N'premium')
INSERT [dbo].[Role] ([role_id], [role_name]) VALUES (2, N'normal')
INSERT [dbo].[Role] ([role_id], [role_name]) VALUES (3, N'admin')
SET IDENTITY_INSERT [dbo].[Role] OFF
GO
INSERT [dbo].[Role_Account] ([role_id], [username]) VALUES (1, N'NguyenPT')
INSERT [dbo].[Role_Account] ([role_id], [username]) VALUES (3, N'admin')
INSERT [dbo].[Role_Account] ([role_id], [username]) VALUES (1, N'LuongND')
INSERT [dbo].[Role_Account] ([role_id], [username]) VALUES (1, N'TruongNV')
INSERT [dbo].[Role_Account] ([role_id], [username]) VALUES (1, N'ManhDV')
INSERT [dbo].[Role_Account] ([role_id], [username]) VALUES (1, N'HuyNQ')

GO
INSERT [dbo].[Role_Feature] ([role_id], [fe_id]) VALUES (3, 1)
INSERT [dbo].[Role_Feature] ([role_id], [fe_id]) VALUES (3, 2)
INSERT [dbo].[Role_Feature] ([role_id], [fe_id]) VALUES (3, 3)
INSERT [dbo].[Role_Feature] ([role_id], [fe_id]) VALUES (3, 4)
INSERT [dbo].[Role_Feature] ([role_id], [fe_id]) VALUES (3, 6)
INSERT [dbo].[Role_Feature] ([role_id], [fe_id]) VALUES (3, 7)
INSERT [dbo].[Role_Feature] ([role_id], [fe_id]) VALUES (3, 8)
INSERT [dbo].[Role_Feature] ([role_id], [fe_id]) VALUES (3, 9)
INSERT [dbo].[Role_Feature] ([role_id], [fe_id]) VALUES (3, 10)
INSERT [dbo].[Role_Feature] ([role_id], [fe_id]) VALUES (1, 1)
INSERT [dbo].[Role_Feature] ([role_id], [fe_id]) VALUES (1, 2)
INSERT [dbo].[Role_Feature] ([role_id], [fe_id]) VALUES (1, 3)
INSERT [dbo].[Role_Feature] ([role_id], [fe_id]) VALUES (1, 4)
INSERT [dbo].[Role_Feature] ([role_id], [fe_id]) VALUES (1, 6)
INSERT [dbo].[Role_Feature] ([role_id], [fe_id]) VALUES (1, 7)
INSERT [dbo].[Role_Feature] ([role_id], [fe_id]) VALUES (1, 8)
INSERT [dbo].[Role_Feature] ([role_id], [fe_id]) VALUES (1, 9)
INSERT [dbo].[Role_Feature] ([role_id], [fe_id]) VALUES (1, 10)
INSERT [dbo].[Role_Feature] ([role_id], [fe_id]) VALUES (3, 11)
INSERT [dbo].[Role_Feature] ([role_id], [fe_id]) VALUES (3, 12)
INSERT [dbo].[Role_Feature] ([role_id], [fe_id]) VALUES (3, 14)
INSERT [dbo].[Role_Feature] ([role_id], [fe_id]) VALUES (3, 15)
INSERT [dbo].[Role_Feature] ([role_id], [fe_id]) VALUES (3, 16)
INSERT [dbo].[Role_Feature] ([role_id], [fe_id]) VALUES (3, 17)
INSERT [dbo].[Role_Feature] ([role_id], [fe_id]) VALUES (3, 18)
INSERT [dbo].[Role_Feature] ([role_id], [fe_id]) VALUES (3, 19)
INSERT [dbo].[Role_Feature] ([role_id], [fe_id]) VALUES (3, 20)
INSERT [dbo].[Role_Feature] ([role_id], [fe_id]) VALUES (3, 21)
INSERT [dbo].[Role_Feature] ([role_id], [fe_id]) VALUES (3, 22)
INSERT [dbo].[Role_Feature] ([role_id], [fe_id]) VALUES (3, 23)
INSERT [dbo].[Role_Feature] ([role_id], [fe_id]) VALUES (3, 24)
INSERT [dbo].[Role_Feature] ([role_id], [fe_id]) VALUES (3, 25)
INSERT [dbo].[Role_Feature] ([role_id], [fe_id]) VALUES (3, 26)
INSERT [dbo].[Role_Feature] ([role_id], [fe_id]) VALUES (3, 27)
INSERT [dbo].[Role_Feature] ([role_id], [fe_id]) VALUES (3, 28)
INSERT [dbo].[Role_Feature] ([role_id], [fe_id]) VALUES (3, 29)
INSERT [dbo].[Role_Feature] ([role_id], [fe_id]) VALUES (3, 30)
INSERT [dbo].[Role_Feature] ([role_id], [fe_id]) VALUES (3, 31)
INSERT [dbo].[Role_Feature] ([role_id], [fe_id]) VALUES (3, 34)
INSERT [dbo].[Role_Feature] ([role_id], [fe_id]) VALUES (3, 35)
INSERT [dbo].[Role_Feature] ([role_id], [fe_id]) VALUES (3, 36)
INSERT [dbo].[Role_Feature] ([role_id], [fe_id]) VALUES (3, 32)
INSERT [dbo].[Role_Feature] ([role_id], [fe_id]) VALUES (3, 33)
INSERT [dbo].[Role_Feature] ([role_id], [fe_id]) VALUES (3, 37)
INSERT [dbo].[Role_Feature] ([role_id], [fe_id]) VALUES (3, 38)
INSERT [dbo].[Role_Feature] ([role_id], [fe_id]) VALUES (3, 39)
GO
SET IDENTITY_INSERT [dbo].[User] ON 

INSERT [dbo].[User] ([user_id], [full_name], [dob], [gender], [parent_name], [parent_email], [parent_phone_number], [username], [points]) VALUES (10, N'Phạm Trung Nguyên', CAST(N'2023-03-06' AS Date), 1, N'Phạm Vũ Cẩm', N'NguyenPThe172112@fpt.edu.vn', N'0373208029', N'NguyenPT', NULL)
INSERT [dbo].[User] ([user_id], [full_name], [dob], [gender], [parent_name], [parent_email], [parent_phone_number], [username], [points]) VALUES (14, N'Online Learn', CAST(N'2024-05-05' AS Date), 1, N'null', N'null', N'null', N'admin', NULL)
INSERT [dbo].[User] ([user_id], [full_name], [dob], [gender], [parent_name], [parent_email], [parent_phone_number], [username], [points]) VALUES (15, N'Ngô Đức Lương', CAST(N'2003-01-01' AS Date), 1, N'Ngô Đức A', N'LuongND71@sgmail.com', N'0982296977', N'LuongND', NULL)
INSERT [dbo].[User] ([user_id], [full_name], [dob], [gender], [parent_name], [parent_email], [parent_phone_number], [username], [points]) VALUES (16, N'Nguyễn Văn Trường', CAST(N'2003-01-02' AS Date), 1, N'Trần Thị B', N'TruongNV@fpt.edu.vn', N'0947657657', N'TruongNV', NULL)
INSERT [dbo].[User] ([user_id], [full_name], [dob], [gender], [parent_name], [parent_email], [parent_phone_number], [username], [points]) VALUES (17, N'Đoàn Văn Mạnh', CAST(N'2003-01-03' AS Date), 1, N'Đoàn Văn Quân', N'ManhDV@gmail.com', N'0968878987', N'ManhDV', NULL)
INSERT [dbo].[User] ([user_id], [full_name], [dob], [gender], [parent_name], [parent_email], [parent_phone_number], [username], [points]) VALUES (18, N'Nguyễn Quang Huy', CAST(N'2003-01-04' AS Date), 1, N'Nguyễn Văn E', N'HuyNQ@gmail.com', N'0912789666', N'HuyNQ', NULL)
SET IDENTITY_INSERT [dbo].[User] OFF
GO
SET IDENTITY_INSERT [dbo].[Video] ON 

INSERT [dbo].[Video] ([video_id], [url], [video_title]) VALUES (1, N'K6HoLHw9JoY', N'Học đếm các số từ 0 -  9')
INSERT [dbo].[Video] ([video_id], [url], [video_title]) VALUES (2, N'RPWf7BPQg4s', N'Video bài dãy các viết các số 0 - 9')
INSERT [dbo].[Video] ([video_id], [url], [video_title]) VALUES (3, N'LNQffeDRxlM', N'So sánh các số có 1 chữ số')
INSERT [dbo].[Video] ([video_id], [url], [video_title]) VALUES (4, N'Px5Qc9mkVZA', N'Học ghép các số thành số có 2 chữ số')
INSERT [dbo].[Video] ([video_id], [url], [video_title]) VALUES (5, N'Px5Qc9mkVZA', N'Học ghép các số thành số có 2 chữ số(tiếp)')
INSERT [dbo].[Video] ([video_id], [url], [video_title]) VALUES (7, N'Px5Qc9mkVZA', N'Học ghép các số thành số có 2 chữ số(tiếp)')
INSERT [dbo].[Video] ([video_id], [url], [video_title]) VALUES (9, N'Px5Qc9mkVZA', N'NHọc ghép các số thành số có 2 chữ số(tiếp)')
INSERT [dbo].[Video] ([video_id], [url], [video_title]) VALUES (11, N'Px5Qc9mkVZA', N'So sánh các số có 2 chữ số')
INSERT [dbo].[Video] ([video_id], [url], [video_title]) VALUES (12, N'ZjWmPAnBhd0 ', N'Ôn tập các số đến 100')
INSERT [dbo].[Video] ([video_id], [url], [video_title]) VALUES (13, N'HmEtY9sNfA4', N'Ổn tập phép công, phép trừ (không nhớ) trong phạm vi 100')
INSERT [dbo].[Video] ([video_id], [url], [video_title]) VALUES (14, N'780RWiEHdMA ', N'Tia số, số liền trước, số liền sau')
INSERT [dbo].[Video] ([video_id], [url], [video_title]) VALUES (15, N'0ZTSOVfukLc ', N'Phép cộng (có nhớ) trong phạm vi 100')
INSERT [dbo].[Video] ([video_id], [url], [video_title]) VALUES (16, N'dOF3khaO3Wk ', N'Phép trừ (có nhớ) trong phạm vi 100')
INSERT [dbo].[Video] ([video_id], [url], [video_title]) VALUES (17, N'M1eAz93iA0Q ', N'Kilogam')
INSERT [dbo].[Video] ([video_id], [url], [video_title]) VALUES (19, N'1ns1CgpzlSg', N'Cuộc sống quanh em')
INSERT [dbo].[Video] ([video_id], [url], [video_title]) VALUES (20, N'qeV26yhe5_M ', N'Thời gian của em')
INSERT [dbo].[Video] ([video_id], [url], [video_title]) VALUES (21, N'ct9g58uiVTo ', N'Bạn bè của em')
INSERT [dbo].[Video] ([video_id], [url], [video_title]) VALUES (22, N'YC7ZRmh5oQo ', N'Ngôi nhà thứ 2')
INSERT [dbo].[Video] ([video_id], [url], [video_title]) VALUES (23, N'HhNuvhJjz_M&t=8s', N'Em yêu trường em')
INSERT [dbo].[Video] ([video_id], [url], [video_title]) VALUES (24, N'm-Dg7j6cxh8', N'Video cách phát âm các chữ A Ă   B')
INSERT [dbo].[Video] ([video_id], [url], [video_title]) VALUES (25, N'm-Dg7j6cxh8', N'Video cách phát các chữ D Đ E Ê G')
INSERT [dbo].[Video] ([video_id], [url], [video_title]) VALUES (26, N'm-Dg7j6cxh8', N'Video cách phát các chữ H I K L')
INSERT [dbo].[Video] ([video_id], [url], [video_title]) VALUES (27, N'm-Dg7j6cxh8', N'Video cách phát các chữ N O Ô Ơ Q')
INSERT [dbo].[Video] ([video_id], [url], [video_title]) VALUES (28, N'm-Dg7j6cxh8', N'ideo cách phát các chữ P R S T')
INSERT [dbo].[Video] ([video_id], [url], [video_title]) VALUES (29, N'm-Dg7j6cxh8', N'Video cách phát các chữ U Ư V X ')
INSERT [dbo].[Video] ([video_id], [url], [video_title]) VALUES (30, N'we75Yl-J4n0&t=8s', N'Học đánh vần nguyên âm  nguyên âm A Ă   với các phụ âm')
INSERT [dbo].[Video] ([video_id], [url], [video_title]) VALUES (31, N'yPYXU0ufLSc&t=32s', N'Học đánh vần nguyên âm  nguyên âm O Ơ Ô với các phụ âm')
INSERT [dbo].[Video] ([video_id], [url], [video_title]) VALUES (33, N'fTtOVdnaAvs', N'Học cách phát âm các chữ A B C D E F: ')
INSERT [dbo].[Video] ([video_id], [url], [video_title]) VALUES (34, N'zK0V3KIwco8', N'Cách đọc cách viết các số có 4, 5 chữ số')
INSERT [dbo].[Video] ([video_id], [url], [video_title]) VALUES (35, N'oRBPOUXX-B8', N'Phép cộng trong phạm vi 10000')
INSERT [dbo].[Video] ([video_id], [url], [video_title]) VALUES (36, N'9QpwZOjlp1Y', N'Phép trừ trong phạm vi 10000')
INSERT [dbo].[Video] ([video_id], [url], [video_title]) VALUES (37, N'Ulcj-nHkeXg', N'Đơn vị đo độ dài')
INSERT [dbo].[Video] ([video_id], [url], [video_title]) VALUES (38, N'm-Dg7j6cxh8', N' Phát âm bảng chữ cái')
INSERT [dbo].[Video] ([video_id], [url], [video_title]) VALUES (39, N'qCaparx0f3c', N'Numb little bug')
SET IDENTITY_INSERT [dbo].[Video] OFF
GO
ALTER TABLE [dbo].[Comment]  WITH CHECK ADD  CONSTRAINT [FK_Comment_Account] FOREIGN KEY([username])
REFERENCES [dbo].[Account] ([username])
GO
ALTER TABLE [dbo].[Comment] CHECK CONSTRAINT [FK_Comment_Account]
GO
ALTER TABLE [dbo].[Course]  WITH CHECK ADD  CONSTRAINT [FK_Course_Class] FOREIGN KEY([class_id])
REFERENCES [dbo].[Class] ([class_id])
GO
ALTER TABLE [dbo].[Course] CHECK CONSTRAINT [FK_Course_Class]
GO
ALTER TABLE [dbo].[Lession]  WITH CHECK ADD  CONSTRAINT [FK_Lession_Module] FOREIGN KEY([module_id])
REFERENCES [dbo].[Module] ([module_id])
GO
ALTER TABLE [dbo].[Lession] CHECK CONSTRAINT [FK_Lession_Module]
GO
ALTER TABLE [dbo].[Lession_Audio]  WITH CHECK ADD  CONSTRAINT [FK_Lession_Audio_Audio] FOREIGN KEY([audio_id])
REFERENCES [dbo].[Audio] ([audio_id])
GO
ALTER TABLE [dbo].[Lession_Audio] CHECK CONSTRAINT [FK_Lession_Audio_Audio]
GO
ALTER TABLE [dbo].[Lession_Audio]  WITH CHECK ADD  CONSTRAINT [FK_Lession_Audio_Lession] FOREIGN KEY([lession_id])
REFERENCES [dbo].[Lession] ([lession_id])
GO
ALTER TABLE [dbo].[Lession_Audio] CHECK CONSTRAINT [FK_Lession_Audio_Lession]
GO
ALTER TABLE [dbo].[Lession_Content]  WITH CHECK ADD  CONSTRAINT [FK_Lession_Reading_Lession] FOREIGN KEY([lession_id])
REFERENCES [dbo].[Lession] ([lession_id])
GO
ALTER TABLE [dbo].[Lession_Content] CHECK CONSTRAINT [FK_Lession_Reading_Lession]
GO
ALTER TABLE [dbo].[Lession_Content]  WITH CHECK ADD  CONSTRAINT [FK_Lession_Reading_Reading] FOREIGN KEY([content_id])
REFERENCES [dbo].[Content] ([content_id])
GO
ALTER TABLE [dbo].[Lession_Content] CHECK CONSTRAINT [FK_Lession_Reading_Reading]
GO
ALTER TABLE [dbo].[Lession_Learn]  WITH CHECK ADD  CONSTRAINT [FK_Lession_Learn_Lession] FOREIGN KEY([lession_id])
REFERENCES [dbo].[Lession] ([lession_id])
GO
ALTER TABLE [dbo].[Lession_Learn] CHECK CONSTRAINT [FK_Lession_Learn_Lession]
GO
ALTER TABLE [dbo].[Lession_Learn]  WITH CHECK ADD  CONSTRAINT [FK_Lession_Learn_User] FOREIGN KEY([user_id])
REFERENCES [dbo].[User] ([user_id])
GO
ALTER TABLE [dbo].[Lession_Learn] CHECK CONSTRAINT [FK_Lession_Learn_User]
GO
ALTER TABLE [dbo].[Lession_MatchGame]  WITH CHECK ADD  CONSTRAINT [FK_Lession_MatchGame_Lession] FOREIGN KEY([lession_id])
REFERENCES [dbo].[Lession] ([lession_id])
GO
ALTER TABLE [dbo].[Lession_MatchGame] CHECK CONSTRAINT [FK_Lession_MatchGame_Lession]
GO
ALTER TABLE [dbo].[Lession_MatchGame]  WITH CHECK ADD  CONSTRAINT [FK_Lession_MatchGame_MatchGame] FOREIGN KEY([match_game_id])
REFERENCES [dbo].[MatchGame] ([match_game_id])
GO
ALTER TABLE [dbo].[Lession_MatchGame] CHECK CONSTRAINT [FK_Lession_MatchGame_MatchGame]
GO
ALTER TABLE [dbo].[Lession_Question]  WITH CHECK ADD  CONSTRAINT [FK_Lession_Question_Question] FOREIGN KEY([question_id])
REFERENCES [dbo].[Question] ([question_id])
GO
ALTER TABLE [dbo].[Lession_Question] CHECK CONSTRAINT [FK_Lession_Question_Question]
GO
ALTER TABLE [dbo].[Lession_Question]  WITH CHECK ADD  CONSTRAINT [FK_Lession_Quiz_Lession] FOREIGN KEY([lession_id])
REFERENCES [dbo].[Lession] ([lession_id])
GO
ALTER TABLE [dbo].[Lession_Question] CHECK CONSTRAINT [FK_Lession_Quiz_Lession]
GO
ALTER TABLE [dbo].[Lession_Video]  WITH CHECK ADD  CONSTRAINT [FK_Lession_Video_Lession] FOREIGN KEY([lession_id])
REFERENCES [dbo].[Lession] ([lession_id])
GO
ALTER TABLE [dbo].[Lession_Video] CHECK CONSTRAINT [FK_Lession_Video_Lession]
GO
ALTER TABLE [dbo].[Lession_Video]  WITH CHECK ADD  CONSTRAINT [FK_Lession_Video_Video] FOREIGN KEY([video_id])
REFERENCES [dbo].[Video] ([video_id])
GO
ALTER TABLE [dbo].[Lession_Video] CHECK CONSTRAINT [FK_Lession_Video_Video]
GO
ALTER TABLE [dbo].[MatchGame]  WITH CHECK ADD  CONSTRAINT [FK_MatchGame_AnsImg] FOREIGN KEY([ans_img_id])
REFERENCES [dbo].[AnsImg] ([ans_img_id])
GO
ALTER TABLE [dbo].[MatchGame] CHECK CONSTRAINT [FK_MatchGame_AnsImg]
GO
ALTER TABLE [dbo].[MatchGame]  WITH CHECK ADD  CONSTRAINT [FK_MatchGame_Img] FOREIGN KEY([img_id])
REFERENCES [dbo].[Img] ([img_id])
GO
ALTER TABLE [dbo].[MatchGame] CHECK CONSTRAINT [FK_MatchGame_Img]
GO
ALTER TABLE [dbo].[Module]  WITH CHECK ADD  CONSTRAINT [FK_Module_Course] FOREIGN KEY([course_id])
REFERENCES [dbo].[Course] ([course_id])
GO
ALTER TABLE [dbo].[Module] CHECK CONSTRAINT [FK_Module_Course]
GO
ALTER TABLE [dbo].[Module_Learn]  WITH CHECK ADD  CONSTRAINT [FK_Module_Learn_Module] FOREIGN KEY([module_id])
REFERENCES [dbo].[Module] ([module_id])
GO
ALTER TABLE [dbo].[Module_Learn] CHECK CONSTRAINT [FK_Module_Learn_Module]
GO
ALTER TABLE [dbo].[Module_Learn]  WITH CHECK ADD  CONSTRAINT [FK_Module_Learn_User] FOREIGN KEY([user_id])
REFERENCES [dbo].[User] ([user_id])
GO
ALTER TABLE [dbo].[Module_Learn] CHECK CONSTRAINT [FK_Module_Learn_User]
GO
ALTER TABLE [dbo].[Role_Account]  WITH CHECK ADD  CONSTRAINT [FK_Role_Account_Account] FOREIGN KEY([username])
REFERENCES [dbo].[Account] ([username])
GO
ALTER TABLE [dbo].[Role_Account] CHECK CONSTRAINT [FK_Role_Account_Account]
GO
ALTER TABLE [dbo].[Role_Account]  WITH CHECK ADD  CONSTRAINT [FK_Role_Account_Role] FOREIGN KEY([role_id])
REFERENCES [dbo].[Role] ([role_id])
GO
ALTER TABLE [dbo].[Role_Account] CHECK CONSTRAINT [FK_Role_Account_Role]
GO
ALTER TABLE [dbo].[Role_Feature]  WITH CHECK ADD  CONSTRAINT [FK_Role_Feature_Feature] FOREIGN KEY([fe_id])
REFERENCES [dbo].[Feature] ([fe_id])
GO
ALTER TABLE [dbo].[Role_Feature] CHECK CONSTRAINT [FK_Role_Feature_Feature]
GO
ALTER TABLE [dbo].[Role_Feature]  WITH CHECK ADD  CONSTRAINT [FK_Role_Feature_Role] FOREIGN KEY([role_id])
REFERENCES [dbo].[Role] ([role_id])
GO
ALTER TABLE [dbo].[Role_Feature] CHECK CONSTRAINT [FK_Role_Feature_Role]
GO
ALTER TABLE [dbo].[User]  WITH CHECK ADD  CONSTRAINT [FK_User_Account] FOREIGN KEY([username])
REFERENCES [dbo].[Account] ([username])
GO
ALTER TABLE [dbo].[User] CHECK CONSTRAINT [FK_User_Account]
GO
ALTER TABLE [dbo].[User_Class]  WITH CHECK ADD  CONSTRAINT [FK_User_Class_Class] FOREIGN KEY([class_id])
REFERENCES [dbo].[Class] ([class_id])
GO
ALTER TABLE [dbo].[User_Class] CHECK CONSTRAINT [FK_User_Class_Class]
GO
ALTER TABLE [dbo].[User_Class]  WITH CHECK ADD  CONSTRAINT [FK_User_Class_User] FOREIGN KEY([user_id])
REFERENCES [dbo].[User] ([user_id])
GO
ALTER TABLE [dbo].[User_Class] CHECK CONSTRAINT [FK_User_Class_User]
GO
USE [master]
GO
ALTER DATABASE [demo_OnlineLearning] SET  READ_WRITE 
GO
